ParsedDate,States,Regions,Actual,Predicted,Absolute_Error,Percentage_Error
2020-02-28,Andhra Pradesh,SR,199.1,200.42386,1.3238586425781307,0.6649214678945911
2020-02-29,Andhra Pradesh,SR,194.3,196.79683,2.496829223632801,1.2850382005315497
2020-03-01,Andhra Pradesh,SR,161.9,188.74644,26.846444702148432,16.582115319424602
2020-03-02,Andhra Pradesh,SR,161.3,161.26474,0.03526000976563637,0.021859894461026885
2020-03-03,Andhra Pradesh,SR,166.8,162.08751,4.712490844726574,2.82523431938044
2020-03-04,Andhra Pradesh,SR,168.6,167.33148,1.2685180664062443,0.7523831947842494
2020-03-05,Andhra Pradesh,SR,171.5,170.20384,1.2961578369140625,0.7557771643813775
2020-03-13,Andhra Pradesh,SR,171.3,168.18886,3.111141967773449,1.816194960755078
2020-03-14,Andhra Pradesh,SR,170.8,169.2963,1.5037048339843864,0.880389247063458
2020-03-15,Andhra Pradesh,SR,169.3,172.65834,3.358340454101551,1.9836624064391912
2020-03-16,Andhra Pradesh,SR,179.4,172.12547,7.274526977539068,4.054920277335043
2020-03-17,Andhra Pradesh,SR,175.1,178.85132,3.7513183593750057,2.1423862703455203
2020-03-18,Andhra Pradesh,SR,182.5,172.89977,9.600234985351562,5.260402731699487
2020-03-19,Andhra Pradesh,SR,188.4,180.91537,7.484625244140631,3.9727310213060667
2020-03-20,Andhra Pradesh,SR,185.9,184.78531,1.1146911621093807,0.5996186993595377
2020-03-21,Andhra Pradesh,SR,187.1,184.91809,2.1819091796874943,1.1661727309927816
2020-03-22,Andhra Pradesh,SR,162.0,185.56854,23.56854248046875,14.54848301263503
2020-03-23,Andhra Pradesh,SR,164.1,163.31815,0.7818542480468693,0.4764498769328881
2020-03-24,Andhra Pradesh,SR,160.3,164.69145,4.391452026367176,2.739520914764302
2020-03-25,Andhra Pradesh,SR,155.6,159.49867,3.898672485351568,2.5055735767040925
2020-03-26,Andhra Pradesh,SR,130.6,153.4702,22.870199584960943,17.511638273323847
2020-03-27,Andhra Pradesh,SR,139.7,135.47769,4.222308349609364,3.0224111307153643
2020-03-28,Andhra Pradesh,SR,148.7,153.27066,4.570660400390636,3.0737460661672067
2020-03-29,Andhra Pradesh,SR,164.0,165.09253,1.092529296875,0.6661764005335366
2020-03-30,Andhra Pradesh,SR,167.9,163.2343,4.665701293945318,2.7788572328441443
2020-03-31,Andhra Pradesh,SR,173.5,172.32126,1.178741455078125,0.679389887653098
2020-04-01,Andhra Pradesh,SR,173.5,172.60793,0.8920745849609375,0.514164025914085
2020-04-02,Andhra Pradesh,SR,171.0,173.10947,2.109466552734375,1.2336061711896928
2020-04-03,Andhra Pradesh,SR,164.9,171.38235,6.482354736328119,3.9310823143287563
2020-04-04,Andhra Pradesh,SR,165.1,164.4252,0.6747985839843693,0.4087211290032522
2020-04-05,Andhra Pradesh,SR,190.0,166.73776,23.262237548828125,12.243282920435854
2020-04-13,Andhra Pradesh,SR,192.6,187.8223,4.777703857421869,2.4806354399905866
2020-04-14,Andhra Pradesh,SR,193.0,188.34692,4.653076171875,2.4109202963082903
2020-04-15,Andhra Pradesh,SR,201.0,187.8105,13.189498901367188,6.561939751923974
2020-04-16,Andhra Pradesh,SR,199.4,202.53488,3.1348815917968693,1.5721572677015392
2020-04-17,Andhra Pradesh,SR,197.4,195.98358,1.4164184570312557,0.7175372122752055
2020-04-18,Andhra Pradesh,SR,195.0,196.14159,1.1415863037109375,0.5854288736979167
2020-04-19,Andhra Pradesh,SR,164.0,191.72188,27.721878051757812,16.903584177901106
2020-04-20,Andhra Pradesh,SR,166.7,165.25465,1.4453460693359261,0.8670342347546048
2020-04-21,Andhra Pradesh,SR,165.9,168.19093,2.290933227539057,1.380912132332162
2020-04-22,Andhra Pradesh,SR,169.2,168.11678,1.0832244873046761,0.6402035976977992
2020-04-23,Andhra Pradesh,SR,172.9,170.98914,1.9108642578125057,1.1051846488215764
2020-04-24,Andhra Pradesh,SR,172.6,172.8274,0.22739257812500568,0.13174541026941233
2020-04-25,Andhra Pradesh,SR,167.2,173.72255,6.522549438476574,3.901046314878334
2020-04-26,Andhra Pradesh,SR,174.6,170.35336,4.246636962890619,2.4322090280015
2020-04-27,Andhra Pradesh,SR,183.4,173.95811,9.441885375976568,5.148247206094093
2020-04-28,Andhra Pradesh,SR,193.4,182.19067,11.209326171875006,5.795928734164946
2020-04-29,Andhra Pradesh,SR,184.1,190.83362,6.733618164062506,3.6575872699959295
2020-04-30,Andhra Pradesh,SR,187.5,181.64108,5.858917236328125,3.124755859375
2020-05-01,Andhra Pradesh,SR,187.2,185.15479,2.0452148437499886,1.092529296874994
2020-05-02,Andhra Pradesh,SR,189.7,185.1259,4.574099731445301,2.4112281135715876
2020-05-03,Andhra Pradesh,SR,163.9,186.13002,22.230020141601557,13.563160550092467
2020-05-04,Andhra Pradesh,SR,167.5,164.61021,2.8897857666015625,1.7252452337919777
2020-05-05,Andhra Pradesh,SR,170.6,170.23784,0.3621612548828068,0.21228678480821034
2020-05-13,Andhra Pradesh,SR,171.9,174.38895,2.4889465332031193,1.4479037424101915
2020-05-14,Andhra Pradesh,SR,171.7,174.38895,2.6889465332031364,1.5660725295300735
2020-05-15,Andhra Pradesh,SR,174.8,173.6289,1.1710937500000114,0.6699620995423405
2020-05-16,Andhra Pradesh,SR,177.3,174.06076,3.2392395019531364,1.8269822346041378
2020-05-17,Andhra Pradesh,SR,184.4,177.85951,6.540487670898443,3.546902207645576
2020-05-18,Andhra Pradesh,SR,180.6,185.01521,4.415213012695318,2.4447469616253144
2020-05-19,Andhra Pradesh,SR,184.6,180.78897,3.8110290527343693,2.064479443518077
2020-05-20,Andhra Pradesh,SR,189.5,188.18498,1.3150177001953125,0.6939407388893469
2020-05-21,Andhra Pradesh,SR,188.1,188.31776,0.21776428222656818,0.11577048496893577
2020-05-22,Andhra Pradesh,SR,187.4,187.66435,0.2643524169921818,0.14106318943019308
2020-05-23,Andhra Pradesh,SR,180.5,187.1076,6.60760498046875,3.6607229808691133
2020-06-01,Andhra Pradesh,SR,151.6,180.69221,29.092214965820318,19.190115412810236
2020-06-02,Andhra Pradesh,SR,152.6,155.59561,2.9956115722656307,1.9630482124938602
2020-06-03,Andhra Pradesh,SR,153.2,156.08315,2.883145141601574,1.8819485258495916
2020-06-04,Andhra Pradesh,SR,156.4,155.70393,0.6960662841796932,0.44505516891284724
2020-06-05,Andhra Pradesh,SR,156.0,154.87204,1.127960205078125,0.7230514135116186
2020-07-01,Andhra Pradesh,SR,155.0,156.35783,1.3578338623046875,0.8760218466481855
2020-07-02,Andhra Pradesh,SR,150.3,157.8598,7.559802246093739,5.029808546968555
2020-07-03,Andhra Pradesh,SR,157.2,159.33073,2.130734252929699,1.3554289140774167
2020-07-04,Andhra Pradesh,SR,153.6,166.08006,12.480062866210943,8.12504092852275
2020-07-05,Andhra Pradesh,SR,159.4,162.19469,2.794686889648432,1.753254008562379
2020-08-01,Andhra Pradesh,SR,163.6,163.72934,0.12933959960938068,0.07905843496905911
2020-08-02,Andhra Pradesh,SR,167.9,166.43527,1.4647277832031307,0.8723810501507627
2020-08-03,Andhra Pradesh,SR,169.6,176.45319,6.853186035156256,4.040793652804396
2020-08-04,Andhra Pradesh,SR,169.7,171.53847,1.8384674072265739,1.0833632334864902
2020-08-05,Andhra Pradesh,SR,195.3,176.44844,18.8515594482422,9.652616204937122
2020-09-01,Andhra Pradesh,SR,195.9,191.35097,4.549032592773443,2.322119751288128
2020-09-02,Andhra Pradesh,SR,201.2,191.4592,9.740802001953114,4.84135288367451
2020-09-03,Andhra Pradesh,SR,199.5,201.25635,1.75634765625,0.8803747650375939
2020-09-04,Andhra Pradesh,SR,194.7,195.48592,0.7859161376953239,0.4036549243427447
2020-09-05,Andhra Pradesh,SR,185.7,190.34991,4.649914550781261,2.503992757555876
2020-10-01,Andhra Pradesh,SR,182.4,185.2605,2.8604980468749943,1.5682555081551501
2020-10-02,Andhra Pradesh,SR,169.9,179.5164,9.616403198242182,5.660037197317353
2020-10-03,Andhra Pradesh,SR,171.9,169.77565,2.124349975585943,1.2358056867864706
2020-10-04,Andhra Pradesh,SR,171.4,170.70132,0.6986755371093807,0.40762866809182063
2020-10-05,Andhra Pradesh,SR,179.4,172.16881,7.231192016601568,4.030764780714363
2020-11-01,Andhra Pradesh,SR,169.3,173.2302,3.9301940917968636,2.321437738804999
2020-11-02,Andhra Pradesh,SR,179.4,171.60184,7.798162841796881,4.3468020299871135
2020-11-03,Andhra Pradesh,SR,175.1,179.17836,4.078359985351568,2.329160471360119
2020-11-04,Andhra Pradesh,SR,195.1,173.17339,21.926614379882807,11.238654218289497
2020-11-05,Andhra Pradesh,SR,195.8,189.49376,6.306240844726574,3.220756304763316
2020-12-01,Andhra Pradesh,SR,196.5,191.384,5.115997314453125,2.6035609742763994
2020-12-02,Andhra Pradesh,SR,197.6,190.95937,6.640634155273432,3.3606448154217774
2020-12-03,Andhra Pradesh,SR,197.3,195.27435,2.0256469726562614,1.0266837165008929
2020-12-04,Andhra Pradesh,SR,186.1,194.90167,8.801672363281256,4.7295391527572574
2020-12-05,Andhra Pradesh,SR,181.9,185.34634,3.4463439941406193,1.8946366103027044
2020-02-28,Arunachal Pradesh,NER,2.2,1.5760348,0.6239652156829836,28.362055258317433
2020-02-29,Arunachal Pradesh,NER,1.8,2.8717706,1.0717706203460693,59.542812241448296
2020-03-01,Arunachal Pradesh,NER,2.1,2.2280886,0.128088617324829,6.099457967849
2020-03-02,Arunachal Pradesh,NER,2.2,2.441887,0.24188690185546857,10.994859175248571
2020-03-03,Arunachal Pradesh,NER,2.1,2.5844107,0.4844106674194335,23.067174639020642
2020-03-04,Arunachal Pradesh,NER,2.2,2.4657013,0.26570134162902814,12.07733371041037
2020-03-05,Arunachal Pradesh,NER,2.2,2.510255,0.31025509834289533,14.102504470131604
2020-03-13,Arunachal Pradesh,NER,2.4,1.5920355,0.8079644680023192,33.665186166763306
2020-03-14,Arunachal Pradesh,NER,2.3,1.7439182,0.5560818195343016,24.177470414534852
2020-03-15,Arunachal Pradesh,NER,2.2,2.195063,0.004936885833740412,0.22440390153365508
2020-03-16,Arunachal Pradesh,NER,2.1,2.8313274,0.7313274383544921,34.82511611211867
2020-03-17,Arunachal Pradesh,NER,2.2,2.3253336,0.12533359527587873,5.696981603449033
2020-03-18,Arunachal Pradesh,NER,2.5,2.2923756,0.2076244354248047,8.304977416992188
2020-03-19,Arunachal Pradesh,NER,2.3,2.4288077,0.1288077354431154,5.600336323613714
2020-03-20,Arunachal Pradesh,NER,2.2,2.17246,0.027539920806884943,1.2518145821311337
2020-03-21,Arunachal Pradesh,NER,2.3,2.1526046,0.1473954200744627,6.4084965249766395
2020-03-22,Arunachal Pradesh,NER,1.5,2.4401817,0.9401817321777344,62.67878214518229
2020-03-23,Arunachal Pradesh,NER,1.5,2.0967047,0.5967047214508057,39.78031476338704
2020-03-24,Arunachal Pradesh,NER,1.5,1.8445562,0.34455621242523193,22.97041416168213
2020-03-25,Arunachal Pradesh,NER,2.1,1.7704005,0.3295994758605958,15.695213136218847
2020-03-26,Arunachal Pradesh,NER,2.0,1.9278506,0.07214939594268799,3.6074697971343994
2020-03-27,Arunachal Pradesh,NER,1.4,2.0600836,0.6600836277008058,47.14883055005756
2020-03-28,Arunachal Pradesh,NER,1.7,3.030279,1.3302789211273194,78.2517012427835
2020-03-29,Arunachal Pradesh,NER,2.1,4.596586,2.496586227416992,118.88505844842818
2020-03-30,Arunachal Pradesh,NER,2.0,1.4662185,0.5337815284729004,26.68907642364502
2020-03-31,Arunachal Pradesh,NER,2.2,4.443447,2.243447113037109,101.97486877441403
2020-04-01,Arunachal Pradesh,NER,2.0,2.34241,0.3424100875854492,17.12050437927246
2020-04-02,Arunachal Pradesh,NER,2.1,2.3358023,0.23580231666564933,11.2286817459833
2020-04-03,Arunachal Pradesh,NER,2.0,2.318011,0.3180110454559326,15.90055227279663
2020-04-04,Arunachal Pradesh,NER,2.0,2.318011,0.3180110454559326,15.90055227279663
2020-04-05,Arunachal Pradesh,NER,2.2,2.305961,0.10596089363098127,4.816404255953693
2020-04-13,Arunachal Pradesh,NER,2.3,2.3805125,0.0805124759674074,3.5005424333655397
2020-04-14,Arunachal Pradesh,NER,2.2,2.3805125,0.18051247596740705,8.205112543973048
2020-04-15,Arunachal Pradesh,NER,2.4,2.0054333,0.3945666790008544,16.440278291702267
2020-04-16,Arunachal Pradesh,NER,2.4,2.2848487,0.11515130996704093,4.797971248626705
2020-04-17,Arunachal Pradesh,NER,2.3,2.323067,0.02306694984436053,1.002910862798284
2020-04-18,Arunachal Pradesh,NER,2.4,2.2887702,0.11122980117797843,4.634575049082434
2020-04-19,Arunachal Pradesh,NER,2.2,2.5874324,0.3874323844909666,17.61056293140757
2020-04-20,Arunachal Pradesh,NER,2.3,2.4828413,0.18284125328063983,7.9496197078539055
2020-04-21,Arunachal Pradesh,NER,2.2,2.4629858,0.26298575401306135,11.953897909684606
2020-04-22,Arunachal Pradesh,NER,2.2,2.3888302,0.18883018493652326,8.58319022438742
2020-04-23,Arunachal Pradesh,NER,2.3,2.3888302,0.08883018493652362,3.8621819537618967
2020-04-24,Arunachal Pradesh,NER,2.1,2.2689147,0.16891469955444327,8.043557121640156
2020-04-25,Arunachal Pradesh,NER,2.0,2.224361,0.22436094284057617,11.218047142028809
2020-04-26,Arunachal Pradesh,NER,2.2,2.463971,0.263970899581909,11.998677253723136
2020-04-27,Arunachal Pradesh,NER,2.2,2.239598,0.03959803581237775,1.7999107187444432
2020-04-28,Arunachal Pradesh,NER,2.1,2.2124918,0.112491750717163,5.356750034150619
2020-04-29,Arunachal Pradesh,NER,2.1,2.1978064,0.09780635833740225,4.657445635114392
2020-04-30,Arunachal Pradesh,NER,2.0,1.5315676,0.4684324264526367,23.421621322631836
2020-05-01,Arunachal Pradesh,NER,2.0,2.3702736,0.3702735900878906,18.51367950439453
2020-05-02,Arunachal Pradesh,NER,2.2,2.4082196,0.20821957588195783,9.464526176452628
2020-05-03,Arunachal Pradesh,NER,1.3,2.4407232,1.140723180770874,87.74793698237492
2020-05-04,Arunachal Pradesh,NER,1.4,2.172106,0.7721060276031495,55.15043054308211
2020-05-05,Arunachal Pradesh,NER,1.3,1.9792161,0.6792160987854003,52.247392214261566
2020-05-13,Arunachal Pradesh,NER,1.8,1.7486606,0.05133943557739262,2.852190865410701
2020-05-14,Arunachal Pradesh,NER,1.9,1.9752939,0.07529387474060067,3.962835512663194
2020-05-15,Arunachal Pradesh,NER,1.7,1.7403039,0.04030387401580815,2.37081611857695
2020-05-16,Arunachal Pradesh,NER,1.8,1.9237686,0.12376863956451412,6.876035531361895
2020-05-17,Arunachal Pradesh,NER,2.2,2.76541,0.5654099464416502,25.700452110984102
2020-05-18,Arunachal Pradesh,NER,2.2,2.319766,0.11976604461669904,5.443911118940865
2020-05-19,Arunachal Pradesh,NER,2.3,2.4177356,0.11773557662963885,5.118938114332124
2020-05-20,Arunachal Pradesh,NER,2.3,2.34358,0.043580007553100764,1.8947829370913376
2020-05-21,Arunachal Pradesh,NER,2.2,2.3237245,0.12372450828552228,5.623841285705558
2020-05-22,Arunachal Pradesh,NER,2.0,2.1787062,0.17870616912841797,8.935308456420898
2020-05-23,Arunachal Pradesh,NER,2.7,2.1341524,0.5658475875854494,20.957318058720347
2020-06-01,Arunachal Pradesh,NER,2.3,3.7267594,1.426759433746338,62.03301885853644
2020-06-02,Arunachal Pradesh,NER,2.3,2.4304695,0.1304695129394533,5.672587519106666
2020-06-03,Arunachal Pradesh,NER,2.1,2.4465225,0.34652247428894034,16.501070204235255
2020-06-04,Arunachal Pradesh,NER,2.1,2.4019687,0.30196871757507315,14.37946274167015
2020-06-05,Arunachal Pradesh,NER,2.2,2.1107433,0.08925671577453631,4.057123444297105
2020-07-01,Arunachal Pradesh,NER,2.3,2.5003498,0.20034976005554217,8.710859132849661
2020-07-02,Arunachal Pradesh,NER,2.1,2.5382957,0.4382957458496093,20.871225992838536
2020-07-03,Arunachal Pradesh,NER,2.5,2.2025166,0.2974834442138672,11.899337768554688
2020-07-04,Arunachal Pradesh,NER,2.4,2.3835025,0.01649751663207999,0.6873965263366663
2020-07-05,Arunachal Pradesh,NER,2.2,2.2780108,0.078010845184326,3.545947508378454
2020-08-01,Arunachal Pradesh,NER,2.4,2.4393957,0.03939566612243661,1.641486088434859
2020-08-02,Arunachal Pradesh,NER,2.3,2.5082822,0.20828218460083026,9.055747156557837
2020-08-03,Arunachal Pradesh,NER,2.3,2.5717132,0.27171320915222186,11.813617789227038
2020-08-04,Arunachal Pradesh,NER,2.1,2.5717132,0.4717132091522216,22.46253376915341
2020-08-05,Arunachal Pradesh,NER,2.1,2.453004,0.3530038833618163,16.809708731515062
2020-09-01,Arunachal Pradesh,NER,2.2,2.4892135,0.28921346664428693,13.146066665649405
2020-09-02,Arunachal Pradesh,NER,2.1,2.4975576,0.3975576400756835,18.931316194080168
2020-09-03,Arunachal Pradesh,NER,2.1,2.453004,0.3530038833618163,16.809708731515062
2020-09-04,Arunachal Pradesh,NER,2.2,2.432788,0.23278789520263654,10.581267963756206
2020-09-05,Arunachal Pradesh,NER,2.3,2.4773417,0.17734165191650408,7.710506605065396
2020-10-01,Arunachal Pradesh,NER,2.3,2.2798762,0.020123767852783025,0.8749464283818706
2020-10-02,Arunachal Pradesh,NER,2.3,2.2976062,0.00239377021789533,0.10407696599544915
2020-10-03,Arunachal Pradesh,NER,2.2,2.2976062,0.09760622978210431,4.436646808277469
2020-10-04,Arunachal Pradesh,NER,2.2,2.2976062,0.09760622978210431,4.436646808277469
2020-10-05,Arunachal Pradesh,NER,2.4,2.3919778,0.008022212982177646,0.3342588742574019
2020-11-01,Arunachal Pradesh,NER,2.2,1.248255,0.9517449855804445,43.26113570820202
2020-11-02,Arunachal Pradesh,NER,2.1,2.1023564,0.0023564338684081143,0.11221113659086257
2020-11-03,Arunachal Pradesh,NER,2.2,2.0578027,0.14219732284545916,6.463514674793598
2020-11-04,Arunachal Pradesh,NER,2.0,2.0282009,0.028200864791870117,1.4100432395935059
2020-11-05,Arunachal Pradesh,NER,2.0,1.9836471,0.01635289192199707,0.8176445960998535
2020-12-01,Arunachal Pradesh,NER,2.1,2.1950161,0.09501614570617667,4.524578366960793
2020-12-02,Arunachal Pradesh,NER,2.1,2.1588066,0.058806562423705966,2.8003124963669506
2020-12-03,Arunachal Pradesh,NER,2.1,2.407961,0.3079608917236327,14.664804367792033
2020-12-04,Arunachal Pradesh,NER,2.0,2.387745,0.3877449035644531,19.387245178222656
2020-12-05,Arunachal Pradesh,NER,2.1,2.387745,0.28774490356445304,13.702138264973954
2020-02-28,Assam,NER,24.4,22.803263,1.5967372894287095,6.544005284543891
2020-02-29,Assam,NER,23.3,24.60682,1.3068191528320305,5.608665891982963
2020-03-01,Assam,NER,22.6,23.59094,0.9909404754638658,4.38469236930914
2020-03-02,Assam,NER,22.4,23.708376,1.3083759307861342,5.840963976723814
2020-03-03,Assam,NER,22.0,23.708376,1.7083759307861328,7.765345139936968
2020-03-04,Assam,NER,23.0,22.944649,0.05535125732421875,0.2406576405400815
2020-03-05,Assam,NER,22.4,23.67122,1.2712207794189467,5.675092765263155
2020-03-13,Assam,NER,23.1,22.394335,0.7056652069091811,3.0548277355375806
2020-03-14,Assam,NER,21.6,22.500881,0.900881195068358,4.17074627346462
2020-03-15,Assam,NER,34.0,22.17176,11.828239440917969,34.78893953211168
2020-03-16,Assam,NER,30.9,33.87674,2.9767395019531264,9.63346117136934
2020-03-17,Assam,NER,26.8,29.804493,3.0044929504394524,11.210794591191986
2020-03-18,Assam,NER,27.6,25.887344,1.712655639648439,6.205274056697243
2020-03-19,Assam,NER,28.7,26.836634,1.8633663177490227,6.492565567069766
2020-03-20,Assam,NER,27.1,27.015184,0.08481559753418111,0.31297268462797456
2020-03-21,Assam,NER,27.2,26.233776,0.9662239074707024,3.5522937774658176
2020-03-22,Assam,NER,19.1,26.497633,7.397632980346678,38.731062724328154
2020-03-23,Assam,NER,20.4,21.174578,0.7745777130126967,3.7969495735916508
2020-03-24,Assam,NER,20.3,20.944933,0.6449329376220696,3.177009544936303
2020-03-25,Assam,NER,20.1,21.2908,1.1908000946044908,5.924378580121844
2020-03-26,Assam,NER,18.2,21.016949,2.8169486999511726,15.477740109621829
2020-03-27,Assam,NER,12.2,19.013634,6.8136337280273445,55.84945678710939
2020-03-28,Assam,NER,17.5,19.262217,1.762216567993164,10.069808959960938
2020-03-29,Assam,NER,24.3,22.235628,2.064371871948243,8.495357497729394
2020-03-30,Assam,NER,25.4,23.23727,2.162729644775389,8.51468364084799
2020-03-31,Assam,NER,24.5,27.349482,2.8494815826416016,11.630537072006538
2020-04-01,Assam,NER,24.9,25.572168,0.672168350219728,2.699471286023004
2020-04-02,Assam,NER,24.8,25.218472,0.41847152709960866,1.687385189917777
2020-04-03,Assam,NER,24.2,25.235394,1.0353935241699226,4.2784856370657955
2020-04-04,Assam,NER,22.5,24.42875,1.9287490844726562,8.572218153211805
2020-04-05,Assam,NER,23.6,23.423172,0.17682800292968892,0.749271198854614
2020-04-13,Assam,NER,21.5,23.827986,2.3279857635498047,10.827840760696766
2020-04-14,Assam,NER,21.1,22.796598,1.6965984344482408,8.040750874162278
2020-04-15,Assam,NER,22.4,22.388521,0.011478805541990766,0.051244667598173074
2020-04-16,Assam,NER,22.8,23.293571,0.49357147216796804,2.1647871586314387
2020-04-17,Assam,NER,22.5,23.241581,0.7415809631347656,3.295915391710069
2020-04-18,Assam,NER,22.5,23.271221,0.7712211608886719,3.4276496039496527
2020-04-19,Assam,NER,23.6,23.505945,0.09405479431152486,0.398537264031885
2020-04-20,Assam,NER,23.4,23.840105,0.44010505676269673,1.8807908408662255
2020-04-21,Assam,NER,23.7,23.55554,0.1444599151611321,0.6095355070089963
2020-04-22,Assam,NER,23.9,23.727695,0.17230453491210795,0.7209394766196986
2020-04-23,Assam,NER,23.6,23.982365,0.3823646545410142,1.62018921415684
2020-04-24,Assam,NER,23.2,23.60778,0.40778045654296946,1.7576743816507305
2020-04-25,Assam,NER,22.1,23.269968,1.1699680328369126,5.2939729992620475
2020-04-26,Assam,NER,28.3,22.783005,5.516995239257813,19.494682824232555
2020-04-27,Assam,NER,26.6,26.991716,0.3917163848876939,1.472617988299601
2020-04-28,Assam,NER,29.9,25.593014,4.306986236572264,14.404636242716604
2020-04-29,Assam,NER,31.2,28.766815,2.4331848144531243,7.798669277093347
2020-04-30,Assam,NER,30.3,29.86174,0.4382598876953132,1.4464022696214958
2020-05-01,Assam,NER,31.1,29.853573,1.246427154541017,4.0078043554373535
2020-05-02,Assam,NER,29.3,30.772196,1.4721958160400384,5.024559099112759
2020-05-03,Assam,NER,21.4,27.876642,6.476642227172853,30.264683304546043
2020-05-04,Assam,NER,24.6,23.235844,1.3641563415527358,5.54535098192169
2020-05-05,Assam,NER,22.8,24.735239,1.9352390289306634,8.487890477766067
2020-05-13,Assam,NER,21.9,23.645119,1.7451187133789077,7.968578599903689
2020-05-14,Assam,NER,21.8,22.988544,1.1885444641113274,5.452038826198749
2020-05-15,Assam,NER,23.0,22.252802,0.7471981048583984,3.248687412427819
2020-05-16,Assam,NER,25.0,23.22785,1.7721500396728516,7.088600158691406
2020-05-17,Assam,NER,22.4,25.54946,3.1494594573974624,14.06008686338153
2020-05-18,Assam,NER,22.3,23.490396,1.1903964996337884,5.338100895218782
2020-05-19,Assam,NER,22.7,23.4574,0.7573993682861335,3.3365610937715133
2020-05-20,Assam,NER,22.8,23.383244,0.5832435607910149,2.558085792943048
2020-05-21,Assam,NER,23.9,23.396385,0.5036148071289048,2.1071749252255434
2020-05-22,Assam,NER,23.0,23.913843,0.9138431549072266,3.9732311082922895
2020-05-23,Assam,NER,20.9,23.321363,2.421363449096681,11.58547104830948
2020-06-01,Assam,NER,23.4,23.01463,0.3853706359863267,1.646883059770627
2020-06-02,Assam,NER,22.0,23.580236,1.5802364349365234,7.1828928860751065
2020-06-03,Assam,NER,22.2,22.7724,0.5723999023437507,2.5783779384853633
2020-06-04,Assam,NER,21.5,23.395977,1.8959770202636719,8.81849776866824
2020-06-05,Assam,NER,22.6,22.448175,0.15182456970214986,0.6717901314254417
2020-07-01,Assam,NER,21.5,23.449802,1.9498023986816406,9.068848365961118
2020-07-02,Assam,NER,21.1,22.864172,1.764171981811522,8.361004653135176
2020-07-03,Assam,NER,35.5,22.539948,12.960052490234375,36.50719011333627
2020-07-04,Assam,NER,36.1,33.357437,2.742562866210939,7.597127053215896
2020-07-05,Assam,NER,34.0,34.932373,0.932373046875,2.7422736672794117
2020-08-01,Assam,NER,33.3,33.678272,0.37827224731445597,1.1359526946380059
2020-08-02,Assam,NER,35.2,31.924847,3.275153350830081,9.304412928494548
2020-08-03,Assam,NER,36.0,33.82949,2.1705093383789062,6.029192606608072
2020-08-04,Assam,NER,33.3,33.77588,0.47587890625000284,1.4290657845345434
2020-08-05,Assam,NER,22.5,31.52522,9.02522087097168,40.11209275987413
2020-09-01,Assam,NER,20.3,24.376204,4.076203536987304,20.0798203792478
2020-09-02,Assam,NER,21.3,21.005865,0.2941349029541023,1.380915037343203
2020-09-03,Assam,NER,22.5,22.026846,0.47315406799316406,2.1029069688585067
2020-09-04,Assam,NER,22.5,22.631098,0.13109779357910156,0.5826568603515625
2020-09-05,Assam,NER,22.2,22.631098,0.4310977935791023,1.9418819530590194
2020-10-01,Assam,NER,21.0,23.198736,2.1987361907958984,10.470172337123326
2020-10-02,Assam,NER,33.0,22.590483,10.409517288208008,31.54399178244851
2020-10-03,Assam,NER,31.7,31.352154,0.3478462219238274,1.0973066937660172
2020-10-04,Assam,NER,30.9,30.448097,0.45190277099609233,1.4624685145504608
2020-10-05,Assam,NER,35.0,29.531565,5.468435287475586,15.624100821358816
2020-11-01,Assam,NER,34.0,32.096226,1.9037742614746094,5.5993360631606155
2020-11-02,Assam,NER,30.9,33.042076,2.142076110839845,6.932285148349014
2020-11-03,Assam,NER,26.8,29.337458,2.537457656860351,9.468125585299816
2020-11-04,Assam,NER,18.0,25.667368,7.667367935180664,42.59648852878147
2020-11-05,Assam,NER,19.8,19.512281,0.287718582153321,1.4531241522895
2020-12-01,Assam,NER,20.4,20.439445,0.03944549560547017,0.19336027257583419
2020-12-02,Assam,NER,23.3,20.765284,2.534716415405274,10.878611224915339
2020-12-03,Assam,NER,21.7,22.94301,1.243010330200196,5.728158203687539
2020-12-04,Assam,NER,24.2,22.824776,1.375224304199218,5.682745058674455
2020-12-05,Assam,NER,20.3,24.11083,3.8108303070068352,18.77256308870362
2020-02-28,Bihar,ER,106.1,102.07042,4.029580688476557,3.797908283201279
2020-02-29,Bihar,ER,105.7,106.005264,0.30526428222655966,0.288802537584257
2020-03-01,Bihar,ER,80.1,101.35136,21.251356506347662,26.531031843130666
2020-03-02,Bihar,ER,79.7,79.894066,0.1940658569335909,0.2434954290258355
2020-03-03,Bihar,ER,79.5,79.679405,0.17940521240234375,0.22566693383942613
2020-03-04,Bihar,ER,70.5,80.947395,10.447395324707031,14.81900046057735
2020-03-05,Bihar,ER,80.2,73.18122,7.018778991699222,8.751594752742172
2020-03-13,Bihar,ER,79.9,76.62172,3.278280639648443,4.1029795239655105
2020-03-14,Bihar,ER,82.1,78.27793,3.822068786621088,4.655382200512896
2020-03-15,Bihar,ER,107.8,82.011215,25.78878479003906,23.92280592768002
2020-03-16,Bihar,ER,101.6,102.30218,0.7021774291992244,0.6911195169283705
2020-03-17,Bihar,ER,83.7,97.77398,14.073979187011716,16.81478994864004
2020-03-18,Bihar,ER,78.9,81.54093,2.6409317016601506,3.347188468517301
2020-03-19,Bihar,ER,69.9,78.53677,8.63677368164062,12.355899401488726
2020-03-20,Bihar,ER,76.5,71.599106,4.9008941650390625,6.406397601358252
2020-03-21,Bihar,ER,59.2,76.37979,17.179791259765622,29.01991766852301
2020-03-22,Bihar,ER,74.6,62.841167,11.758832550048822,15.762510120708878
2020-03-23,Bihar,ER,73.4,74.39649,0.9964920043945256,1.3576185345974463
2020-03-24,Bihar,ER,76.5,74.9797,1.5203018188476562,1.9873226390165442
2020-03-25,Bihar,ER,79.1,76.853096,2.246903991699213,2.840586588747425
2020-03-26,Bihar,ER,82.8,77.896866,4.903134155273435,5.9216596078181585
2020-03-27,Bihar,ER,83.2,80.89587,2.304133605957034,2.769391353313743
2020-03-28,Bihar,ER,84.4,86.779755,2.3797546386718693,2.8196145007960536
2020-03-29,Bihar,ER,79.4,91.48717,12.087167358398432,15.223132693197016
2020-03-30,Bihar,ER,75.1,80.00319,4.903189086914068,6.528880275518068
2020-03-31,Bihar,ER,74.0,79.86731,5.8673095703125,7.928796716638513
2020-04-01,Bihar,ER,74.4,76.65198,2.2519775390624943,3.026851530997976
2020-04-02,Bihar,ER,74.6,75.69606,1.0960601806640682,1.4692495719357483
2020-04-03,Bihar,ER,75.7,75.71298,0.012982177734372158,0.01714950823563033
2020-04-04,Bihar,ER,75.8,77.66053,1.860530090332034,2.4545251851346097
2020-04-05,Bihar,ER,67.6,78.12823,10.528227233886724,15.57430064184427
2020-04-13,Bihar,ER,71.9,70.60248,1.2975219726562557,1.804620267950286
2020-04-14,Bihar,ER,71.4,73.08769,1.6876922607421818,2.363714650899414
2020-04-15,Bihar,ER,73.1,72.841064,0.2589355468749943,0.3542209943570374
2020-04-16,Bihar,ER,71.7,75.53938,3.8393829345703097,5.354787914324002
2020-04-17,Bihar,ER,70.8,72.78491,1.9849121093750028,2.8035481770833375
2020-04-18,Bihar,ER,73.3,72.64101,0.6589935302734347,0.8990361940974553
2020-04-19,Bihar,ER,73.5,76.10628,2.6062774658203125,3.545955735809949
2020-04-20,Bihar,ER,74.3,77.29883,2.998828125000003,4.036107839838497
2020-04-21,Bihar,ER,75.0,76.20294,1.20294189453125,1.6039225260416667
2020-04-22,Bihar,ER,73.4,77.33932,3.939317321777338,5.366917332121714
2020-04-23,Bihar,ER,55.7,76.12879,20.42879180908203,36.6764664435943
2020-04-24,Bihar,ER,55.0,66.012436,11.012435913085938,20.022610751065343
2020-04-25,Bihar,ER,70.3,66.76586,3.5341384887695284,5.027224023854237
2020-04-26,Bihar,ER,93.8,73.18485,20.61514739990234,21.977769083051538
2020-04-27,Bihar,ER,104.1,90.3118,13.78820190429687,13.245150724588733
2020-04-28,Bihar,ER,109.2,99.08048,10.119517517089847,9.266957433232461
2020-04-29,Bihar,ER,104.2,105.069466,0.8694656372070284,0.834419997319605
2020-04-30,Bihar,ER,104.5,100.226234,4.273765563964844,4.089727812406549
2020-05-01,Bihar,ER,107.1,101.68513,5.414872741699213,5.055903587020741
2020-05-02,Bihar,ER,105.8,102.66044,3.139561462402341,2.96744939735571
2020-05-03,Bihar,ER,81.8,102.31466,20.514659118652347,25.07904537732561
2020-05-04,Bihar,ER,84.7,81.01956,3.680438232421878,4.345263556578368
2020-05-05,Bihar,ER,70.8,80.64132,9.841319274902347,13.900168467376195
2020-05-13,Bihar,ER,74.7,72.77182,1.9281799316406278,2.5812315015269447
2020-05-14,Bihar,ER,71.3,75.06723,3.767230224609378,5.283632853589591
2020-05-15,Bihar,ER,76.1,72.0972,4.002801513671869,5.259923145429527
2020-05-16,Bihar,ER,85.7,76.16806,9.531939697265628,11.122450055152425
2020-05-17,Bihar,ER,77.3,87.56967,10.269671630859378,13.285474296066466
2020-05-18,Bihar,ER,77.8,79.99466,2.194659423828128,2.820899002349779
2020-05-19,Bihar,ER,77.4,79.485054,2.0850540161132756,2.693868237872449
2020-05-20,Bihar,ER,77.0,79.18471,2.1847076416015625,2.8372826514306007
2020-05-21,Bihar,ER,79.6,77.55675,2.043252563476557,2.566900205372559
2020-05-22,Bihar,ER,76.4,79.71848,3.3184829711914006,4.343564098418063
2020-05-23,Bihar,ER,75.9,77.159096,1.2590957641601506,1.6588876998157451
2020-06-01,Bihar,ER,65.3,80.14759,14.847590637207034,22.737504804298673
2020-06-02,Bihar,ER,66.1,69.77905,3.6790527343750057,5.565889159417559
2020-06-03,Bihar,ER,65.1,69.576454,4.476454162597662,6.876273675265226
2020-06-04,Bihar,ER,66.2,69.576454,3.3764541625976534,5.100383931416395
2020-06-05,Bihar,ER,67.6,69.31994,1.7199386596679744,2.5442879580887197
2020-07-01,Bihar,ER,66.8,72.38079,5.580790710449222,8.354477111450931
2020-07-02,Bihar,ER,67.6,70.60655,3.006552124023443,4.447562313644147
2020-07-03,Bihar,ER,121.4,71.8711,49.528898620605474,40.798104300333996
2020-07-04,Bihar,ER,117.0,115.7547,1.24530029296875,1.0643592247596154
2020-07-05,Bihar,ER,112.6,112.90883,0.3088287353515682,0.27427063530334655
2020-08-01,Bihar,ER,115.3,111.03205,4.267948913574216,3.7016035677139776
2020-08-02,Bihar,ER,116.8,112.43682,4.363179016113278,3.735598472699725
2020-08-03,Bihar,ER,115.6,112.06661,3.5333877563476506,3.056563803068902
2020-08-04,Bihar,ER,112.6,111.435425,1.1645751953124943,1.03425861040186
2020-08-05,Bihar,ER,72.1,107.58091,35.48090972900391,49.210693105414585
2020-09-01,Bihar,ER,73.1,70.21394,2.886056518554682,3.9480937326329437
2020-09-02,Bihar,ER,73.5,72.81132,0.6886825561523438,0.9369830695950255
2020-09-03,Bihar,ER,73.5,72.64497,0.8550262451171875,1.163301013764881
2020-09-04,Bihar,ER,67.3,73.30813,6.008128356933597,8.927382402575924
2020-09-05,Bihar,ER,64.8,68.15675,3.3567535400390653,5.180175216109669
2020-10-01,Bihar,ER,71.1,68.03374,3.066262817382807,4.3126059316213885
2020-10-02,Bihar,ER,104.7,74.4923,30.207698059082034,28.85166958842601
2020-10-03,Bihar,ER,92.6,103.02546,10.425459289550787,11.258595345087244
2020-10-04,Bihar,ER,99.3,91.886024,7.413975524902341,7.466239199297423
2020-10-05,Bihar,ER,106.2,97.03627,9.16372985839844,8.628747512616233
2020-11-01,Bihar,ER,107.8,100.52384,7.276158142089841,6.749682877634361
2020-11-02,Bihar,ER,101.6,102.6286,1.0286010742187557,1.0124026321050745
2020-11-03,Bihar,ER,83.7,98.3276,14.627598571777341,17.476222905349275
2020-11-04,Bihar,ER,75.7,80.36732,4.667317199707028,6.165544517446537
2020-11-05,Bihar,ER,83.0,75.14644,7.8535614013671875,9.462122170321912
2020-12-01,Bihar,ER,82.9,82.03269,0.8673080444335994,1.0462099450344986
2020-12-02,Bihar,ER,85.0,80.37983,4.620170593261719,5.435494815602022
2020-12-03,Bihar,ER,85.4,82.4162,2.9838012695312557,3.4939124935963175
2020-12-04,Bihar,ER,70.0,82.39423,12.394233703613281,17.706048148018976
2020-12-05,Bihar,ER,61.7,74.01591,12.315907287597653,19.960951843756327
2020-02-28,Chandigarh,NR,4.7,4.7015915,0.0015914916992185724,0.03386152551528877
2020-02-29,Chandigarh,NR,4.7,5.2003098,0.5003097534179686,10.644888370595075
2020-03-01,Chandigarh,NR,4.6,4.720341,0.12034120559692418,2.616113165150526
2020-03-02,Chandigarh,NR,4.7,4.912948,0.21294813156127912,4.530811309814449
2020-03-03,Chandigarh,NR,4.7,4.912948,0.21294813156127912,4.530811309814449
2020-03-04,Chandigarh,NR,4.7,4.8387923,0.13879232406616193,2.9530281716204665
2020-03-05,Chandigarh,NR,4.6,4.8387923,0.23879232406616246,5.191137479699185
2020-03-13,Chandigarh,NR,4.4,3.9265332,0.473466777801514,10.760608586398044
2020-03-14,Chandigarh,NR,4.0,3.880743,0.11925697326660156,2.981424331665039
2020-03-15,Chandigarh,NR,6.5,4.0817885,2.4182114601135254,37.20325323251578
2020-03-16,Chandigarh,NR,6.0,7.015279,1.0152788162231445,16.921313603719078
2020-03-17,Chandigarh,NR,5.6,5.8985267,0.29852666854858434,5.3308333669390064
2020-03-18,Chandigarh,NR,6.5,5.3733773,1.1266226768493652,17.33265656691331
2020-03-19,Chandigarh,NR,6.0,6.476327,0.47632694244384766,7.938782374064128
2020-03-20,Chandigarh,NR,5.9,5.7011,0.19890012741088903,3.3711886001845595
2020-03-21,Chandigarh,NR,5.5,5.8472104,0.3472104072570801,6.312916495583274
2020-03-22,Chandigarh,NR,2.2,5.687151,3.487150955200195,158.50686160000888
2020-03-23,Chandigarh,NR,2.2,3.1362,0.9361999511718748,42.55454323508522
2020-03-24,Chandigarh,NR,2.3,2.8568113,0.5568112850189211,24.209186305170483
2020-03-25,Chandigarh,NR,2.3,2.7554078,0.4554078102111818,19.80033957439921
2020-03-26,Chandigarh,NR,2.3,2.4815583,0.18155832290649432,7.8938401263693185
2020-03-27,Chandigarh,NR,2.3,2.716038,0.4160379886627199,18.088608202726956
2020-03-28,Chandigarh,NR,2.3,4.090498,1.7904979705810549,77.84773785135022
2020-03-29,Chandigarh,NR,3.5,5.5403867,2.04038667678833,58.29676219395229
2020-03-30,Chandigarh,NR,3.5,3.0466006,0.4533994197845459,12.95426913670131
2020-03-31,Chandigarh,NR,3.5,6.0510674,2.551067352294922,72.88763863699776
2020-04-01,Chandigarh,NR,3.5,3.8890123,0.38901233673095703,11.114638192313057
2020-04-02,Chandigarh,NR,3.4,3.9434242,0.5434242248535157,15.98306543686811
2020-04-03,Chandigarh,NR,3.3,3.7877247,0.4877247333526613,14.77953737432307
2020-04-04,Chandigarh,NR,3.0,3.5432248,0.5432248115539551,18.10749371846517
2020-04-05,Chandigarh,NR,3.1,3.5311747,0.4311746597290038,13.908859991258188
2020-04-13,Chandigarh,NR,3.0,3.5611725,0.5611724853515625,18.70574951171875
2020-04-14,Chandigarh,NR,3.3,3.5611725,0.2611724853515627,7.914317737926142
2020-04-15,Chandigarh,NR,3.1,3.1860933,0.08609333038330069,2.777204205912925
2020-04-16,Chandigarh,NR,3.3,3.4345682,0.13456816673278826,4.077823234326917
2020-04-17,Chandigarh,NR,3.1,3.6270778,0.52707781791687,17.002510255382905
2020-04-18,Chandigarh,NR,2.8,3.6237216,0.8237215995788576,29.418628556387773
2020-04-19,Chandigarh,NR,3.7,3.6644795,0.035520505905151545,0.9600136731122039
2020-04-20,Chandigarh,NR,3.7,3.9396756,0.23967556953430158,6.477718095521665
2020-04-21,Chandigarh,NR,3.6,4.0979376,0.49793758392333975,13.831599553426106
2020-04-22,Chandigarh,NR,3.6,4.0237823,0.42378225326538077,11.771729257371689
2020-04-23,Chandigarh,NR,3.7,4.0237823,0.3237822532653807,8.750871709875154
2020-04-24,Chandigarh,NR,3.4,4.0417743,0.6417742729187013,18.875713909373566
2020-04-25,Chandigarh,NR,3.2,3.7417743,0.5417743206024168,16.930447518825524
2020-04-26,Chandigarh,NR,6.5,3.9813836,2.5186164379119873,38.74794519864596
2020-04-27,Chandigarh,NR,5.2,6.42355,1.2235501289367674,23.52981017186091
2020-04-28,Chandigarh,NR,5.9,5.293494,0.6065057754516605,10.279758905960348
2020-04-29,Chandigarh,NR,5.7,5.7710004,0.07100038528442365,1.2456207944635729
2020-04-30,Chandigarh,NR,5.7,5.074751,0.6252490997314455,10.969282451428867
2020-05-01,Chandigarh,NR,5.7,5.8969913,0.19699125289916974,3.4559868929678905
2020-05-02,Chandigarh,NR,6.1,5.9514017,0.14859828948974574,2.4360375326187826
2020-05-03,Chandigarh,NR,2.9,5.9693627,3.069362735748291,105.84009433614798
2020-05-04,Chandigarh,NR,3.0,3.8248124,0.8248124122619629,27.493747075398762
2020-05-05,Chandigarh,NR,3.2,3.8736558,0.6736557960510252,21.051743626594536
2020-05-13,Chandigarh,NR,3.3,3.869425,0.5694250583648683,17.255304798935406
2020-05-14,Chandigarh,NR,3.2,3.869425,0.669425058364868,20.919533073902123
2020-05-15,Chandigarh,NR,3.3,3.5165112,0.21651120185852069,6.560945510864263
2020-05-16,Chandigarh,NR,3.4,3.764986,0.3649860382080079,10.734883476706116
2020-05-17,Chandigarh,NR,4.1,4.6595387,0.5595387458801273,13.647286484881155
2020-05-18,Chandigarh,NR,4.2,4.3946705,0.19467048645019513,4.635011582147503
2020-05-19,Chandigarh,NR,4.1,4.5471363,0.44713630676269567,10.905763579577945
2020-05-20,Chandigarh,NR,4.1,4.3205147,0.22051467895507848,5.378406803782402
2020-05-21,Chandigarh,NR,4.2,4.300659,0.10065917968749982,2.396647135416662
2020-05-22,Chandigarh,NR,3.9,4.308107,0.4081068992614747,10.46427946824294
2020-05-23,Chandigarh,NR,3.5,4.155641,0.6556410789489746,18.732602255684988
2020-06-01,Chandigarh,NR,3.4,4.957342,1.5573421478271485,45.804180818445545
2020-06-02,Chandigarh,NR,3.5,3.9935367,0.49353671073913574,14.101048878261022
2020-06-03,Chandigarh,NR,3.2,3.919382,0.7193820953369139,22.480690479278557
2020-06-04,Chandigarh,NR,3.5,3.919382,0.41938209533691406,11.982345581054688
2020-06-05,Chandigarh,NR,3.6,3.6281567,0.0281566619873046,0.7821294996473499
2020-07-01,Chandigarh,NR,3.4,4.1680164,0.7680164337158204,22.5887186387006
2020-07-02,Chandigarh,NR,3.1,3.922428,0.8224278926849364,26.52993202209472
2020-07-03,Chandigarh,NR,6.2,3.6312025,2.568797540664673,41.43221839781731
2020-07-04,Chandigarh,NR,6.5,5.686982,0.8130178451538086,12.507966848520132
2020-07-05,Chandigarh,NR,6.1,6.3422947,0.24229469299316442,3.972044147428925
2020-08-01,Chandigarh,NR,5.7,5.862843,0.16284303665161115,2.856895379852827
2020-08-02,Chandigarh,NR,5.9,5.8872423,0.012757682800293324,0.21623191186937837
2020-08-03,Chandigarh,NR,5.9,5.880053,0.01994695663452184,0.3380840107546074
2020-08-04,Chandigarh,NR,5.5,5.880053,0.3800530433654785,6.910055333917792
2020-08-05,Chandigarh,NR,3.1,5.3582597,2.258259677886963,72.8470863834504
2020-09-01,Chandigarh,NR,3.4,3.7698612,0.36986122131347665,10.878271215102254
2020-09-02,Chandigarh,NR,3.4,3.7501173,0.35011730194091806,10.29756770414465
2020-09-03,Chandigarh,NR,3.3,3.7501173,0.45011730194091815,13.639918240633882
2020-09-04,Chandigarh,NR,3.5,3.8614738,0.36147379875183105,10.327822821480888
2020-09-05,Chandigarh,NR,3.5,3.8614738,0.36147379875183105,10.327822821480888
2020-10-01,Chandigarh,NR,3.1,3.5159702,0.415970230102539,13.418394519436742
2020-10-02,Chandigarh,NR,7.2,3.6817384,3.5182616233825685,48.86474476920234
2020-10-03,Chandigarh,NR,7.2,6.923669,0.27633113861084,3.8379324807061113
2020-10-04,Chandigarh,NR,7.4,6.923669,0.4763311386108402,6.436907278524867
2020-10-05,Chandigarh,NR,6.1,6.8919864,0.7919863700866703,12.983383116174924
2020-11-01,Chandigarh,NR,6.5,4.2863183,2.213681697845459,34.05664150531476
2020-11-02,Chandigarh,NR,6.0,6.066009,0.0660090446472168,1.1001507441202798
2020-11-03,Chandigarh,NR,5.6,5.410697,0.1893030166625973,3.380411011832095
2020-11-04,Chandigarh,NR,3.3,4.8889036,1.588903617858887,48.148594480572335
2020-11-05,Chandigarh,NR,3.5,3.2807605,0.2192394733428955,6.263984952654157
2020-12-01,Chandigarh,NR,3.6,3.469214,0.13078603744506845,3.6329454845852345
2020-12-02,Chandigarh,NR,3.7,3.7559216,0.05592160224914533,1.511394655382306
2020-12-03,Chandigarh,NR,4.0,4.0050745,0.005074501037597656,0.1268625259399414
2020-12-04,Chandigarh,NR,4.0,4.230298,0.23029804229736328,5.757451057434082
2020-12-05,Chandigarh,NR,3.5,4.230298,0.7302980422973633,20.865658351353236
2020-02-28,Chhattisgarh,WR,95.0,92.59846,2.4015426635742188,2.5279396458675985
2020-02-29,Chhattisgarh,WR,94.1,92.212616,1.8873840332031193,2.0057216080798295
2020-03-01,Chhattisgarh,WR,75.2,90.068474,14.868473815917966,19.77190667010368
2020-03-02,Chhattisgarh,WR,75.8,76.5639,0.7639038085937528,1.007788665690967
2020-03-03,Chhattisgarh,WR,74.2,77.948555,3.7485549926757784,5.0519609065711295
2020-03-04,Chhattisgarh,WR,69.7,76.12746,6.42745666503906,9.221602101921174
2020-03-05,Chhattisgarh,WR,67.7,72.97085,5.270848083496091,7.785595396596884
2020-03-13,Chhattisgarh,WR,72.9,67.036,5.863996887207037,8.043891477650256
2020-03-14,Chhattisgarh,WR,74.7,71.63025,3.069750976562503,4.109439058316603
2020-03-15,Chhattisgarh,WR,81.1,75.25573,5.844270324707026,7.206251941685606
2020-03-16,Chhattisgarh,WR,77.9,81.14545,3.2454467773437443,4.166170445884139
2020-03-17,Chhattisgarh,WR,79.0,79.09833,0.09832763671875,0.12446536293512658
2020-03-18,Chhattisgarh,WR,82.5,78.9056,3.5943984985351562,4.356846664891099
2020-03-19,Chhattisgarh,WR,83.4,81.75563,1.6443695068359432,1.9716660753428574
2020-03-20,Chhattisgarh,WR,87.3,82.05058,5.24941711425781,6.013078023204822
2020-03-21,Chhattisgarh,WR,91.8,82.64521,9.154789733886716,9.972537836477905
2020-03-22,Chhattisgarh,WR,70.5,87.889656,17.38965606689453,24.666178818290117
2020-03-23,Chhattisgarh,WR,73.8,72.78236,1.017643737792966,1.378921053920008
2020-03-24,Chhattisgarh,WR,74.2,75.28972,1.0897186279296847,1.4686234877758553
2020-03-25,Chhattisgarh,WR,72.4,75.21557,2.815568542480463,3.8889068266304734
2020-03-26,Chhattisgarh,WR,77.2,72.316605,4.88339538574219,6.325641691375894
2020-03-27,Chhattisgarh,WR,75.1,76.6059,1.505903625488287,2.005197903446454
2020-03-28,Chhattisgarh,WR,76.0,80.718094,4.7180938720703125,6.208018252724096
2020-03-29,Chhattisgarh,WR,75.7,82.123474,6.423474121093747,8.48543477026915
2020-03-30,Chhattisgarh,WR,75.0,78.5151,3.5150985717773438,4.686798095703125
2020-03-31,Chhattisgarh,WR,75.9,80.604416,4.704415893554682,6.1981764078454304
2020-04-01,Chhattisgarh,WR,74.8,79.11576,4.315760803222659,5.7697336941479405
2020-04-02,Chhattisgarh,WR,73.8,77.33951,3.539508056640628,4.796081377561826
2020-04-03,Chhattisgarh,WR,70.9,77.32172,6.421716308593744,9.057427797734476
2020-04-04,Chhattisgarh,WR,72.5,73.79584,1.29583740234375,1.7873619342672415
2020-04-05,Chhattisgarh,WR,89.5,73.78379,15.716209411621094,17.56001051577776
2020-04-13,Chhattisgarh,WR,93.2,88.88247,4.317530822753909,4.6325438012381
2020-04-14,Chhattisgarh,WR,93.0,90.51754,2.4824600219726562,2.669311851583501
2020-04-15,Chhattisgarh,WR,94.4,90.12891,4.271093750000006,4.524463718220344
2020-04-16,Chhattisgarh,WR,95.0,90.46282,4.537178039550781,4.775976883737664
2020-04-17,Chhattisgarh,WR,92.2,90.08913,2.1108734130859403,2.289450556492343
2020-04-18,Chhattisgarh,WR,94.0,89.749435,4.2505645751953125,4.521877207654588
2020-04-19,Chhattisgarh,WR,81.3,86.368965,5.068965148925784,6.234889482073536
2020-04-20,Chhattisgarh,WR,82.3,82.13076,0.1692398071289034,0.205637675733783
2020-04-21,Chhattisgarh,WR,81.0,82.11091,1.1109085083007812,1.3714919855565202
2020-04-22,Chhattisgarh,WR,83.4,81.21376,2.186239624023443,2.621390436478949
2020-04-23,Chhattisgarh,WR,83.0,82.66955,0.33045196533203125,0.39813489799039914
2020-04-24,Chhattisgarh,WR,80.7,81.69892,0.9989212036132784,1.237820574489812
2020-04-25,Chhattisgarh,WR,82.0,80.77214,1.2278594970703125,1.497389630573552
2020-04-26,Chhattisgarh,WR,85.5,85.899765,0.3997650146484375,0.4675614206414474
2020-04-27,Chhattisgarh,WR,90.6,86.49015,4.109849548339838,4.536257779624545
2020-04-28,Chhattisgarh,WR,92.1,88.48245,3.6175476074218693,3.9278475650617475
2020-04-29,Chhattisgarh,WR,89.6,91.16945,1.5694488525390682,1.7516170229230674
2020-04-30,Chhattisgarh,WR,85.1,88.32152,3.221517944335943,3.7855675021573956
2020-05-01,Chhattisgarh,WR,85.6,84.31576,1.2842422485351506,1.500283000625176
2020-05-02,Chhattisgarh,WR,90.0,84.37017,5.629829406738281,6.255366007486979
2020-05-03,Chhattisgarh,WR,77.3,89.01309,11.713092041015628,15.15277107505256
2020-05-04,Chhattisgarh,WR,72.1,78.88643,6.786428833007818,9.412522653270207
2020-05-05,Chhattisgarh,WR,70.8,72.98471,2.184710693359378,3.085749566891777
2020-05-13,Chhattisgarh,WR,70.8,73.264015,2.464015197753909,3.480247454454674
2020-05-14,Chhattisgarh,WR,65.6,73.264015,7.664015197753912,11.682949996576086
2020-05-15,Chhattisgarh,WR,68.2,69.21267,1.012669372558591,1.4848524524319515
2020-05-16,Chhattisgarh,WR,67.9,70.82309,2.9230895996093693,4.304992046552826
2020-05-17,Chhattisgarh,WR,80.9,74.763695,6.136305236816412,7.585049736485057
2020-05-18,Chhattisgarh,WR,77.7,82.02318,4.323178100585935,5.563935779389877
2020-05-19,Chhattisgarh,WR,74.1,79.2771,5.177099609375006,6.986639148954124
2020-05-20,Chhattisgarh,WR,75.6,75.64729,0.047293090820318184,0.06255699843957432
2020-05-21,Chhattisgarh,WR,71.8,76.83797,5.037966918945315,7.016667018029688
2020-05-22,Chhattisgarh,WR,72.8,72.81466,0.014659118652346592,0.020136151994981585
2020-05-23,Chhattisgarh,WR,69.3,75.2645,5.964503479003909,8.606787126989769
2020-06-01,Chhattisgarh,WR,71.7,74.9159,3.2159011840820284,4.4852178299609875
2020-06-02,Chhattisgarh,WR,71.9,73.25555,1.355546569824213,1.885322072078182
2020-06-03,Chhattisgarh,WR,71.5,73.55414,2.05413818359375,2.872920536494755
2020-06-04,Chhattisgarh,WR,73.1,73.78959,0.6895889282226619,0.9433501070077455
2020-06-05,Chhattisgarh,WR,72.8,75.948204,3.1482040405273466,4.324456099625476
2020-07-01,Chhattisgarh,WR,72.5,77.23595,4.7359466552734375,6.532340214170258
2020-07-02,Chhattisgarh,WR,73.0,73.88136,0.8813629150390625,1.20734645895762
2020-07-03,Chhattisgarh,WR,90.0,77.11601,12.883987426757812,14.315541585286459
2020-07-04,Chhattisgarh,WR,89.7,88.59231,1.107691955566409,1.2348851232624403
2020-07-05,Chhattisgarh,WR,84.9,88.59231,3.692308044433588,4.349008297330492
2020-08-01,Chhattisgarh,WR,88.5,84.22992,4.27008056640625,4.824949792549435
2020-08-02,Chhattisgarh,WR,86.8,84.94628,1.8537185668945284,2.135620468772498
2020-08-03,Chhattisgarh,WR,85.2,84.397606,0.8023941040039091,0.9417771173754801
2020-08-04,Chhattisgarh,WR,74.4,84.343994,9.943994140624994,13.365583522345423
2020-08-05,Chhattisgarh,WR,91.3,75.24942,16.050579833984372,17.580043629774778
2020-09-01,Chhattisgarh,WR,86.2,89.055176,2.855175781249997,3.3122688877610176
2020-09-02,Chhattisgarh,WR,84.3,83.60944,0.6905563354492159,0.8191652852303867
2020-09-03,Chhattisgarh,WR,85.1,83.10537,1.9946304321289006,2.343866547742539
2020-09-04,Chhattisgarh,WR,83.5,83.62393,0.123931884765625,0.14842141888098803
2020-09-05,Chhattisgarh,WR,72.2,83.11986,10.919857788085935,15.124456770202125
2020-10-01,Chhattisgarh,WR,81.2,73.84034,7.359660339355472,9.06362110758063
2020-10-02,Chhattisgarh,WR,80.8,80.85396,0.05395812988281534,0.06677986371635562
2020-10-03,Chhattisgarh,WR,73.1,81.380554,8.280554199218756,11.327707522871076
2020-10-04,Chhattisgarh,WR,73.8,75.34632,1.546321105957034,2.0952860514322955
2020-10-05,Chhattisgarh,WR,79.8,75.40598,4.394017028808591,5.506287003519537
2020-11-01,Chhattisgarh,WR,81.1,77.798134,3.301866149902338,4.071351602838888
2020-11-02,Chhattisgarh,WR,77.9,81.55997,3.6599670410156193,4.698288884487316
2020-11-03,Chhattisgarh,WR,79.0,78.68544,0.3145599365234375,0.3981771348397943
2020-11-04,Chhattisgarh,WR,99.0,79.56257,19.43743133544922,19.633769025706282
2020-11-05,Chhattisgarh,WR,99.6,95.64608,3.9539199829101506,3.969799179628666
2020-12-01,Chhattisgarh,WR,100.4,96.69958,3.700422668457037,3.685679948662387
2020-12-02,Chhattisgarh,WR,101.8,96.15757,5.642430114746091,5.542662195231916
2020-12-03,Chhattisgarh,WR,103.0,98.314186,4.685813903808594,4.54933388719281
2020-12-04,Chhattisgarh,WR,101.8,99.12423,2.6757705688476534,2.6284583191037854
2020-12-05,Chhattisgarh,WR,102.4,98.554,3.845999145507818,3.7558585405349785
2020-02-28,DNH,WR,18.2,17.131266,1.0687343597412102,5.872166811764892
2020-02-29,DNH,WR,17.9,18.329065,0.429065322875978,2.397012976960771
2020-03-01,DNH,WR,18.6,18.011696,0.5883041381835952,3.16292547410535
2020-03-02,DNH,WR,18.9,18.984154,0.08415374755859517,0.4452579235904507
2020-03-03,DNH,WR,18.9,19.666267,0.7662673950195327,4.054324841373189
2020-03-04,DNH,WR,19.0,19.592112,0.5921115875244141,3.1163767764442842
2020-03-05,DNH,WR,17.6,19.8985,2.2985004425048814,13.05966160514137
2020-03-13,DNH,WR,18.6,16.690298,1.9097019195556655,10.267214621267017
2020-03-14,DNH,WR,18.8,18.087671,0.7123287200927741,3.7889825536849684
2020-03-15,DNH,WR,18.6,18.509216,0.09078369140625142,0.48808436239920117
2020-03-16,DNH,WR,18.6,19.200064,0.6000637054443345,3.226148954001798
2020-03-17,DNH,WR,17.3,18.738626,1.4386264801025384,8.315760000592705
2020-03-18,DNH,WR,18.2,17.935848,0.2641517639160149,1.4513833182198623
2020-03-19,DNH,WR,18.6,17.935848,0.664151763916017,3.5707084081506286
2020-03-20,DNH,WR,18.7,18.541197,0.1588031768798821,0.8492148496250381
2020-03-21,DNH,WR,18.7,18.58902,0.11098022460937429,0.5934771369485257
2020-03-22,DNH,WR,1.8,18.822014,17.022013854980468,945.6674363878038
2020-03-23,DNH,WR,1.9,4.8373423,2.9373422622680665,154.5969611720035
2020-03-24,DNH,WR,1.9,4.4096785,2.5096784591674806,132.08833995618318
2020-03-25,DNH,WR,2.0,4.299925,2.299924850463867,114.99624252319336
2020-03-26,DNH,WR,2.0,4.026077,2.0260767936706543,101.30383968353271
2020-03-27,DNH,WR,2.1,4.015951,1.9159511566162108,91.2357693626767
2020-03-28,DNH,WR,2.2,9.3510475,7.1510475158691404,325.0476143576882
2020-03-29,DNH,WR,17.7,11.0613,6.638699722290038,37.50677809203412
2020-03-30,DNH,WR,17.6,17.108229,0.49177131652832173,2.7941552075472824
2020-03-31,DNH,WR,18.0,19.10234,1.1023406982421875,6.124114990234375
2020-04-01,DNH,WR,18.1,17.38131,0.7186904907226577,3.9706656946003185
2020-04-02,DNH,WR,17.9,17.703146,0.19685401916503764,1.0997431238270259
2020-04-03,DNH,WR,17.9,17.61628,0.28372039794921733,1.585030156140879
2020-04-04,DNH,WR,17.5,18.36818,0.8681793212890625,4.961024693080357
2020-04-05,DNH,WR,17.9,17.919102,0.019101715087892046,0.10671349211112875
2020-04-13,DNH,WR,18.1,17.807804,0.2921958923339858,1.6143419465966065
2020-04-14,DNH,WR,18.4,17.807804,0.592195892333983,3.218455936597734
2020-04-15,DNH,WR,18.4,17.432724,0.9672760009765611,5.2569347879160935
2020-04-16,DNH,WR,18.4,17.6812,0.7187999725341783,3.906521589859665
2020-04-17,DNH,WR,18.2,17.62921,0.5707904815673821,3.1362114371834187
2020-04-18,DNH,WR,17.9,17.625853,0.2741474151611314,1.5315498053694492
2020-04-19,DNH,WR,18.2,17.838991,0.3610088348388665,1.9835650265871787
2020-04-20,DNH,WR,18.4,17.819923,0.5800765991210923,3.1525902126146326
2020-04-21,DNH,WR,18.3,17.867748,0.43225173950195384,2.3620313633986547
2020-04-22,DNH,WR,18.5,17.793592,0.7064075469970703,3.8184191729571366
2020-04-23,DNH,WR,18.3,18.518858,0.21885795593261648,1.1959451143858824
2020-04-24,DNH,WR,18.1,17.673676,0.4263244628906264,2.355383772876389
2020-04-25,DNH,WR,18.0,17.638077,0.3619232177734375,2.010684543185764
2020-04-26,DNH,WR,17.6,18.129492,0.529491806030272,3.0084761706265453
2020-04-27,DNH,WR,17.6,17.91515,0.3151496887207017,1.7906232313676231
2020-04-28,DNH,WR,17.5,17.581656,0.08165550231933594,0.46660287039620535
2020-04-29,DNH,WR,17.6,17.558142,0.041858291625977984,0.23783120242032943
2020-04-30,DNH,WR,17.5,16.891903,0.6080970764160156,3.4748404366629466
2020-05-01,DNH,WR,17.4,17.663898,0.26389846801757955,1.5166578621699975
2020-05-02,DNH,WR,17.1,17.985735,0.8857349395751939,5.179736488743823
2020-05-03,DNH,WR,6.0,17.919102,11.91910171508789,198.65169525146484
2020-05-04,DNH,WR,6.7,8.072532,1.3725317001342772,20.485547763198166
2020-05-05,DNH,WR,7.3,8.593182,1.293181610107422,17.714816576814002
2020-05-13,DNH,WR,7.5,8.680839,1.1808385848999023,15.744514465332033
2020-05-14,DNH,WR,7.6,8.680839,1.0808385848999027,14.2215603276303
2020-05-15,DNH,WR,7.9,8.531853,0.6318527221679684,7.998135723645169
2020-05-16,DNH,WR,7.8,9.0407915,1.2407915115356447,15.907583481226215
2020-05-17,DNH,WR,18.4,9.606833,8.793166542053221,47.78894859811534
2020-05-18,DNH,WR,18.0,18.062576,0.0625762939453125,0.34764607747395837
2020-05-19,DNH,WR,18.1,18.127811,0.027811431884764204,0.1536543198053271
2020-05-20,DNH,WR,18.2,18.053656,0.14634437561035085,0.8040899758810487
2020-05-21,DNH,WR,17.9,18.10148,0.20148048400879048,1.1255892961384943
2020-05-22,DNH,WR,18.0,17.738537,0.2614631652832031,1.4525731404622397
2020-05-23,DNH,WR,17.7,17.738537,0.038536834716797586,0.21772223003840444
2020-06-01,DNH,WR,18.2,18.750021,0.5500209808349616,3.022093301290998
2020-06-02,DNH,WR,18.5,18.053642,0.44635772705078125,2.4127444705447636
2020-06-03,DNH,WR,18.8,18.704752,0.09524803161621165,0.506638466043679
2020-06-04,DNH,WR,18.9,18.704752,0.19524803161620952,1.033058368339733
2020-06-05,DNH,WR,18.7,19.095638,0.3956382751464851,2.115712701318102
2020-07-01,DNH,WR,18.6,18.474688,0.1253124237060561,0.6737227080970758
2020-07-02,DNH,WR,18.2,18.796524,0.5965240478515632,3.2776046585250724
2020-07-03,DNH,WR,17.4,18.08642,0.686420059204103,3.9449428689890977
2020-07-04,DNH,WR,18.3,18.08642,0.21357994079589915,1.167103501616935
2020-07-05,DNH,WR,18.7,18.031837,0.668162536621093,3.5730616931609256
2020-08-01,DNH,WR,18.5,18.72012,0.22011947631835938,1.1898350071262669
2020-08-02,DNH,WR,18.6,18.987373,0.38737335205077983,2.0826524303805365
2020-08-03,DNH,WR,18.6,19.13633,0.5363296508789048,2.8834927466607785
2020-08-04,DNH,WR,18.2,19.13633,0.936329650878907,5.144668411422566
2020-08-05,DNH,WR,18.6,18.336908,0.26309165954589986,1.4144712878811818
2020-09-01,DNH,WR,19.0,18.814493,0.18550682067871094,0.9763516877826891
2020-09-02,DNH,WR,19.2,19.744287,0.5442874908447273,2.8348306814829547
2020-09-03,DNH,WR,19.5,19.744287,0.24428749084472656,1.2527563633062901
2020-09-04,DNH,WR,19.1,19.72407,0.6240695953369126,3.267380080297972
2020-09-05,DNH,WR,19.1,19.72407,0.6240695953369126,3.267380080297972
2020-10-01,DNH,WR,19.0,18.916298,0.08370208740234375,0.4405373021175987
2020-10-02,DNH,WR,17.4,20.407766,3.0077663421630874,17.2860134607074
2020-10-03,DNH,WR,17.8,19.051775,1.2517749786376946,7.0324437002117675
2020-10-04,DNH,WR,18.5,17.80735,0.6926498413085938,3.7440531962626684
2020-10-05,DNH,WR,18.8,18.681572,0.11842803955078196,0.6299363805892657
2020-11-01,DNH,WR,18.6,17.02251,1.5774894714355483,8.481126190513699
2020-11-02,DNH,WR,18.6,18.28717,0.3128295898437514,1.681879515288986
2020-11-03,DNH,WR,17.3,18.28717,0.9871704101562493,5.706187341943638
2020-11-04,DNH,WR,17.3,17.48775,0.1877490997314446,1.0852549117424544
2020-11-05,DNH,WR,17.6,17.48775,0.11225090026855611,0.6377892060713415
2020-12-01,DNH,WR,18.1,17.40878,0.691220855712892,3.8188997553198454
2020-12-02,DNH,WR,18.2,17.66291,0.537089538574218,2.951041420737462
2020-12-03,DNH,WR,18.4,17.912066,0.48793449401855327,2.6518179022747463
2020-12-04,DNH,WR,18.2,17.585459,0.6145412445068352,3.376600244543051
2020-12-05,DNH,WR,18.4,17.585459,0.8145412445068345,4.426854589711057
2020-02-28,Delhi,NR,110.5,112.308395,1.8083953857421875,1.6365569101739252
2020-02-29,Delhi,NR,99.6,110.62602,11.026022338867193,11.070303553079512
2020-03-01,Delhi,NR,73.8,100.66907,26.869067382812503,36.407950383214775
2020-03-02,Delhi,NR,74.5,71.27678,3.2232208251953125,4.326470906302433
2020-03-03,Delhi,NR,74.7,74.21195,0.4880477905273466,0.6533437624194733
2020-03-04,Delhi,NR,77.5,74.1378,3.3621978759765625,4.338319839969758
2020-03-05,Delhi,NR,79.7,78.6039,1.0961029052734403,1.3752859539189966
2020-03-13,Delhi,NR,72.7,76.03612,3.3361175537109347,4.588882467277764
2020-03-14,Delhi,NR,69.3,75.002205,5.702204895019534,8.22828989180308
2020-03-15,Delhi,NR,126.4,74.35078,52.049223327636724,41.17818301237082
2020-03-16,Delhi,NR,122.3,122.98664,0.6866409301757841,0.5614398447880492
2020-03-17,Delhi,NR,119.6,118.47143,1.1285720825195256,0.9436221425748542
2020-03-18,Delhi,NR,130.2,111.987206,18.212794494628895,13.988321424446157
2020-03-19,Delhi,NR,113.4,123.734825,10.334825134277338,9.11360241117931
2020-03-20,Delhi,NR,127.8,107.83072,19.969281005859372,15.625415497542544
2020-03-21,Delhi,NR,135.5,121.51381,13.986190795898438,10.321912026493312
2020-03-22,Delhi,NR,44.3,89.63014,45.330142211914065,102.32537745353063
2020-03-23,Delhi,NR,45.8,48.663025,2.863024902343753,6.2511460749863605
2020-03-24,Delhi,NR,47.6,51.009125,3.4091247558593736,7.162026798023893
2020-03-25,Delhi,NR,46.1,52.69295,6.592951202392577,14.301412586534873
2020-03-26,Delhi,NR,47.5,49.01722,1.5172195434570312,3.1941464072779606
2020-03-27,Delhi,NR,48.4,48.7683,0.36829910278320455,0.760948559469431
2020-03-28,Delhi,NR,50.1,76.087944,25.987944030761717,51.87214377397549
2020-03-29,Delhi,NR,66.3,82.50432,16.20431823730469,24.44090231870994
2020-03-30,Delhi,NR,66.4,66.52636,0.12635955810546307,0.19030053931545643
2020-03-31,Delhi,NR,67.6,69.3527,1.752699279785162,2.5927504138833757
2020-04-01,Delhi,NR,65.5,67.45562,1.9556198120117188,2.9856791023079676
2020-04-02,Delhi,NR,64.9,65.64727,0.7472702026367131,1.1514178777145039
2020-04-03,Delhi,NR,61.4,65.57397,4.17396697998047,6.797991824072428
2020-04-04,Delhi,NR,59.6,68.02241,8.42240753173828,14.131556261305839
2020-04-05,Delhi,NR,62.0,60.348095,1.6519050598144531,2.6643629997007308
2020-04-13,Delhi,NR,63.2,69.479324,6.27932434082031,9.93563977977897
2020-04-14,Delhi,NR,63.8,69.479324,5.679324340820315,8.901762289687015
2020-04-15,Delhi,NR,63.3,69.34853,6.048533630371097,9.555345387632066
2020-04-16,Delhi,NR,64.0,69.392,5.391998291015625,8.424997329711914
2020-04-17,Delhi,NR,59.8,69.02254,9.222537231445315,15.422303062617585
2020-04-18,Delhi,NR,58.1,66.90284,8.80283966064453,15.15118702348456
2020-04-19,Delhi,NR,69.1,62.981037,6.118962860107416,8.855228451674988
2020-04-20,Delhi,NR,69.4,73.59546,4.195458984374994,6.045329948667138
2020-04-21,Delhi,NR,69.1,72.13979,3.0397933959960994,4.399122136029088
2020-04-22,Delhi,NR,68.7,71.06224,2.3622406005859347,3.4384870459766153
2020-04-23,Delhi,NR,70.0,71.06224,1.0622406005859375,1.517486572265625
2020-04-24,Delhi,NR,65.8,71.44726,5.647257995605472,8.582458959886734
2020-04-25,Delhi,NR,63.1,67.833565,4.73356475830078,7.501687414105832
2020-04-26,Delhi,NR,135.5,69.22132,66.27867889404297,48.914154165345366
2020-04-27,Delhi,NR,131.8,131.9809,0.18089599609373863,0.1372503763988912
2020-04-28,Delhi,NR,131.2,126.915146,4.284854125976551,3.2658949130918837
2020-04-29,Delhi,NR,134.4,127.35939,7.040609741210943,5.238548914591475
2020-04-30,Delhi,NR,129.2,129.13606,0.06393737792967613,0.04948713462049237
2020-05-01,Delhi,NR,129.0,118.382866,10.617134094238281,8.230336507161457
2020-05-02,Delhi,NR,123.8,123.30549,0.4945114135742159,0.39944379125542484
2020-05-03,Delhi,NR,64.8,87.44873,22.648730468750003,34.951744550540134
2020-05-04,Delhi,NR,61.2,66.87989,5.679890441894528,9.280866735121778
2020-05-05,Delhi,NR,65.8,66.81311,1.0131103515625028,1.539681385353348
2020-05-13,Delhi,NR,68.5,66.33962,2.1603775024414062,3.153835769987454
2020-05-14,Delhi,NR,65.7,68.35661,2.6566131591796847,4.043551231628135
2020-05-15,Delhi,NR,71.8,65.665,6.134999084472653,8.544566970017623
2020-05-16,Delhi,NR,75.0,70.58379,4.416206359863281,5.888275146484375
2020-05-17,Delhi,NR,70.7,80.31621,9.616207885742185,13.601425580964898
2020-05-18,Delhi,NR,69.8,75.06903,5.269030761718753,7.548754672949502
2020-05-19,Delhi,NR,71.7,75.103745,3.4037445068359347,4.747202938404372
2020-05-20,Delhi,NR,70.7,72.81423,2.114231872558591,2.9904269767448244
2020-05-21,Delhi,NR,73.4,72.531784,0.8682159423828182,1.1828555073335396
2020-05-22,Delhi,NR,62.0,75.77235,13.772346496582031,22.21346209126134
2020-05-23,Delhi,NR,72.1,69.14845,2.951547241210932,4.093685494051223
2020-06-01,Delhi,NR,60.8,74.889015,14.089015197753909,23.172722364726823
2020-06-02,Delhi,NR,62.5,68.751976,6.251976013183594,10.00316162109375
2020-06-03,Delhi,NR,62.6,69.48048,6.88047637939453,10.99117632491139
2020-06-04,Delhi,NR,63.5,69.48048,5.980476379394531,9.418073038416583
2020-06-05,Delhi,NR,65.0,69.22396,4.223960876464844,6.4984013484074525
2020-07-01,Delhi,NR,62.0,70.42298,8.422981262207031,13.58545364872102
2020-07-02,Delhi,NR,59.3,69.51824,10.218241882324222,17.231436563784523
2020-07-03,Delhi,NR,122.8,67.71182,55.08817749023437,44.86007938944167
2020-07-04,Delhi,NR,129.2,123.85677,5.343226623535145,4.13562432162163
2020-07-05,Delhi,NR,130.3,125.474655,4.825344848632824,3.7032577502938016
2020-08-01,Delhi,NR,128.7,123.60933,5.090670776367176,3.9554551486924447
2020-08-02,Delhi,NR,128.5,123.76786,4.732139587402344,3.682598900702213
2020-08-03,Delhi,NR,122.2,123.74956,1.5495574951171847,1.2680503233364848
2020-08-04,Delhi,NR,116.7,118.74045,2.040447998046872,1.7484558680778681
2020-08-05,Delhi,NR,61.5,79.67394,18.17394256591797,29.55112612344385
2020-09-01,Delhi,NR,62.8,61.87696,0.9230392456054659,1.4698077159322707
2020-09-02,Delhi,NR,63.9,63.254223,0.6457771301269517,1.010605837444369
2020-09-03,Delhi,NR,62.9,65.29438,2.3943801879882827,3.8066457678669043
2020-09-04,Delhi,NR,64.4,66.08911,1.6891113281249943,2.6228436772127237
2020-09-05,Delhi,NR,59.9,66.08911,6.189111328125001,10.33240622391486
2020-10-01,Delhi,NR,58.2,62.694733,4.494732666015622,7.722908360851584
2020-10-02,Delhi,NR,145.2,84.76418,60.435816955566395,41.62246346802094
2020-10-03,Delhi,NR,147.1,146.02057,1.0794311523437443,0.733807717432865
2020-10-04,Delhi,NR,145.3,144.1368,1.1632049560546989,0.8005539959082579
2020-10-05,Delhi,NR,139.2,144.36737,5.167370605468761,3.712191526917214
2020-11-01,Delhi,NR,126.4,124.52167,1.8783325195312557,1.4860225629202972
2020-11-02,Delhi,NR,122.3,120.70623,1.5937698364257784,1.3031642162107755
2020-11-03,Delhi,NR,119.6,111.330055,8.269944763183588,6.914669534434438
2020-11-04,Delhi,NR,72.0,94.499725,22.499725341796875,31.249618530273438
2020-11-05,Delhi,NR,75.0,65.940346,9.059654235839844,12.079538981119791
2020-12-01,Delhi,NR,77.3,73.10776,4.192242431640622,5.423340791255656
2020-12-02,Delhi,NR,81.3,76.25463,5.045368957519528,6.205865876407785
2020-12-03,Delhi,NR,85.6,82.76493,2.835069274902338,3.3119968164746947
2020-12-04,Delhi,NR,83.9,84.519615,0.6196151733398381,0.7385162971869345
2020-12-05,Delhi,NR,83.6,84.077675,0.47767486572266193,0.5713814183285431
2020-02-28,Goa,WR,10.7,10.259383,0.4406167984008782,4.117914003746526
2020-02-29,Goa,WR,11.2,11.457182,0.2571819305419929,2.2962672369820796
2020-03-01,Goa,WR,12.7,11.236681,1.463319015502929,11.522196972464007
2020-03-02,Goa,WR,11.0,12.80105,1.8010501861572266,16.373183510520242
2020-03-03,Goa,WR,10.4,11.387009,0.9870086669921871,9.490467951847952
2020-03-04,Goa,WR,13.5,11.012618,2.487381935119629,18.425051371256508
2020-03-05,Goa,WR,13.4,13.427491,0.02749118804931605,0.2051581197710153
2020-03-13,Goa,WR,13.6,12.319347,1.2806526184082028,9.41656337064855
2020-03-14,Goa,WR,12.2,12.4402895,0.240289497375489,1.9695860440613853
2020-03-15,Goa,WR,10.0,12.115245,2.1152448654174805,21.152448654174805
2020-03-16,Goa,WR,10.0,11.137808,1.137807846069336,11.37807846069336
2020-03-17,Goa,WR,10.5,10.676368,0.17636775970458984,1.6796929495675221
2020-03-18,Goa,WR,11.6,10.598855,1.001144981384277,8.630560184347216
2020-03-19,Goa,WR,11.6,11.83862,0.23862018585205114,2.057070567690096
2020-03-20,Goa,WR,11.6,11.718705,0.11870517730712926,1.0233204940269764
2020-03-21,Goa,WR,11.6,11.766526,0.16652622222900426,1.4355708812845196
2020-03-22,Goa,WR,6.8,11.99952,5.199520301818848,76.46353385027717
2020-03-23,Goa,WR,7.4,7.790414,0.3904138565063473,5.27586292576145
2020-03-24,Goa,WR,7.3,8.253823,0.9538232803344728,13.066072333348943
2020-03-25,Goa,WR,7.2,8.14407,0.9440696716308592,13.112078772650824
2020-03-26,Goa,WR,7.2,7.870221,0.6702211380004881,9.308626916673447
2020-03-27,Goa,WR,6.6,7.8312006,1.2312005996704105,18.654554540460765
2020-03-28,Goa,WR,6.9,8.714584,1.8145843505859371,26.29832392153532
2020-03-29,Goa,WR,12.1,10.145378,1.954621887207031,16.153899894272982
2020-03-30,Goa,WR,12.7,11.544842,1.1551582336425774,9.095734123169901
2020-03-31,Goa,WR,12.7,14.47826,1.7782600402832038,14.00204756128507
2020-04-01,Goa,WR,12.7,12.793279,0.09327869415283274,0.7344779067152185
2020-04-02,Goa,WR,12.6,13.01825,0.41825046539306676,3.3194481380402125
2020-04-03,Goa,WR,12.2,13.00046,0.8004596710205085,6.561144844430398
2020-04-04,Goa,WR,12.2,12.95447,0.7544696807861335,6.184177711361751
2020-04-05,Goa,WR,11.1,12.505393,1.4053930282592777,12.661198452786286
2020-04-13,Goa,WR,11.1,11.0774355,0.022564506530761363,0.20328384261947174
2020-04-14,Goa,WR,11.1,11.0774355,0.022564506530761363,0.20328384261947174
2020-04-15,Goa,WR,11.1,10.702356,0.3976436614990231,3.5823753288200275
2020-04-16,Goa,WR,12.1,10.950831,1.1491685867309567,9.497261047363278
2020-04-17,Goa,WR,9.9,12.215498,2.3154979705810543,23.388868389707618
2020-04-18,Goa,WR,9.5,10.097077,0.5970773696899414,6.285024944104646
2020-04-19,Goa,WR,10.8,10.310214,0.4897859573364265,4.535055160522467
2020-04-20,Goa,WR,11.7,11.089556,0.610444259643554,5.217472304645761
2020-04-21,Goa,WR,12.3,12.076907,0.2230928421020515,1.8137629439191179
2020-04-22,Goa,WR,12.3,12.4312725,0.13127250671386648,1.067256152145256
2020-04-23,Goa,WR,12.3,12.4312725,0.13127250671386648,1.067256152145256
2020-04-24,Goa,WR,12.3,12.3113575,0.011357498168944602,0.09233738348735449
2020-04-25,Goa,WR,12.3,12.27576,0.024240303039551492,0.1970756344678983
2020-04-26,Goa,WR,12.3,12.409391,0.10939140319824148,0.8893610016117193
2020-04-27,Goa,WR,12.3,12.195047,0.10495262145996165,0.8532733452029403
2020-04-28,Goa,WR,12.0,12.167941,0.16794109344482422,1.3995091120402017
2020-04-29,Goa,WR,11.9,12.144426,0.24442634582519496,2.0540029060940754
2020-04-30,Goa,WR,11.9,11.101063,0.7989372253417972,6.7137581961495565
2020-05-01,Goa,WR,11.9,11.96993,0.06992969512939418,0.5876444968856653
2020-05-02,Goa,WR,11.9,12.194901,0.29490146636962855,2.478163582938055
2020-05-03,Goa,WR,9.4,12.128267,2.7282672882080075,29.024120087319226
2020-05-04,Goa,WR,10.5,10.583109,0.08310890197753906,0.7915133521670387
2020-05-05,Goa,WR,10.6,11.081282,0.48128166198730504,4.540393037616085
2020-05-13,Goa,WR,10.4,11.00328,0.6032796859741207,5.8007662112896226
2020-05-14,Goa,WR,10.6,10.703045,0.10304489135742223,0.972121616579455
2020-05-15,Goa,WR,10.6,10.650367,0.0503667831420902,0.4751583315291528
2020-05-16,Goa,WR,10.4,10.898842,0.4988418579101559,4.796556326059191
2020-05-17,Goa,WR,9.5,11.438577,1.9385766983032227,20.406070508454977
2020-05-18,Goa,WR,10.0,10.316251,0.3162508010864258,3.1625080108642583
2020-05-19,Goa,WR,10.0,10.814424,0.8144235610961914,8.144235610961914
2020-05-20,Goa,WR,9.8,10.740268,0.9402677536010735,9.594568914296667
2020-05-21,Goa,WR,9.6,10.289916,0.689916038513184,7.1866254011790005
2020-05-22,Goa,WR,9.6,10.144898,0.5448984146118168,5.676025152206425
2020-05-23,Goa,WR,8.3,10.144898,1.8448984146118157,22.22769174231103
2020-06-01,Goa,WR,12.4,9.962084,2.43791618347168,19.66061438283613
2020-06-02,Goa,WR,12.4,12.737316,0.3373161315917965,2.7202913838048106
2020-06-03,Goa,WR,12.4,12.66316,0.26316032409667933,2.122260678199027
2020-06-04,Goa,WR,12.4,12.66316,0.26316032409667933,2.122260678199027
2020-06-05,Goa,WR,12.5,12.371936,0.12806415557861328,1.0245132446289062
2020-07-01,Goa,WR,12.3,12.529962,0.22996158599853445,1.8696063902319875
2020-07-02,Goa,WR,12.3,12.708943,0.4089433670043938,3.324742821173933
2020-07-03,Goa,WR,8.8,12.366323,3.5663234710693352,40.52640308033335
2020-07-04,Goa,WR,8.8,9.553029,0.7530290603637688,8.557148413224645
2020-07-05,Goa,WR,8.8,9.4984455,0.6984455108642571,7.936880805275647
2020-08-01,Goa,WR,10.2,9.828293,0.3717071533203118,3.644187777650116
2020-08-02,Goa,WR,10.2,10.92512,0.7251203536987312,7.109023075477758
2020-08-03,Goa,WR,10.2,11.074075,0.8740747451782234,8.569360246845328
2020-08-04,Goa,WR,10.2,11.074075,0.8740747451782234,8.569360246845328
2020-08-05,Goa,WR,10.9,10.999919,0.09991893768310511,0.9166875016798633
2020-09-01,Goa,WR,11.0,11.149338,0.1493377685546875,1.3576160777698865
2020-09-02,Goa,WR,11.0,11.300154,0.3001537322998047,2.7286702936345884
2020-09-03,Goa,WR,10.4,11.300154,0.9001537322998043,8.65532434903658
2020-09-04,Goa,WR,10.4,10.979704,0.5797039031982418,5.574075992290787
2020-09-05,Goa,WR,10.4,10.979704,0.5797039031982418,5.574075992290787
2020-10-01,Goa,WR,9.2,10.268794,1.0687940597534187,11.617326736450204
2020-10-02,Goa,WR,10.0,9.975378,0.024621963500976562,0.24621963500976565
2020-10-03,Goa,WR,10.0,10.473551,0.47355079650878906,4.735507965087891
2020-10-04,Goa,WR,10.0,10.418967,0.41896724700927734,4.189672470092773
2020-10-05,Goa,WR,10.0,10.567922,0.5679216384887695,5.679216384887695
2020-11-01,Goa,WR,10.0,9.00573,0.9942703247070312,9.942703247070312
2020-11-02,Goa,WR,10.0,10.22492,0.22492027282714844,2.2492027282714844
2020-11-03,Goa,WR,10.5,10.22492,0.27507972717285156,2.6198069254557295
2020-11-04,Goa,WR,12.0,10.150764,1.8492355346679688,15.410296122233072
2020-11-05,Goa,WR,12.0,11.819051,0.18094921112060547,1.5079100926717124
2020-12-01,Goa,WR,12.0,11.836944,0.1630563735961914,1.3588031133015952
2020-12-02,Goa,WR,12.0,11.994209,0.00579071044921875,0.04825592041015625
2020-12-03,Goa,WR,12.0,12.243363,0.2433633804321289,2.028028170267741
2020-12-04,Goa,WR,12.0,12.223148,0.22314834594726562,1.8595695495605469
2020-12-05,Goa,WR,12.0,12.171753,0.1717529296875,1.4312744140625
2020-02-28,Gujarat,WR,370.7,368.67282,2.0271789550781136,0.5468516199293535
2020-02-29,Gujarat,WR,364.2,354.64322,9.556781005859364,2.6240475029817034
2020-03-01,Gujarat,WR,318.9,336.25858,17.358575439453148,5.443266051882454
2020-03-02,Gujarat,WR,324.5,312.62833,11.871673583984375,3.6584510274219952
2020-03-03,Gujarat,WR,320.9,319.27872,1.6212829589843523,0.5052299654049088
2020-03-04,Gujarat,WR,317.8,321.33508,3.5350830078124886,1.1123609212751695
2020-03-05,Gujarat,WR,313.9,319.8701,5.970086669921898,1.9019071901630769
2020-03-13,Gujarat,WR,327.6,317.99945,9.600549316406273,2.930570609403624
2020-03-14,Gujarat,WR,326.9,330.06516,3.1651550292968977,0.9682334136729575
2020-03-15,Gujarat,WR,322.7,326.01263,3.3126342773437614,1.0265368073578438
2020-03-16,Gujarat,WR,321.8,329.8054,8.005389404296864,2.487690927376278
2020-03-17,Gujarat,WR,305.1,329.8904,24.790411376953102,8.12533968435041
2020-03-18,Gujarat,WR,331.7,306.98056,24.719439697265614,7.4523484164201435
2020-03-19,Gujarat,WR,340.4,330.94397,9.456030273437477,2.7779172366150053
2020-03-20,Gujarat,WR,344.5,339.1458,5.35418701171875,1.554190714577286
2020-03-21,Gujarat,WR,354.4,344.0634,10.336614990234352,2.9166520852805737
2020-03-22,Gujarat,WR,231.4,351.29697,119.89696655273437,51.81372798303128
2020-03-23,Gujarat,WR,240.2,259.68655,19.486553955078136,8.112636950490481
2020-03-24,Gujarat,WR,242.8,249.51768,6.717684936523426,2.7667565636422675
2020-03-25,Gujarat,WR,241.1,250.33646,9.23645629882813,3.830964868862767
2020-03-26,Gujarat,WR,243.8,240.43845,3.3615539550781364,1.3788162243962823
2020-03-27,Gujarat,WR,246.0,249.10365,3.1036529541015625,1.2616475423177085
2020-03-28,Gujarat,WR,247.4,269.47867,22.07866821289062,8.924279795024502
2020-03-29,Gujarat,WR,284.8,279.92505,4.874951171875011,1.7117103833830798
2020-03-30,Gujarat,WR,289.3,293.38974,4.089739990234364,1.4136674698355907
2020-03-31,Gujarat,WR,293.8,297.52618,3.7261840820312386,1.2682723219983794
2020-04-01,Gujarat,WR,285.2,279.87936,5.320635986328114,1.8655806403675015
2020-04-02,Gujarat,WR,285.4,288.23224,2.8322387695312727,0.9923751820361852
2020-04-03,Gujarat,WR,292.8,286.86807,5.931927490234386,2.025931519888793
2020-04-04,Gujarat,WR,287.8,286.86807,0.9319274902343864,0.3238108027221634
2020-04-05,Gujarat,WR,317.1,284.83426,32.2657409667969,10.17525732160104
2020-04-13,Gujarat,WR,327.0,316.63443,10.365570068359375,3.1698991034738153
2020-04-14,Gujarat,WR,330.1,322.11078,7.989221191406273,2.42024271172562
2020-04-15,Gujarat,WR,336.8,329.6535,7.146496582031261,2.1218814079665265
2020-04-16,Gujarat,WR,337.4,333.2948,4.105200195312477,1.2167161219064841
2020-04-17,Gujarat,WR,332.8,330.5456,2.2544067382812614,0.6774058708777828
2020-04-18,Gujarat,WR,325.8,329.82697,4.026965332031239,1.2360237360439652
2020-04-19,Gujarat,WR,326.3,330.0252,3.7252075195312386,1.141651093941538
2020-04-20,Gujarat,WR,332.1,330.69302,1.4069763183593977,0.42366043913261
2020-04-21,Gujarat,WR,327.1,339.60587,12.505865478515602,3.8232545027562215
2020-04-22,Gujarat,WR,320.1,331.03555,10.935552978515602,3.4162927143129025
2020-04-23,Gujarat,WR,320.1,331.03555,10.935552978515602,3.4162927143129025
2020-04-24,Gujarat,WR,314.9,329.4986,14.598596191406273,4.635946710513266
2020-04-25,Gujarat,WR,301.0,328.42996,27.429962158203125,9.11294423860569
2020-04-26,Gujarat,WR,390.7,310.42093,80.27907104492186,20.54749706806293
2020-04-27,Gujarat,WR,394.8,383.74957,11.050427246093761,2.7989937300136174
2020-04-28,Gujarat,WR,387.9,375.10202,12.797979736328102,3.2992987203733186
2020-04-29,Gujarat,WR,395.0,380.01624,14.9837646484375,3.7933581388449364
2020-04-30,Gujarat,WR,400.8,374.53842,26.261578369140636,6.552290012260638
2020-05-01,Gujarat,WR,398.1,377.2476,20.852410888671898,5.237983142092915
2020-05-02,Gujarat,WR,387.1,373.82123,13.278771972656273,3.4303208402625343
2020-05-03,Gujarat,WR,289.9,348.88983,58.98983154296877,20.348337889951285
2020-05-04,Gujarat,WR,294.1,289.97708,4.122918701171898,1.4018764709867044
2020-05-05,Gujarat,WR,294.8,284.31793,10.482067871093761,3.555653958987029
2020-05-13,Gujarat,WR,300.2,302.34338,2.1433837890625114,0.7139852728389445
2020-05-14,Gujarat,WR,303.6,302.2859,1.3141113281250227,0.43284299345356475
2020-05-15,Gujarat,WR,304.0,307.33322,3.333221435546875,1.0964544195877879
2020-05-16,Gujarat,WR,302.8,306.79074,3.9907409667968636,1.3179461581231386
2020-05-17,Gujarat,WR,332.1,326.83783,5.262170410156273,1.5845138241964085
2020-05-18,Gujarat,WR,333.9,336.49548,2.5954833984375227,0.7773235694631695
2020-05-19,Gujarat,WR,332.6,335.6242,3.0242065429687273,0.9092623400387032
2020-05-20,Gujarat,WR,337.0,335.55005,1.449951171875,0.43025257325667654
2020-05-21,Gujarat,WR,337.3,335.74976,1.5502441406250114,0.45960395512155683
2020-05-22,Gujarat,WR,333.9,330.48212,3.4178833007812273,1.0236248280267228
2020-05-23,Gujarat,WR,318.9,330.203,11.303002929687523,3.544372194947483
2020-06-01,Gujarat,WR,330.3,315.56427,14.735729980468761,4.46131697864631
2020-06-02,Gujarat,WR,331.3,326.6662,4.633801269531261,1.3986722817782256
2020-06-03,Gujarat,WR,330.8,326.93115,3.8688476562500114,1.1695428223246709
2020-06-04,Gujarat,WR,336.3,328.25912,8.040875244140636,2.39098282608999
2020-06-05,Gujarat,WR,331.9,327.7798,4.120214843749977,1.2414024838053563
2020-07-01,Gujarat,WR,325.8,328.8306,3.0305969238281136,0.9302016340786108
2020-07-02,Gujarat,WR,312.0,318.43546,6.435455322265625,2.062645936623598
2020-07-03,Gujarat,WR,289.7,313.21527,23.51527099609376,8.11711114811659
2020-07-04,Gujarat,WR,297.9,289.03827,8.861730957031227,2.9747334531826883
2020-07-05,Gujarat,WR,296.8,305.03717,8.237170410156239,2.7753269575998107
2020-08-01,Gujarat,WR,288.7,300.35248,11.652478027343761,4.036189133129117
2020-08-02,Gujarat,WR,292.4,289.2986,3.1013854980468523,1.0606653550091836
2020-08-03,Gujarat,WR,294.3,289.35123,4.948773193359386,1.6815403307371344
2020-08-04,Gujarat,WR,276.3,286.03394,9.733935546874989,3.52295893842743
2020-08-05,Gujarat,WR,360.1,287.34848,72.75151977539065,20.20314350885605
2020-09-01,Gujarat,WR,363.1,343.42636,19.673638916015648,5.4182426097536895
2020-09-02,Gujarat,WR,356.5,360.15607,3.65606689453125,1.0255447109484572
2020-09-03,Gujarat,WR,354.3,343.53326,10.766735839843761,3.0388754840089645
2020-09-04,Gujarat,WR,345.3,350.1666,4.866595458984364,1.4093818299983676
2020-09-05,Gujarat,WR,344.0,345.94894,1.948944091796875,0.5665535150572311
2020-10-01,Gujarat,WR,335.6,336.10132,0.5013183593749773,0.14937972567788357
2020-10-02,Gujarat,WR,330.7,311.24457,19.45543212890624,5.883106177473916
2020-10-03,Gujarat,WR,339.0,328.63058,10.369415283203125,3.058824567316556
2020-10-04,Gujarat,WR,331.1,338.911,7.811010742187477,2.3591092546624814
2020-10-05,Gujarat,WR,318.1,327.21878,9.118780517578102,2.8666395842747883
2020-11-01,Gujarat,WR,322.7,316.8858,5.814196777343739,1.8017343592636317
2020-11-02,Gujarat,WR,321.8,316.7179,5.082104492187511,1.5792742362298045
2020-11-03,Gujarat,WR,305.1,316.48676,11.386755371093727,3.7321387646980417
2020-11-04,Gujarat,WR,359.3,304.69614,54.603863525390636,15.197290154575741
2020-11-05,Gujarat,WR,366.9,344.7367,22.163305664062477,6.040693830488547
2020-12-01,Gujarat,WR,370.5,355.0039,15.49609375,4.182481443994602
2020-12-02,Gujarat,WR,377.4,358.56195,18.838049316406227,4.991534000107638
2020-12-03,Gujarat,WR,379.8,372.4274,7.372601318359386,1.9411799153131613
2020-12-04,Gujarat,WR,377.2,368.43234,8.767657470703114,2.324405480037941
2020-12-05,Gujarat,WR,362.5,363.2186,0.718597412109375,0.19823376885775862
2020-02-28,HP,NR,28.6,27.426674,1.1733261108398452,4.102538849090368
2020-02-29,HP,NR,25.8,28.901844,3.1018440246582024,12.022651258365126
2020-03-01,HP,NR,30.8,25.768858,5.0311420440673835,16.334876766452545
2020-03-02,HP,NR,31.3,30.371159,0.9288414001464851,2.9675444094136902
2020-03-03,HP,NR,27.9,31.251837,3.3518367767334,12.013751887933335
2020-03-04,HP,NR,28.8,27.502172,1.2978275299072273,4.50634558995565
2020-03-05,HP,NR,30.2,28.31634,1.8836605072021477,6.237286447689231
2020-03-13,HP,NR,30.3,28.464293,1.8357074737548835,6.05844050744186
2020-03-14,HP,NR,28.4,28.585234,0.1852336883544936,0.6522312970228649
2020-03-15,HP,NR,29.9,27.56185,2.3381504058837876,7.819901023022702
2020-03-16,HP,NR,29.9,29.387085,0.5129150390624986,1.7154349132525035
2020-03-17,HP,NR,25.0,28.925648,3.925647735595703,15.702590942382812
2020-03-18,HP,NR,28.1,24.983694,3.1163059234619155,11.090056667124253
2020-03-19,HP,NR,28.2,27.050013,1.1499874114990227,4.077969544322776
2020-03-20,HP,NR,29.8,27.539248,2.260752487182618,7.58641774222355
2020-03-21,HP,NR,29.0,28.708363,0.2916374206542969,1.0056462781182651
2020-03-22,HP,NR,11.9,28.204647,16.304647064208986,137.01384087570577
2020-03-23,HP,NR,12.4,16.020535,3.620534515380859,29.197858995006925
2020-03-24,HP,NR,12.6,13.53023,0.9302295684814457,7.382774353027346
2020-03-25,HP,NR,13.3,13.358879,0.05887908935546804,0.4426999199659251
2020-03-26,HP,NR,13.1,13.515452,0.4154523849487308,3.1713922515170294
2020-03-27,HP,NR,13.2,13.407358,0.20735816955566477,1.5708952239065517
2020-03-28,HP,NR,13.0,19.040237,6.0402374267578125,46.46336482121394
2020-03-29,HP,NR,26.4,18.142502,8.257498168945311,31.278402155095876
2020-03-30,HP,NR,27.2,24.595535,2.604464721679687,9.575237947351791
2020-03-31,HP,NR,27.9,29.405088,1.5050884246826186,5.3945821673212135
2020-04-01,HP,NR,26.5,27.755472,1.255472183227539,4.7376308801039215
2020-04-02,HP,NR,27.2,27.06793,0.1320697784423821,0.4855506560381695
2020-04-03,HP,NR,27.4,27.477856,0.0778556823730483,0.2841448261790084
2020-04-04,HP,NR,25.9,27.477856,1.5778556823730483,6.092106881749221
2020-04-05,HP,NR,27.7,25.676264,2.0237361907958977,7.305906825977971
2020-04-13,HP,NR,28.2,27.321125,0.8788749694824212,3.116577905966033
2020-04-14,HP,NR,29.3,28.135292,1.1647079467773445,3.9751124463390597
2020-04-15,HP,NR,28.2,28.15789,0.04210968017578054,0.14932510700631396
2020-04-16,HP,NR,28.7,28.008688,0.6913120269775384,2.4087527072388095
2020-04-17,HP,NR,28.0,27.956697,0.04330253601074219,0.15465191432407924
2020-04-18,HP,NR,25.1,27.139174,2.0391735076904283,8.124197241794533
2020-04-19,HP,NR,29.0,25.545591,3.454408645629883,11.911753950447872
2020-04-20,HP,NR,30.4,28.54509,1.854910278320311,6.101678547106286
2020-04-21,HP,NR,29.7,30.10822,0.40821914672851634,1.374475241510156
2020-04-22,HP,NR,26.2,29.242373,3.0423725128173835,11.612108827547265
2020-04-23,HP,NR,26.2,25.82939,0.3706104278564446,1.4145436177726893
2020-04-24,HP,NR,28.6,25.456839,3.1431613922119155,10.990074797943759
2020-04-25,HP,NR,27.6,27.885866,0.2858661651611314,1.0357469752214905
2020-04-26,HP,NR,30.3,27.358927,2.9410732269287116,9.706512300094758
2020-04-27,HP,NR,28.1,29.884832,1.784832382202147,6.351716662641092
2020-04-28,HP,NR,30.4,27.062897,3.3371032714843736,10.977313393040703
2020-04-29,HP,NR,29.0,30.111582,1.111581802368164,3.833040697821256
2020-04-30,HP,NR,30.6,27.86236,2.73763999938965,8.946535945717809
2020-05-01,HP,NR,30.1,30.043592,0.056407546997071734,0.18740048836236456
2020-05-02,HP,NR,26.8,30.098005,3.298005294799804,12.305989905969419
2020-05-03,HP,NR,16.1,26.639618,10.539617919921874,65.46346534112965
2020-05-04,HP,NR,17.6,20.015236,2.415235900878905,13.722931254993775
2020-05-05,HP,NR,18.4,19.078838,0.6788383483886733,3.689338849938442
2020-05-13,HP,NR,19.9,18.931488,0.9685119628906236,4.866894285882531
2020-05-14,HP,NR,17.4,21.192621,3.792621231079103,21.796673741833928
2020-05-15,HP,NR,19.2,19.778053,0.578053283691407,3.0106941858927447
2020-05-16,HP,NR,19.6,20.865608,1.2656082153320298,6.457184772102193
2020-05-17,HP,NR,30.2,21.746696,8.45330352783203,27.991071284212023
2020-05-18,HP,NR,30.7,29.787262,0.9127380371093743,2.973088068760177
2020-05-19,HP,NR,30.1,30.473358,0.3733581542968736,1.240392539192271
2020-05-20,HP,NR,30.5,30.399202,0.10079765319824219,0.3304841088466957
2020-05-21,HP,NR,31.1,30.379347,0.7206531524658217,2.3172127088933174
2020-05-22,HP,NR,30.3,30.897083,0.5970832824707024,1.9705718893422521
2020-05-23,HP,NR,27.5,30.016405,2.5164051055908203,9.150564020330256
2020-06-01,HP,NR,28.3,28.089722,0.2102783203125007,0.7430329339664336
2020-06-02,HP,NR,28.4,28.18525,0.21475067138671733,0.756164335868723
2020-06-03,HP,NR,29.6,28.111094,1.4889064788818374,5.030089455681883
2020-06-04,HP,NR,29.9,29.300064,0.5999359130859361,2.0064746257054717
2020-06-05,HP,NR,30.4,29.008837,1.3911632537841783,4.576194913763745
2020-07-01,HP,NR,30.0,30.040388,0.04038810729980469,0.1346270243326823
2020-07-02,HP,NR,26.4,29.303108,2.9031082153320327,10.996622027772851
2020-07-03,HP,NR,29.5,25.393883,4.106117248535156,13.919041520458157
2020-07-04,HP,NR,30.7,28.220589,2.479411315917968,8.076258358038984
2020-07-05,HP,NR,30.7,29.803574,0.8964263916015618,2.9199556729692566
2020-08-01,HP,NR,29.9,29.979431,0.07943115234375142,0.2656560279055232
2020-08-02,HP,NR,30.8,29.242151,1.5578487396240241,5.057950453324754
2020-08-03,HP,NR,31.1,29.996645,1.1033550262451186,3.5477653577013455
2020-08-04,HP,NR,28.2,30.877323,2.6773231506347663,9.4940537256552
2020-08-05,HP,NR,27.5,27.941826,0.44182586669921875,1.6066395152698865
2020-09-01,HP,NR,28.4,26.902239,1.4977611541748033,5.273806880897195
2020-09-02,HP,NR,28.2,27.941826,0.25817413330078054,0.9155111109956757
2020-09-03,HP,NR,29.4,27.941826,1.4581741333007798,4.959775963608095
2020-09-04,HP,NR,29.6,28.45086,1.1491409301757827,3.8822328722154817
2020-09-05,HP,NR,30.5,29.242151,1.2578487396240234,4.124094228275486
2020-10-01,HP,NR,27.5,29.688341,2.1883411407470703,7.957604148171164
2020-10-02,HP,NR,29.6,26.814116,2.7858844757080092,9.411771877391923
2020-10-03,HP,NR,30.6,29.062416,1.5375839233398452,5.024784063202108
2020-10-04,HP,NR,31.8,29.854109,1.945891189575196,6.119154684198729
2020-10-05,HP,NR,30.0,30.697588,0.6975879669189453,2.325293223063151
2020-11-01,HP,NR,29.9,26.069431,3.830568695068358,12.81126653869016
2020-11-02,HP,NR,29.9,28.735594,1.1644062042236314,3.8943351311827143
2020-11-03,HP,NR,25.0,28.735594,3.735593795776367,14.942375183105469
2020-11-04,HP,NR,24.9,24.8636,0.03640022277831889,0.14618563364786702
2020-11-05,HP,NR,24.7,24.8636,0.1635997772216804,0.6623472762011352
2020-12-01,HP,NR,25.4,24.555946,0.8440536499023423,3.3230458657572535
2020-12-02,HP,NR,25.8,25.285204,0.5147960662841804,1.9953335902487612
2020-12-03,HP,NR,26.2,25.534359,0.6656410217285149,2.540614586750057
2020-12-04,HP,NR,27.0,25.579111,1.420888900756836,5.262551484284578
2020-12-05,HP,NR,24.3,26.948809,2.6488086700439446,10.900447201826932
2020-02-28,Haryana,NR,162.0,157.09213,4.907867431640625,3.0295477973090277
2020-02-29,Haryana,NR,158.8,157.84631,0.9536865234375114,0.6005582641294152
2020-03-01,Haryana,NR,125.7,163.9264,38.22640686035156,30.410824869014764
2020-03-02,Haryana,NR,124.7,123.31197,1.388026428222659,1.1130925647334877
2020-03-03,Haryana,NR,120.2,123.967186,3.767185974121091,3.1340981481872636
2020-03-04,Haryana,NR,126.5,122.62651,3.8734893798828125,3.062046940618824
2020-03-05,Haryana,NR,129.7,125.47784,4.22216339111327,3.2553302938421513
2020-03-13,Haryana,NR,128.5,122.06547,6.434532165527344,5.007418027647739
2020-03-14,Haryana,NR,114.1,119.66145,5.561453247070318,4.874192153435862
2020-03-15,Haryana,NR,205.8,124.028824,81.77117614746095,39.7333217431783
2020-03-16,Haryana,NR,210.4,206.08443,4.315573120117193,2.051127908800947
2020-03-17,Haryana,NR,199.5,204.98021,5.4802093505859375,2.7469721055568606
2020-03-18,Haryana,NR,214.9,195.0941,19.805899047851568,9.216332735156616
2020-03-19,Haryana,NR,207.9,208.83015,0.9301544189453068,0.44740472291741545
2020-03-20,Haryana,NR,210.1,202.38785,7.712152099609369,3.670705425801699
2020-03-21,Haryana,NR,214.6,203.68202,10.917977905273432,5.087594550453603
2020-03-22,Haryana,NR,74.2,157.1742,82.9741943359375,111.82505975193733
2020-03-23,Haryana,NR,75.8,70.54505,5.254948425292966,6.932649637589665
2020-03-24,Haryana,NR,73.2,78.570244,5.370243835449216,7.336398682307673
2020-03-25,Haryana,NR,70.3,73.7151,3.4151031494140653,4.857899216805214
2020-03-26,Haryana,NR,73.8,68.589355,5.210644531249997,7.060493944783194
2020-03-27,Haryana,NR,76.7,71.53324,5.166758728027347,6.7363216793055365
2020-03-28,Haryana,NR,79.3,81.74348,2.443476867675784,3.0813075254423508
2020-03-29,Haryana,NR,115.6,120.25247,4.652471923828131,4.024629691892847
2020-03-30,Haryana,NR,118.0,121.54476,3.5447616577148438,3.0040353031481724
2020-03-31,Haryana,NR,119.6,128.44421,8.844213867187506,7.3948276481500885
2020-04-01,Haryana,NR,112.8,122.75995,9.959948730468753,8.829741782330455
2020-04-02,Haryana,NR,114.7,122.20661,7.506611633300778,6.544561144987601
2020-04-03,Haryana,NR,114.3,114.83356,0.5335571289062528,0.4668041372758118
2020-04-04,Haryana,NR,102.6,112.34036,9.74036254882813,9.493530749345156
2020-04-05,Haryana,NR,107.6,99.980644,7.619355773925776,7.0811856634997925
2020-04-13,Haryana,NR,116.5,104.20662,12.293380737304688,10.552258143609174
2020-04-14,Haryana,NR,121.2,106.26835,14.931651306152347,12.319844312006886
2020-04-15,Haryana,NR,125.1,111.99587,13.1041275024414,10.47492206430168
2020-04-16,Haryana,NR,125.6,121.201485,4.398515319824213,3.5020026431721445
2020-04-17,Haryana,NR,124.3,121.30336,2.9966400146484347,2.410812562066319
2020-04-18,Haryana,NR,116.8,127.34136,10.541361999511722,9.025138698212091
2020-04-19,Haryana,NR,123.4,124.04303,0.6430297851562443,0.5210938291379613
2020-04-20,Haryana,NR,126.5,133.48941,6.989410400390625,5.525225612957016
2020-04-21,Haryana,NR,125.3,132.49944,7.19943542480469,5.745758519397199
2020-04-22,Haryana,NR,129.7,131.43361,1.7336090087890739,1.3366299219653617
2020-04-23,Haryana,NR,115.0,132.01753,17.017532348632812,14.797854216202447
2020-04-24,Haryana,NR,120.0,127.14344,7.143440246582031,5.952866872151693
2020-04-25,Haryana,NR,111.6,129.1052,17.50519409179688,15.68565778834846
2020-04-26,Haryana,NR,189.3,117.03156,72.26843719482423,38.17667046741903
2020-04-27,Haryana,NR,184.2,185.36499,1.1649902343750114,0.632459410627042
2020-04-28,Haryana,NR,189.4,179.32622,10.073782348632818,5.3187868788980035
2020-04-29,Haryana,NR,185.1,186.14972,1.0497192382812557,0.5671092589309863
2020-04-30,Haryana,NR,183.5,185.90436,2.40435791015625,1.3102767902758856
2020-05-01,Haryana,NR,187.4,176.5225,10.877493286132818,5.804425446175463
2020-05-02,Haryana,NR,179.9,184.53477,4.634774780273432,2.5763061591292007
2020-05-03,Haryana,NR,89.5,150.18582,60.685821533203125,67.80538718793645
2020-05-04,Haryana,NR,91.0,97.21472,6.2147216796875,6.829364483173077
2020-05-05,Haryana,NR,108.2,96.26578,11.934222412109378,11.029780417846005
2020-05-13,Haryana,NR,106.9,111.941124,5.041123962402338,4.715738037794516
2020-05-14,Haryana,NR,109.1,114.7415,5.641500854492193,5.17094487121191
2020-05-15,Haryana,NR,120.2,113.818016,6.381983947753909,5.309470838397594
2020-05-16,Haryana,NR,126.3,121.16339,5.136608886718747,4.066990409120148
2020-05-17,Haryana,NR,123.6,129.3061,5.706106567382818,4.616591073934319
2020-05-18,Haryana,NR,128.5,128.80496,0.304962158203125,0.2373246367339494
2020-05-19,Haryana,NR,131.6,130.0614,1.5385986328124943,1.169147897273932
2020-05-20,Haryana,NR,131.6,134.47105,2.871054077148443,2.181652034307328
2020-05-21,Haryana,NR,133.0,134.20032,1.2003173828125,0.9024942727913534
2020-05-22,Haryana,NR,131.6,136.05424,4.454244995117193,3.3846846467455878
2020-05-23,Haryana,NR,122.9,134.93204,12.03203735351562,9.790103623690495
2020-06-01,Haryana,NR,109.1,133.81346,24.713461303710943,22.652118518525157
2020-06-02,Haryana,NR,115.8,119.88196,4.081958007812503,3.5250069152094152
2020-06-03,Haryana,NR,118.6,119.57087,0.9708694458007869,0.8186083016870042
2020-06-04,Haryana,NR,119.4,122.19776,2.7977615356445256,2.3431838656989323
2020-06-05,Haryana,NR,121.6,120.90024,0.6997619628906193,0.5754621405350488
2020-07-01,Haryana,NR,120.5,126.03955,5.53955078125,4.597137577800829
2020-07-02,Haryana,NR,109.0,128.66006,19.660064697265625,18.036756602995986
2020-07-03,Haryana,NR,204.6,128.63467,75.96532592773437,37.128702799479164
2020-07-04,Haryana,NR,215.7,202.94922,12.750781249999989,5.911349675475193
2020-07-05,Haryana,NR,217.8,215.09544,2.704556274414074,1.2417613748457639
2020-08-01,Haryana,NR,208.0,212.77489,4.7748870849609375,2.2956187908466044
2020-08-02,Haryana,NR,209.3,204.5079,4.792095947265636,2.2895823923868304
2020-08-03,Haryana,NR,209.1,204.61865,4.481347656249994,2.1431600460306046
2020-08-04,Haryana,NR,198.2,206.63235,8.432354736328136,4.254467576351229
2020-08-05,Haryana,NR,110.4,159.63379,49.233789062499994,44.595823426177525
2020-09-01,Haryana,NR,119.5,104.43018,15.069816589355469,12.610725179376962
2020-09-02,Haryana,NR,114.0,120.10442,6.104423522949219,5.354757476271244
2020-09-03,Haryana,NR,97.2,117.595985,20.395985412597653,20.98352408703462
2020-09-04,Haryana,NR,87.6,111.65508,24.055082702636724,27.460140071503115
2020-09-05,Haryana,NR,99.1,87.578125,11.521874999999994,11.626513622603426
2020-10-01,Haryana,NR,93.2,101.484566,8.284565734863278,8.88901902882326
2020-10-02,Haryana,NR,228.1,128.80907,99.29093322753906,43.529563010758025
2020-10-03,Haryana,NR,223.9,227.13036,3.230355834960932,1.4427672331223456
2020-10-04,Haryana,NR,237.2,224.78874,12.411257934570301,5.232402164658644
2020-10-05,Haryana,NR,208.2,235.83226,27.63226013183595,13.271978929796328
2020-11-01,Haryana,NR,205.8,202.31949,3.4805114746093864,1.691210629061898
2020-11-02,Haryana,NR,210.4,208.18413,2.215872192382818,1.0531711940982977
2020-11-03,Haryana,NR,199.5,205.94514,6.4451446533203125,3.230648949032738
2020-11-04,Haryana,NR,117.9,162.66496,44.76496276855468,37.968585893600235
2020-11-05,Haryana,NR,124.0,112.57442,11.425582885742188,9.21417974656628
2020-12-01,Haryana,NR,126.0,119.885086,6.1149139404296875,4.853106301928324
2020-12-02,Haryana,NR,127.3,122.8061,4.493901062011716,3.530165798909439
2020-12-03,Haryana,NR,129.7,125.617905,4.082095336914051,3.1473364201341956
2020-12-04,Haryana,NR,128.4,125.461494,2.9385055541992244,2.2885557275694897
2020-12-05,Haryana,NR,111.2,125.59562,14.395619201660153,12.945700720917403
2020-02-28,J&K,NR,43.4,44.66851,1.2685104370117202,2.922835108321936
2020-02-29,J&K,NR,46.5,45.85115,0.6488494873046875,1.395375241515457
2020-03-01,J&K,NR,52.0,45.20763,6.792369842529297,13.062249697171724
2020-03-02,J&K,NR,49.9,48.084564,1.8154357910156236,3.638147877786821
2020-03-03,J&K,NR,51.9,47.967514,3.932485961914061,7.577044242608981
2020-03-04,J&K,NR,53.8,47.89336,5.906639862060544,10.97888450197127
2020-03-05,J&K,NR,53.2,54.26129,1.0612915039062472,1.994908841929036
2020-03-13,J&K,NR,52.5,52.15861,0.3413887023925781,0.6502641950334821
2020-03-14,J&K,NR,47.6,52.279556,4.679556274414061,9.831000576500127
2020-03-15,J&K,NR,41.9,45.731007,3.8310066223144545,9.143213895738555
2020-03-16,J&K,NR,41.0,43.61055,2.6105499267578125,6.367194943311738
2020-03-17,J&K,NR,43.0,42.065784,0.9342155456542969,2.172594292219295
2020-03-18,J&K,NR,44.1,42.80492,1.2950798034667983,2.9366888967501095
2020-03-19,J&K,NR,40.8,43.759083,2.959082794189456,7.252653907327098
2020-03-20,J&K,NR,42.0,41.650436,0.3495635986328125,0.8322942824590774
2020-03-21,J&K,NR,42.4,42.5149,0.11490020751953267,0.27099105547059593
2020-03-22,J&K,NR,40.7,42.73443,2.034428405761716,4.998595591552127
2020-03-23,J&K,NR,40.6,41.878864,1.2788642883300767,3.1499120402218637
2020-03-24,J&K,NR,43.4,41.7776,1.6224006652832017,3.7382503808368703
2020-03-25,J&K,NR,42.9,43.438656,0.5386558532714858,1.255608049583883
2020-03-26,J&K,NR,41.2,42.436523,1.2365234374999972,3.001270479368925
2020-03-27,J&K,NR,41.7,41.458,0.2419998168945341,0.5803352923130314
2020-03-28,J&K,NR,43.7,43.566093,0.1339065551757841,0.30642232305671413
2020-03-29,J&K,NR,43.6,46.705845,3.105844879150389,7.123497429244012
2020-03-30,J&K,NR,43.3,43.494442,0.19444198608398722,0.4490577045819567
2020-03-31,J&K,NR,40.1,46.32079,6.220789337158202,15.513190366978058
2020-04-01,J&K,NR,17.8,41.387005,23.58700485229492,132.51126321514
2020-04-02,J&K,NR,18.9,21.743916,2.8439155578613295,15.047172263816561
2020-04-03,J&K,NR,24.5,22.582829,1.9171714782714844,7.825189707230548
2020-04-04,J&K,NR,31.3,27.006376,4.2936237335205085,13.71764771092814
2020-04-05,J&K,NR,48.5,34.151638,14.34836196899414,29.584251482462147
2020-04-13,J&K,NR,48.4,44.750793,3.6492065429687486,7.539682940018076
2020-04-14,J&K,NR,46.9,44.91561,1.9843887329101548,4.231106040320159
2020-04-15,J&K,NR,46.0,44.54053,1.4594688415527344,3.1727583512015967
2020-04-16,J&K,NR,47.9,44.47623,3.423769378662108,7.1477440055576364
2020-04-17,J&K,NR,46.4,45.093323,1.3066772460937486,2.8161147545123892
2020-04-18,J&K,NR,45.3,44.528732,0.7712677001953097,1.7025777046254076
2020-04-19,J&K,NR,49.6,43.19078,6.409219360351564,12.92181322651525
2020-04-20,J&K,NR,50.8,45.873177,4.926823425292966,9.698471309631824
2020-04-21,J&K,NR,51.0,46.008965,4.991035461425781,9.786344042011336
2020-04-22,J&K,NR,29.2,46.24454,17.04454116821289,58.3717163294962
2020-04-23,J&K,NR,35.9,32.26524,3.6347602844238267,10.12468045800509
2020-04-24,J&K,NR,42.8,37.827656,4.972344207763669,11.617626653653433
2020-04-25,J&K,NR,46.4,42.893402,3.5065979003906236,7.55732306118669
2020-04-26,J&K,NR,42.6,45.613995,3.0139945983886705,7.075104691053216
2020-04-27,J&K,NR,42.4,42.959618,0.5596176147460952,1.3198528649672057
2020-04-28,J&K,NR,47.6,42.467064,5.132936096191408,10.783479193679428
2020-04-29,J&K,NR,47.5,47.082542,0.41745758056640625,0.878858064350329
2020-04-30,J&K,NR,47.9,46.50963,1.390371704101561,2.9026549146170377
2020-05-01,J&K,NR,47.5,47.082684,0.4173164367675781,0.8785609195106908
2020-05-02,J&K,NR,46.0,46.445366,0.44536590576171875,0.9681867516559103
2020-05-03,J&K,NR,37.8,45.803932,8.003932189941409,21.17442378291378
2020-05-04,J&K,NR,38.7,40.98221,2.282208251953122,5.897178945615302
2020-05-05,J&K,NR,40.7,40.917248,0.21724777221679403,0.533778310114973
2020-05-13,J&K,NR,39.2,41.95502,2.755020904541013,7.028114552400543
2020-05-14,J&K,NR,41.9,40.704662,1.1953376770019517,2.8528345513173075
2020-05-15,J&K,NR,44.1,42.636055,1.4639450073242202,3.3196031912113835
2020-05-16,J&K,NR,42.9,43.83869,0.9386917114257827,2.188092567426067
2020-05-17,J&K,NR,50.2,46.24395,3.956050109863284,7.880577908094192
2020-05-18,J&K,NR,53.6,47.692432,5.907567596435548,11.021581336633485
2020-05-19,J&K,NR,50.2,54.01781,3.8178108215332003,7.605200839707569
2020-05-20,J&K,NR,49.7,47.575726,2.124274444580081,4.274194053481048
2020-05-21,J&K,NR,51.1,47.623547,3.4764533996582045,6.803235615769481
2020-05-22,J&K,NR,50.7,47.2606,3.439398956298831,6.783824371398088
2020-05-23,J&K,NR,49.9,47.2606,2.6393989562988267,5.289376665929513
2020-06-01,J&K,NR,44.3,48.838116,4.538115692138675,10.244053481125677
2020-06-02,J&K,NR,44.4,45.02831,0.6283088684082045,1.4151100639824428
2020-06-03,J&K,NR,45.3,44.855057,0.44494323730468466,0.9822146518867212
2020-06-04,J&K,NR,46.4,44.855057,1.544943237304686,3.3296190459152717
2020-06-05,J&K,NR,45.9,45.573093,0.32690658569335795,0.71221478364566
2020-07-01,J&K,NR,46.4,46.50468,0.1046806335449233,0.2256048136744037
2020-07-02,J&K,NR,45.4,45.28767,0.1123298645019517,0.2474226090351359
2020-07-03,J&K,NR,39.5,44.235832,4.735832214355469,11.989448643937896
2020-07-04,J&K,NR,41.2,40.90659,0.2934104919433622,0.7121613882120441
2020-07-05,J&K,NR,40.3,42.197105,1.8971054077148466,4.707457587381754
2020-08-01,J&K,NR,38.6,42.160126,3.5601257324218736,9.223123659124024
2020-08-02,J&K,NR,39.8,40.50535,0.7053482055664091,1.7722316722774099
2020-08-03,J&K,NR,40.2,42.44476,2.2447593688964815,5.583978529593237
2020-08-04,J&K,NR,39.3,42.44476,3.144759368896487,8.001932236377831
2020-08-05,J&K,NR,46.8,40.319256,6.480744171142575,13.847743955432854
2020-09-01,J&K,NR,46.9,45.073715,1.826284790039061,3.8939974201259298
2020-09-02,J&K,NR,45.4,46.0054,0.6054016113281264,1.333483725392349
2020-09-03,J&K,NR,45.7,44.421345,1.2786552429199247,2.797932697855415
2020-09-04,J&K,NR,46.8,44.5327,2.2673004150390597,4.844659006493718
2020-09-05,J&K,NR,49.2,45.541958,3.6580421447753935,7.4350450097060845
2020-10-01,J&K,NR,47.4,47.829033,0.42903289794922017,0.9051326960954013
2020-10-02,J&K,NR,44.4,45.720875,1.3208747863769545,2.9749432125607087
2020-10-03,J&K,NR,45.6,44.286366,1.3136344909667983,2.8807773924710487
2020-10-04,J&K,NR,45.9,44.23178,1.6682189941406236,3.6344640395220553
2020-10-05,J&K,NR,41.6,45.009777,3.4097770690917955,8.196579493009123
2020-11-01,J&K,NR,41.9,42.534233,0.6342330932617202,1.5136828001473035
2020-11-02,J&K,NR,41.0,42.527596,1.5275955200195312,3.7258427317549545
2020-11-03,J&K,NR,43.0,41.710953,1.2890472412109375,2.9977842818859015
2020-11-04,J&K,NR,44.5,42.39236,2.1076393127441406,4.736268118526159
2020-11-05,J&K,NR,45.4,43.7817,1.6182998657226548,3.5645371491688436
2020-12-01,J&K,NR,45.4,44.771084,0.6289161682128892,1.3852779035526195
2020-12-02,J&K,NR,45.2,44.060547,1.1394531250000028,2.520913993362838
2020-12-03,J&K,NR,45.2,44.3097,0.8902999877929716,1.9696902384800257
2020-12-04,J&K,NR,43.0,44.421055,1.4210548400878906,3.304778697878816
2020-12-05,J&K,NR,42.6,43.15448,0.5544799804687486,1.3015961982834474
2020-02-28,Jharkhand,ER,26.8,25.741014,1.0589855194091804,3.9514385052581353
2020-02-29,Jharkhand,ER,28.9,26.585854,2.3141464233398423,8.007427070380077
2020-03-01,Jharkhand,ER,24.6,27.985703,3.385702514648436,13.763018352229414
2020-03-02,Jharkhand,ER,24.2,24.592594,0.39259414672851634,1.6222898625145303
2020-03-03,Jharkhand,ER,25.6,24.370853,1.2291465759277358,4.801353812217718
2020-03-04,Jharkhand,ER,23.9,25.26099,1.360990142822267,5.69451942603459
2020-03-05,Jharkhand,ER,24.4,24.296698,0.10330238342285014,0.42337042386414
2020-03-13,Jharkhand,ER,24.6,23.056812,1.5431877136230483,6.273120787085562
2020-03-14,Jharkhand,ER,24.0,23.399494,0.6005058288574219,2.502107620239258
2020-03-15,Jharkhand,ER,23.4,23.490812,0.09081230163574361,0.3880867591271095
2020-03-16,Jharkhand,ER,22.6,23.626099,1.0260986328124986,4.540259437223445
2020-03-17,Jharkhand,ER,21.5,23.054556,1.554555892944336,7.230492525322493
2020-03-18,Jharkhand,ER,23.5,22.320469,1.1795310974121094,5.019281265583444
2020-03-19,Jharkhand,ER,23.2,23.05415,0.14585037231445241,0.6286653979071225
2020-03-20,Jharkhand,ER,22.8,22.927126,0.1271259307861321,0.5575698718690004
2020-03-21,Jharkhand,ER,22.6,22.837273,0.23727264404296733,1.0498789559423332
2020-03-22,Jharkhand,ER,22.7,23.12485,0.4248493194580085,1.8715829051013593
2020-03-23,Jharkhand,ER,22.7,22.979948,0.2799480438232429,1.2332512943755194
2020-03-24,Jharkhand,ER,22.9,23.176468,0.2764678955078139,1.207283386497004
2020-03-25,Jharkhand,ER,20.5,22.874527,2.3745269775390625,11.583058427019816
2020-03-26,Jharkhand,ER,21.0,21.339188,0.3391876220703125,1.615179152715774
2020-03-27,Jharkhand,ER,22.3,22.099733,0.2002666473388679,0.8980567145240712
2020-03-28,Jharkhand,ER,22.6,24.42855,1.8285507202148423,8.09093239033116
2020-03-29,Jharkhand,ER,23.6,25.96731,2.367309951782225,10.03097437195858
2020-03-30,Jharkhand,ER,24.0,23.142128,0.8578720092773438,3.5744667053222656
2020-03-31,Jharkhand,ER,24.0,26.22314,2.2231407165527344,9.263086318969727
2020-04-01,Jharkhand,ER,23.7,24.077545,0.3775451660156257,1.593017578125003
2020-04-02,Jharkhand,ER,23.9,23.860825,0.03917541503906108,0.1639138704563225
2020-04-03,Jharkhand,ER,23.4,24.0977,0.6977001190185561,2.98162444025024
2020-04-04,Jharkhand,ER,23.4,23.49393,0.09393081665039205,0.4014137463691968
2020-04-05,Jharkhand,ER,22.8,23.48188,0.6818801879882805,2.9907025788959674
2020-04-13,Jharkhand,ER,23.7,23.401777,0.2982227325439446,1.258323766008205
2020-04-14,Jharkhand,ER,23.5,23.809587,0.3095874786376953,1.3173935261178524
2020-04-15,Jharkhand,ER,23.9,23.1368,0.7631992340087876,3.193302234346392
2020-04-16,Jharkhand,ER,23.5,23.93765,0.4376506805419922,1.862343321455286
2020-04-17,Jharkhand,ER,23.6,23.333286,0.2667137145996108,1.1301428584729272
2020-04-18,Jharkhand,ER,23.6,23.627636,0.027635955810545454,0.11710150767180276
2020-04-19,Jharkhand,ER,22.8,23.895357,1.095357131958007,4.8041979471842415
2020-04-20,Jharkhand,ER,23.6,23.413897,0.1861034393310561,0.7885738954705768
2020-04-21,Jharkhand,ER,23.7,23.801851,0.10185127258300852,0.4297522049915971
2020-04-22,Jharkhand,ER,23.6,23.727695,0.1276954650878892,0.5410824791859712
2020-04-23,Jharkhand,ER,20.8,23.727695,2.92769546508789,14.0754589667687
2020-04-24,Jharkhand,ER,20.0,21.782597,1.7825965881347656,8.912982940673828
2020-04-25,Jharkhand,ER,22.1,21.7496,0.35040054321289205,1.5855228199678373
2020-04-26,Jharkhand,ER,19.6,22.801403,3.2014030456542955,16.333689008440285
2020-04-27,Jharkhand,ER,24.8,21.066185,3.733815002441407,15.055705655005672
2020-04-28,Jharkhand,ER,26.7,24.000566,2.699433517456054,10.110237893093837
2020-04-29,Jharkhand,ER,27.5,25.888184,1.61181640625,5.861150568181818
2020-04-30,Jharkhand,ER,25.8,25.94107,0.1410705566406243,0.5467851032582336
2020-05-01,Jharkhand,ER,26.8,25.44389,1.3561103820800788,5.060113365970443
2020-05-02,Jharkhand,ER,27.0,26.356388,0.6436119079589844,2.3837478072554976
2020-05-03,Jharkhand,ER,23.7,26.75068,3.0506809234619148,12.872071407012298
2020-05-04,Jharkhand,ER,23.5,23.96918,0.4691791534423828,1.9965070359250332
2020-05-05,Jharkhand,ER,22.6,23.671473,1.0714725494384751,4.741028979816261
2020-05-13,Jharkhand,ER,18.1,23.584034,5.484033966064452,30.29853019925111
2020-05-14,Jharkhand,ER,21.5,20.114862,1.3851375579833984,6.442500269690226
2020-05-15,Jharkhand,ER,22.9,22.06142,0.8385795593261705,3.6619194730400455
2020-05-16,Jharkhand,ER,22.8,23.325045,0.5250446319580071,2.3028273331491538
2020-05-17,Jharkhand,ER,25.8,26.640966,0.8409664154052727,3.2595597496328397
2020-05-18,Jharkhand,ER,25.2,25.383268,0.1832683563232429,0.7272553822350909
2020-05-19,Jharkhand,ER,25.2,25.136827,0.06317253112792898,0.2506846473330515
2020-05-20,Jharkhand,ER,25.1,25.062672,0.037328338623048296,0.14871848056991352
2020-05-21,Jharkhand,ER,25.7,24.776714,0.9232856750488274,3.5925512647814295
2020-05-22,Jharkhand,ER,25.4,24.878136,0.5218643188476548,2.054583932471082
2020-05-23,Jharkhand,ER,25.4,24.878136,0.5218643188476548,2.054583932471082
2020-06-01,Jharkhand,ER,23.7,26.058773,2.358773040771485,9.952628864014706
2020-06-02,Jharkhand,ER,23.6,23.859545,0.2595447540283189,1.0997659068996561
2020-06-03,Jharkhand,ER,23.8,23.836784,0.03678436279296804,0.15455614618894134
2020-06-04,Jharkhand,ER,24.4,23.836784,0.5632156372070298,2.308260808225532
2020-06-05,Jharkhand,ER,23.8,23.800224,0.00022430419921803946,0.0009424546185631909
2020-07-01,Jharkhand,ER,23.8,23.89061,0.09060974121093679,0.3807131983652806
2020-07-02,Jharkhand,ER,24.3,23.877161,0.42283897399902415,1.7400780823005109
2020-07-03,Jharkhand,ER,24.2,23.840601,0.3593990325927727,1.4851199693916228
2020-07-04,Jharkhand,ER,25.4,23.840601,1.559399032592772,6.139366270050283
2020-07-05,Jharkhand,ER,25.1,24.804893,0.29510650634765767,1.175723132859194
2020-08-01,Jharkhand,ER,25.4,24.750774,0.6492256164550767,2.556006363996365
2020-08-02,Jharkhand,ER,25.9,25.08656,0.8134407043457017,3.140697700176455
2020-08-03,Jharkhand,ER,24.5,25.180933,0.6809329986572266,2.7793183618662307
2020-08-04,Jharkhand,ER,23.2,24.386986,1.1869857788085945,5.116318012106011
2020-08-05,Jharkhand,ER,24.2,23.550005,0.649995040893554,2.6859299210477436
2020-09-01,Jharkhand,ER,22.9,24.178694,1.278693771362306,5.583815595468586
2020-09-02,Jharkhand,ER,21.7,23.550005,1.850004959106446,8.525368475144912
2020-09-03,Jharkhand,ER,20.3,22.823433,2.5234329223632805,12.430704051050641
2020-09-04,Jharkhand,ER,21.0,21.958023,0.9580230712890625,4.562014625186012
2020-09-05,Jharkhand,ER,20.9,22.770218,1.870217895507814,8.948410983290977
2020-10-01,Jharkhand,ER,22.5,21.76056,0.73944091796875,3.286404079861111
2020-10-02,Jharkhand,ER,23.4,23.247057,0.15294303894042827,0.6536027305146508
2020-10-03,Jharkhand,ER,20.2,23.35716,3.1571605682373054,15.629507763551018
2020-10-04,Jharkhand,ER,21.9,21.811285,0.08871498107910014,0.4050912378041103
2020-10-05,Jharkhand,ER,22.7,22.684856,0.015143585205077414,0.06671182909725734
2020-11-01,Jharkhand,ER,23.4,22.166763,1.233236694335936,5.2702422834869065
2020-11-02,Jharkhand,ER,22.6,23.194908,0.5949081420898423,2.632336911901957
2020-11-03,Jharkhand,ER,21.5,23.084805,1.5848045349121094,7.371183883312137
2020-11-04,Jharkhand,ER,22.8,22.354074,0.44592552185058665,1.9558136923271345
2020-11-05,Jharkhand,ER,24.3,22.977652,1.3223484039306648,5.441762979138538
2020-12-01,Jharkhand,ER,26.3,23.884497,2.4155033111572273,9.184423236339267
2020-12-02,Jharkhand,ER,25.2,24.81258,0.38741989135742116,1.537380521259608
2020-12-03,Jharkhand,ER,24.0,24.815292,0.8152923583984375,3.3970514933268228
2020-12-04,Jharkhand,ER,19.3,24.077225,4.777224731445312,24.752459748421305
2020-12-05,Jharkhand,ER,17.7,21.358482,3.6584823608398445,20.669391869151667
2020-02-28,Karnataka,SR,232.3,229.10463,3.195370483398449,1.3755361529911532
2020-02-29,Karnataka,SR,214.9,229.95746,15.057458496093744,7.0067280112116075
2020-03-01,Karnataka,SR,213.2,199.61098,13.589022827148426,6.373838099037724
2020-03-02,Karnataka,SR,215.4,203.19026,12.209738159179693,5.668402116610814
2020-03-03,Karnataka,SR,216.7,205.55978,11.140216064453114,5.140847284011589
2020-03-04,Karnataka,SR,225.6,205.48563,20.11437377929687,8.915945824156415
2020-03-05,Karnataka,SR,226.8,219.21785,7.582150268554699,3.343099765676675
2020-03-13,Karnataka,SR,222.3,218.09785,4.202145385742199,1.8903038172479527
2020-03-14,Karnataka,SR,207.3,212.18182,4.881823730468739,2.354955972247341
2020-03-15,Karnataka,SR,191.5,204.14453,12.64453125,6.602888381201044
2020-03-16,Karnataka,SR,183.5,189.30838,5.808380126953125,3.1653297694567444
2020-03-17,Karnataka,SR,172.9,185.22893,12.328927612304682,7.130669527070377
2020-03-18,Karnataka,SR,188.5,174.7929,13.707107543945312,7.27167508962616
2020-03-19,Karnataka,SR,195.2,188.67851,6.521487426757801,3.3409259358390377
2020-03-20,Karnataka,SR,188.8,193.21228,4.412280273437489,2.337012856693585
2020-03-21,Karnataka,SR,190.0,189.29208,0.707916259765625,0.37258750513980265
2020-03-22,Karnataka,SR,214.5,192.66017,21.839828491210938,10.181738224340764
2020-03-23,Karnataka,SR,199.8,212.13203,12.332034301757801,6.172189340219119
2020-03-24,Karnataka,SR,182.0,197.58461,15.584609985351562,8.562972519423935
2020-03-25,Karnataka,SR,187.8,190.0712,2.2711975097656136,1.2093703459880796
2020-03-26,Karnataka,SR,186.6,189.38277,2.782766723632818,1.491300494980074
2020-03-27,Karnataka,SR,184.1,189.76404,5.664038085937506,3.0766094980649137
2020-03-28,Karnataka,SR,197.1,197.05789,0.042108154296869316,0.021363853017183826
2020-03-29,Karnataka,SR,159.9,209.32138,49.42138061523437,30.907680184636877
2020-03-30,Karnataka,SR,165.2,163.94414,1.2558624267578011,0.7602072801197344
2020-03-31,Karnataka,SR,171.6,173.6453,2.0452941894531307,1.1918963808001928
2020-04-01,Karnataka,SR,171.4,179.85902,8.459024047851557,4.935253236786206
2020-04-02,Karnataka,SR,168.5,180.15144,11.651443481445312,6.914803253083271
2020-04-03,Karnataka,SR,166.9,174.60876,7.708764648437494,4.618792479591069
2020-04-04,Karnataka,SR,155.8,171.94011,16.140109252929676,10.35950529713073
2020-04-05,Karnataka,SR,237.1,170.14748,66.95252380371093,28.238095235643584
2020-04-13,Karnataka,SR,239.4,234.69919,4.700811767578131,1.9635805211270385
2020-04-14,Karnataka,SR,242.5,232.41998,10.08001708984375,4.156708078286083
2020-04-15,Karnataka,SR,240.4,242.67267,2.2726684570312443,0.9453695744722314
2020-04-16,Karnataka,SR,243.4,237.56348,5.836523437500006,2.3979143128594926
2020-04-17,Karnataka,SR,244.0,243.27069,0.72930908203125,0.29889716476690575
2020-04-18,Karnataka,SR,231.5,242.16182,10.661819458007812,4.605537562854347
2020-04-19,Karnataka,SR,213.1,217.57799,4.477987670898443,2.1013550778500436
2020-04-20,Karnataka,SR,218.6,210.63243,7.967568969726557,3.6448165460780224
2020-04-21,Karnataka,SR,223.4,213.60022,9.799780273437506,4.386651868145705
2020-04-22,Karnataka,SR,223.3,219.34732,3.9526794433593864,1.7701206642899177
2020-04-23,Karnataka,SR,229.9,220.29361,9.60639038085938,4.178508212640009
2020-04-24,Karnataka,SR,215.2,222.78572,7.585720825195324,3.5249632087338867
2020-04-25,Karnataka,SR,205.1,210.20482,5.104818725585943,2.4889413581598947
2020-04-26,Karnataka,SR,175.5,205.33037,29.830368041992188,16.997360707687857
2020-04-27,Karnataka,SR,197.4,175.72264,21.677359008789068,10.981438201007633
2020-04-28,Karnataka,SR,199.3,197.4602,1.8397949218750114,0.9231284103738141
2020-04-29,Karnataka,SR,175.5,197.43861,21.938613891601562,12.500634696069266
2020-04-30,Karnataka,SR,179.1,173.49786,5.602136230468744,3.1279375937848934
2020-05-01,Karnataka,SR,180.8,181.26279,0.46278686523436363,0.2559661865234312
2020-05-02,Karnataka,SR,173.7,184.62854,10.928540039062511,6.291617754209851
2020-05-03,Karnataka,SR,184.0,190.27893,6.2789306640625,3.4124623174252715
2020-05-04,Karnataka,SR,195.8,187.59921,8.200787353515636,4.188349005881325
2020-05-05,Karnataka,SR,204.2,194.57408,9.625918579101551,4.7139660034777435
2020-05-13,Karnataka,SR,204.0,205.4924,1.492401123046875,0.7315691779641544
2020-05-14,Karnataka,SR,205.2,205.33104,0.13103942871094887,0.06385937071683669
2020-05-15,Karnataka,SR,199.3,207.89326,8.593264770507801,4.31172341721415
2020-05-16,Karnataka,SR,205.6,199.33495,6.265054321289057,3.0472054091872844
2020-05-17,Karnataka,SR,233.6,211.60553,21.994470214843744,9.415441016628314
2020-05-18,Karnataka,SR,233.9,233.50641,0.3935913085937557,0.16827332560656505
2020-05-19,Karnataka,SR,239.1,232.58574,6.514260864257807,2.7244922058794674
2020-05-20,Karnataka,SR,239.5,231.92265,7.5773468017578125,3.1638191239072286
2020-05-21,Karnataka,SR,238.3,230.03708,8.262921142578136,3.467444877288349
2020-05-22,Karnataka,SR,230.7,229.40176,1.2982360839843636,0.5627377910638768
2020-05-23,Karnataka,SR,214.3,221.3936,7.093600463867176,3.3101262080574783
2020-06-01,Karnataka,SR,167.4,195.38844,27.988442993164057,16.7194999959164
2020-06-02,Karnataka,SR,165.0,171.22852,6.228515625,3.7748579545454546
2020-06-03,Karnataka,SR,172.9,166.63333,6.266668701171881,3.6244469064036324
2020-06-04,Karnataka,SR,174.5,175.59259,1.09259033203125,0.6261262647743553
2020-06-05,Karnataka,SR,179.9,175.02902,4.870977783203131,2.707602992330812
2020-07-01,Karnataka,SR,177.1,180.10257,3.0025695800781307,1.6954091361254267
2020-07-02,Karnataka,SR,169.7,176.66147,6.961468505859386,4.1022206870120135
2020-07-03,Karnataka,SR,171.9,190.403,18.502999877929682,10.763816101180733
2020-07-04,Karnataka,SR,174.9,192.00749,17.107492065429682,9.781299065425774
2020-07-05,Karnataka,SR,172.6,198.73476,26.134756469726568,15.141805602390829
2020-08-01,Karnataka,SR,170.5,200.33417,29.83416748046875,17.498045443090177
2020-08-02,Karnataka,SR,179.2,200.60156,21.40156250000001,11.942836216517865
2020-08-03,Karnataka,SR,177.7,196.56378,18.86378173828126,10.615521518447531
2020-08-04,Karnataka,SR,167.9,190.75502,22.855020141601557,13.612281204050959
2020-08-05,Karnataka,SR,237.2,188.9032,48.29680175781249,20.361214906329042
2020-09-01,Karnataka,SR,245.1,231.0271,14.072900390624994,5.741697425795592
2020-09-02,Karnataka,SR,244.5,244.09164,0.408355712890625,0.16701665148900818
2020-09-03,Karnataka,SR,251.9,244.44278,7.457220458984381,2.960389225480103
2020-09-04,Karnataka,SR,248.5,247.87799,0.62200927734375,0.2503055442027163
2020-09-05,Karnataka,SR,247.7,246.86154,0.8384582519531136,0.33849747757493487
2020-10-01,Karnataka,SR,237.4,237.77127,0.3712707519531193,0.15639037571740494
2020-10-02,Karnataka,SR,184.6,220.88138,36.28137817382813,19.654051015074828
2020-10-03,Karnataka,SR,192.6,187.35449,5.245507812499994,2.7235243055555527
2020-10-04,Karnataka,SR,195.9,190.20712,5.692877197265631,2.9060118413811282
2020-10-05,Karnataka,SR,195.4,194.28926,1.1107391357421932,0.5684437746889422
2020-11-01,Karnataka,SR,191.5,190.22177,1.278228759765625,0.6674823810786553
2020-11-02,Karnataka,SR,183.5,186.42717,2.9271697998046875,1.5951879018009196
2020-11-03,Karnataka,SR,172.9,184.91277,12.012765502929682,6.947811164216127
2020-11-04,Karnataka,SR,243.7,188.51866,55.18133850097655,22.6431425937532
2020-11-05,Karnataka,SR,247.8,242.73396,5.066036987304699,2.0444055638840593
2020-12-01,Karnataka,SR,248.6,240.79886,7.801141357421869,3.1380295082147507
2020-12-02,Karnataka,SR,246.5,246.52774,0.027740478515625,0.011253743819726165
2020-12-03,Karnataka,SR,242.8,244.71132,1.9113189697265511,0.7871989166913307
2020-12-04,Karnataka,SR,226.7,243.98212,17.28211669921876,7.623342169924465
2020-12-05,Karnataka,SR,218.6,223.54443,4.944433593750006,2.261863492108877
2020-02-28,Kerala,SR,84.6,81.35412,3.2458816528320256,3.8367395423546404
2020-02-29,Kerala,SR,78.8,84.376114,5.576113891601565,7.076286664468992
2020-03-01,Kerala,SR,73.7,80.6362,6.936199951171872,9.411397491413666
2020-03-02,Kerala,SR,74.4,74.45339,0.053392028808588066,0.07176347958143557
2020-03-03,Kerala,SR,66.7,74.41868,7.718678283691403,11.572231309882163
2020-03-04,Kerala,SR,73.0,68.4535,4.546501159667969,6.22808378036708
2020-03-05,Kerala,SR,73.4,74.23323,0.8332305908203068,1.135191540627121
2020-03-13,Kerala,SR,70.9,71.25611,0.35611114501952557,0.5022724189273985
2020-03-14,Kerala,SR,63.2,69.62793,6.427929687499997,10.170774821993666
2020-03-15,Kerala,SR,72.8,67.52372,5.276280212402341,7.24763765439882
2020-03-16,Kerala,SR,72.7,73.566475,0.8664749145507784,1.191849951239035
2020-03-17,Kerala,SR,65.4,73.41488,8.014878845214838,12.255166429992107
2020-03-18,Kerala,SR,69.2,67.5108,1.6891967773437528,2.4410358054100474
2020-03-19,Kerala,SR,68.6,69.21795,0.6179489135742244,0.900800165560094
2020-03-20,Kerala,SR,66.1,68.8454,2.7453979492187557,4.153400830890705
2020-03-21,Kerala,SR,67.2,66.808556,0.3914443969726591,0.582506543114076
2020-03-22,Kerala,SR,65.5,68.3626,2.8626022338867188,4.370385089903387
2020-03-23,Kerala,SR,64.7,67.25526,2.5552566528320284,3.9493920445626407
2020-03-24,Kerala,SR,62.8,66.009346,3.209346008300784,5.11042358009679
2020-03-25,Kerala,SR,63.8,66.68099,2.8809921264648466,4.515661640227033
2020-03-26,Kerala,SR,64.2,66.170784,1.9707839965820284,3.069757004021851
2020-03-27,Kerala,SR,62.9,65.6933,2.7932983398437514,4.440855866206282
2020-03-28,Kerala,SR,66.8,67.690285,0.8902847290039091,1.3327615703651334
2020-03-29,Kerala,SR,66.9,71.32942,4.429421997070307,6.620959636876392
2020-03-30,Kerala,SR,69.4,67.63138,1.7686218261718807,2.5484464354061678
2020-03-31,Kerala,SR,71.0,73.49159,2.4915924072265625,3.509285080600792
2020-04-01,Kerala,SR,70.7,71.485794,0.7857940673828097,1.1114484687168453
2020-04-02,Kerala,SR,71.5,71.362144,0.13785552978515625,0.1928049367624563
2020-04-03,Kerala,SR,69.6,71.41065,1.810652160644537,2.60151172506399
2020-04-04,Kerala,SR,62.4,70.79193,8.391931152343751,13.448607615935499
2020-04-05,Kerala,SR,76.4,68.03678,8.36321868896485,10.946621320634618
2020-04-13,Kerala,SR,78.9,75.70875,3.1912521362304744,4.044679513600094
2020-04-14,Kerala,SR,79.2,78.99164,0.20836181640625284,0.2630831015230465
2020-04-15,Kerala,SR,79.5,78.61656,0.8834381103515625,1.1112429061025944
2020-04-16,Kerala,SR,80.4,78.93444,1.465559387207037,1.82283505871522
2020-04-17,Kerala,SR,78.3,80.587776,2.287776184082034,2.9218086642171572
2020-04-18,Kerala,SR,72.3,78.66117,6.361170959472659,8.798300082258173
2020-04-19,Kerala,SR,71.1,71.559654,0.45965423583984943,0.64648978317841
2020-04-20,Kerala,SR,73.6,71.37577,2.224229431152338,3.0220508575439378
2020-04-21,Kerala,SR,74.5,73.80576,0.6942367553710938,0.931861416605495
2020-04-22,Kerala,SR,74.9,73.73161,1.1683868408203182,1.559929026462374
2020-04-23,Kerala,SR,74.8,73.73161,1.0683868408203097,1.4283246535030878
2020-04-24,Kerala,SR,73.4,73.192474,0.20752563476563068,0.2827324724327393
2020-04-25,Kerala,SR,66.6,71.94601,5.346006774902349,8.027037199553078
2020-04-26,Kerala,SR,79.6,67.73381,11.866189575195307,14.907273335672496
2020-04-27,Kerala,SR,82.5,77.851974,4.6480255126953125,5.6339703184185606
2020-04-28,Kerala,SR,75.9,81.00062,5.100617980957026,6.72018179309226
2020-04-29,Kerala,SR,77.8,75.80234,1.9976623535156222,2.567689400405684
2020-04-30,Kerala,SR,79.1,76.76054,2.339463806152338,2.9576027890674315
2020-05-01,Kerala,SR,78.7,79.1158,0.41579895019530966,0.5283341171477887
2020-05-02,Kerala,SR,65.8,79.07335,13.27334899902344,20.172262916449
2020-05-03,Kerala,SR,69.1,68.02188,1.0781188964843693,1.5602299514969167
2020-05-04,Kerala,SR,74.0,69.832504,4.1674957275390625,5.631750983160895
2020-05-05,Kerala,SR,72.4,73.64208,1.242082214355463,1.7155831689992584
2020-05-13,Kerala,SR,68.1,71.25479,3.1547912597656307,4.63258628453103
2020-05-14,Kerala,SR,69.8,69.89506,0.09505767822265909,0.13618578541928236
2020-05-15,Kerala,SR,71.3,69.98306,1.3169372558593722,1.8470368244871982
2020-05-16,Kerala,SR,72.7,70.62258,2.077418518066409,2.8575220331037263
2020-05-17,Kerala,SR,73.3,76.62969,3.3296920776367216,4.54255399404737
2020-05-18,Kerala,SR,74.3,73.62304,0.6769607543945284,0.9111181082025955
2020-05-19,Kerala,SR,75.6,73.68413,1.9158721923828068,2.5342224766968346
2020-05-20,Kerala,SR,75.4,75.0726,0.3273986816406307,0.4342157581440725
2020-05-21,Kerala,SR,75.4,74.88616,0.5138381958007869,0.6814830183034309
2020-05-22,Kerala,SR,73.4,73.763084,0.36308441162108807,0.49466541092791283
2020-05-23,Kerala,SR,67.0,72.46705,5.467048645019531,8.159774097044076
2020-06-01,Kerala,SR,70.0,70.0661,0.06610107421875,0.09443010602678571
2020-06-02,Kerala,SR,69.8,70.777664,0.9776641845703153,1.4006650208743774
2020-06-03,Kerala,SR,70.2,70.703514,0.5035140991210909,0.7172565514545455
2020-06-04,Kerala,SR,69.8,70.703514,0.9035140991210966,1.2944328067637487
2020-06-05,Kerala,SR,68.7,70.72213,2.022129821777341,2.943420410156246
2020-07-01,Kerala,SR,69.8,69.64137,0.15862731933593466,0.22725976982225596
2020-07-02,Kerala,SR,64.7,70.12367,5.42367248535156,8.382801368394992
2020-07-03,Kerala,SR,64.9,67.2907,2.390702819824213,3.683671525152871
2020-07-04,Kerala,SR,65.9,67.51838,1.6183792114257756,2.4558106394928307
2020-07-05,Kerala,SR,65.2,67.51838,2.3183792114257784,3.555796336542605
2020-08-01,Kerala,SR,65.1,68.09648,2.996481323242193,4.602889897453446
2020-08-02,Kerala,SR,65.5,67.52097,2.0209732055664062,3.0854552756739024
2020-08-03,Kerala,SR,67.0,67.17141,0.17140960693359375,0.2558352342292444
2020-08-04,Kerala,SR,62.6,68.07502,5.47501983642578,8.746038077357476
2020-08-05,Kerala,SR,78.9,67.09726,11.80274047851563,14.959113407497629
2020-09-01,Kerala,SR,79.9,79.51348,0.38651885986328693,0.48375326641212374
2020-09-02,Kerala,SR,80.0,78.94199,1.0580062866210938,1.3225078582763672
2020-09-03,Kerala,SR,79.2,78.94199,0.2580062866210966,0.3257655134104755
2020-09-04,Kerala,SR,79.4,78.90287,0.49712982177734943,0.6261080878807928
2020-09-05,Kerala,SR,79.5,78.90287,0.5971298217773438,0.7511066940595519
2020-10-01,Kerala,SR,73.9,79.63885,5.738847351074213,7.765693303212736
2020-10-02,Kerala,SR,76.4,73.27429,3.1257080078125057,4.091240847922128
2020-10-03,Kerala,SR,77.1,75.479385,1.6206146240234318,2.101964492896799
2020-10-04,Kerala,SR,75.2,75.479385,0.27938537597655966,0.371523106351808
2020-10-05,Kerala,SR,73.4,74.6647,1.2647033691406193,1.7230291132705984
2020-11-01,Kerala,SR,72.8,72.11311,0.6868865966796847,0.9435255448896767
2020-11-02,Kerala,SR,72.7,73.277725,0.5777252197265597,0.7946701784409349
2020-11-03,Kerala,SR,65.4,72.34952,6.949517822265619,10.626174040161498
2020-11-04,Kerala,SR,84.7,67.37701,17.322993469238284,20.45217646899443
2020-11-05,Kerala,SR,85.3,82.30338,2.996617126464841,3.5130329735812906
2020-12-01,Kerala,SR,86.4,83.33601,3.063986206054693,3.5462803310818205
2020-12-02,Kerala,SR,84.7,82.9114,1.788600158691409,2.1116884990453473
2020-12-03,Kerala,SR,83.9,83.16055,0.7394470214843807,0.8813432913997385
2020-12-04,Kerala,SR,85.1,82.372734,2.7272659301757756,3.2047778262935083
2020-12-05,Kerala,SR,78.7,83.12143,4.421429443359372,5.618080614179634
2020-02-28,MP,WR,213.2,213.90485,0.7048461914062614,0.33060327927122957
2020-02-29,MP,WR,206.1,213.8188,7.718801879882818,3.745173158603988
2020-03-01,MP,WR,238.3,214.95085,23.349148559570324,9.79821592932032
2020-03-02,MP,WR,242.4,232.71086,9.689138793945318,3.9971694694493887
2020-03-03,MP,WR,227.7,242.99745,15.297451782226574,6.718248477042852
2020-03-04,MP,WR,231.1,223.80782,7.292184448242182,3.155423820096141
2020-03-05,MP,WR,236.6,223.80782,12.792184448242182,5.4066713644303395
2020-03-13,MP,WR,239.8,227.98195,11.818051147460949,4.928294890517493
2020-03-14,MP,WR,243.1,231.40178,11.698220825195307,4.8121023550782835
2020-03-15,MP,WR,157.7,237.11937,79.41936950683595,50.361045977701934
2020-03-16,MP,WR,154.9,161.56273,6.662728881835932,4.301309801056121
2020-03-17,MP,WR,157.1,156.9022,0.19779357910155682,0.12590297842237863
2020-03-18,MP,WR,160.3,162.31123,2.011233520507801,1.2546684469792895
2020-03-19,MP,WR,165.3,163.43518,1.8648193359375114,1.12814236898821
2020-03-20,MP,WR,174.2,165.6453,8.554705810546864,4.9108529337238025
2020-03-21,MP,WR,180.9,176.33936,4.560644531250006,2.5210859763681626
2020-03-22,MP,WR,164.4,191.05037,26.650369262695307,16.2106868994497
2020-03-23,MP,WR,166.2,175.9655,9.765499877929699,5.875752032448676
2020-03-24,MP,WR,169.0,178.45612,9.45611572265625,5.595334747133876
2020-03-25,MP,WR,168.2,180.73474,12.534741210937511,7.452283716371887
2020-03-26,MP,WR,171.8,171.88383,0.08383483886717613,0.0487979271636648
2020-03-27,MP,WR,174.0,174.54721,0.547210693359375,0.31448890422952586
2020-03-28,MP,WR,176.4,182.887,6.486993408203119,3.6774339048770517
2020-03-29,MP,WR,189.7,195.63054,5.930538940429699,3.1262725041801263
2020-03-30,MP,WR,196.9,189.78835,7.111654663085943,3.6118103926287164
2020-03-31,MP,WR,203.4,196.80225,6.597753906250006,3.2437334838987244
2020-04-01,MP,WR,199.3,204.39883,5.098834228515614,2.5583714142075333
2020-04-02,MP,WR,196.2,198.31046,2.1104553222656364,1.0756653018683162
2020-04-03,MP,WR,202.3,195.099,7.201000976562511,3.5595654852014387
2020-04-04,MP,WR,204.4,203.81561,0.5843872070312557,0.2859037216395576
2020-04-05,MP,WR,210.6,204.99812,5.601876831054682,2.6599605085729734
2020-04-13,MP,WR,216.8,207.82741,8.972592163085949,4.1386495217186114
2020-04-14,MP,WR,218.2,213.66635,4.533648681640614,2.0777491666547268
2020-04-15,MP,WR,219.5,212.79979,6.7002105712890625,3.0524877317945616
2020-04-16,MP,WR,219.1,220.43057,1.3305725097656307,0.6072900546625426
2020-04-17,MP,WR,216.5,219.71313,3.213134765625,1.4841269125288683
2020-04-18,MP,WR,217.7,212.85707,4.842929077148426,2.224588459875253
2020-04-19,MP,WR,237.7,214.80653,22.893466186523426,9.631243662820122
2020-04-20,MP,WR,239.3,230.00873,9.291271972656261,3.882687828105416
2020-04-21,MP,WR,236.5,230.34436,6.1556396484375,2.602807462341438
2020-04-22,MP,WR,213.7,231.3887,17.688702392578136,8.277352546831136
2020-04-23,MP,WR,226.3,213.61032,12.689678955078136,5.607458663313361
2020-04-24,MP,WR,230.6,221.30046,9.299539184570307,4.032757668937688
2020-04-25,MP,WR,231.0,222.646,8.35400390625,3.6164519074675328
2020-04-26,MP,WR,216.9,222.73323,5.833230590820307,2.6893640344953003
2020-04-27,MP,WR,223.0,212.38937,10.610626220703125,4.758128350091088
2020-04-28,MP,WR,227.5,218.17014,9.329864501953125,4.101039341517857
2020-04-29,MP,WR,227.6,221.95824,5.641763305664057,2.4788063733146117
2020-04-30,MP,WR,223.5,219.09164,4.408355712890625,1.9724186634857384
2020-05-01,MP,WR,219.8,211.74036,8.059643554687511,3.6668078046803965
2020-05-02,MP,WR,219.9,216.2782,3.6218017578125057,1.6470221727205574
2020-05-03,MP,WR,191.0,218.87163,27.871627807617188,14.592475291946172
2020-05-04,MP,WR,178.5,189.8842,11.384201049804688,6.377703669358368
2020-05-05,MP,WR,174.6,181.9139,7.313894653320318,4.188943100412554
2020-05-13,MP,WR,181.1,176.95076,4.149240112304682,2.2911320332991063
2020-05-14,MP,WR,186.8,186.68628,0.11372070312501137,0.06087832073073413
2020-05-15,MP,WR,197.2,190.73634,6.463656616210926,3.2777163368209563
2020-05-16,MP,WR,197.3,199.03314,1.7331420898437386,0.8784298478680884
2020-05-17,MP,WR,270.1,205.12546,64.97454223632815,24.055735740958216
2020-05-18,MP,WR,265.0,264.52393,0.47607421875,0.17965064858490565
2020-05-19,MP,WR,262.7,260.49326,2.2067443847656136,0.8400245088563433
2020-05-20,MP,WR,267.7,254.55574,13.144259643554676,4.910070841820947
2020-05-21,MP,WR,267.7,260.3384,7.361590576171864,2.749940446832971
2020-05-22,MP,WR,266.9,257.62192,9.278082275390602,3.4762391440204583
2020-05-23,MP,WR,261.6,245.55379,16.04621276855471,6.133873382475041
2020-06-01,MP,WR,248.2,218.63046,29.569537353515614,11.913592809635624
2020-06-02,MP,WR,250.3,223.95892,26.34107666015626,10.523802101540655
2020-06-03,MP,WR,251.9,231.03142,20.868582153320318,8.284470882620214
2020-06-04,MP,WR,253.1,230.50313,22.596871948242182,8.92804107002852
2020-06-05,MP,WR,253.3,229.29202,24.007977294921886,9.478080258555817
2020-07-01,MP,WR,255.1,245.17552,9.924478149414057,3.8904265579827744
2020-07-02,MP,WR,252.3,260.88345,8.583453369140614,3.402082191494496
2020-07-03,MP,WR,186.4,249.34476,62.94475708007812,33.768646502187835
2020-07-04,MP,WR,185.2,208.1373,22.937298583984386,12.385150423317704
2020-07-05,MP,WR,186.3,197.12405,10.824053955078114,5.810012858335004
2020-08-01,MP,WR,188.2,190.56166,2.361660766601574,1.2548675699264473
2020-08-02,MP,WR,195.1,192.46194,2.6380554199218693,1.3521555202059812
2020-08-03,MP,WR,192.3,194.6881,2.388095092773426,1.2418591226070859
2020-08-04,MP,WR,180.0,190.87962,10.879623413085938,6.0442352294921875
2020-08-05,MP,WR,226.7,191.04134,35.658663940429676,15.7294503486677
2020-09-01,MP,WR,234.3,224.78847,9.511532592773449,4.059552963198229
2020-09-02,MP,WR,232.1,233.2485,1.1485046386718807,0.49483181330111187
2020-09-03,MP,WR,232.0,231.92215,0.077850341796875,0.033556181808997845
2020-09-04,MP,WR,220.7,233.27759,12.577587890625011,5.698952374546902
2020-09-05,MP,WR,221.5,220.1477,1.352294921875,0.610516894751693
2020-10-01,MP,WR,221.0,217.4711,3.528900146484375,1.5967873965992647
2020-10-02,MP,WR,172.7,216.05621,43.35621337890626,25.10492957666836
2020-10-03,MP,WR,167.2,174.09447,6.894467163085949,4.123485145386333
2020-10-04,MP,WR,156.6,170.77646,14.17645874023438,9.05265564510497
2020-10-05,MP,WR,161.1,156.75069,4.349313354492182,2.6997599965811183
2020-11-01,MP,WR,157.7,160.53331,2.833309936523449,1.7966454892349075
2020-11-02,MP,WR,154.9,162.59395,7.693948364257807,4.967042197713239
2020-11-03,MP,WR,157.1,157.05927,0.040734863281244316,0.025929257340066403
2020-11-04,MP,WR,205.9,173.06337,32.83663024902344,15.947853447801574
2020-11-05,MP,WR,206.3,207.77489,1.4748870849609261,0.7149234536892516
2020-12-01,MP,WR,208.1,206.45065,1.6493469238281193,0.7925742065488319
2020-12-02,MP,WR,209.8,207.91217,1.8878295898437614,0.8998234460647098
2020-12-03,MP,WR,205.2,209.61717,4.417172241210949,2.1526180512723925
2020-12-04,MP,WR,203.3,206.39995,3.099948120117176,1.5248146188476026
2020-12-05,MP,WR,200.1,205.90858,5.808584594726568,2.902840876924822
2020-02-28,Maharashtra,WR,491.6,497.5336,5.933599853515602,1.2069975291935724
2020-02-29,Maharashtra,WR,479.3,493.54025,14.240252685546864,2.9710520937923772
2020-03-01,Maharashtra,WR,422.9,432.67838,9.778375244140648,2.312219258486793
2020-03-02,Maharashtra,WR,437.2,428.94247,8.257525634765614,1.888729559644468
2020-03-03,Maharashtra,WR,436.9,444.24478,7.344781494140648,1.681112724683142
2020-03-04,Maharashtra,WR,428.4,445.0721,16.672113037109398,3.8917163952169465
2020-03-05,Maharashtra,WR,427.0,430.04163,3.0416259765625,0.7123245846750585
2020-03-13,Maharashtra,WR,434.1,428.70895,5.391046142578148,1.2418903806906583
2020-03-14,Maharashtra,WR,425.1,434.74838,9.648382568359352,2.269673622291073
2020-03-15,Maharashtra,WR,386.3,438.24915,51.94914550781249,13.447876134561865
2020-03-16,Maharashtra,WR,382.6,409.07663,26.476629638671852,6.920185477959187
2020-03-17,Maharashtra,WR,367.1,399.65897,32.5589660644531,8.869236192986406
2020-03-18,Maharashtra,WR,392.3,395.196,2.8960144042968636,0.7382142249036103
2020-03-19,Maharashtra,WR,402.8,408.3309,5.530902099609364,1.3731137288007356
2020-03-20,Maharashtra,WR,403.7,411.2821,7.582104492187511,1.8781532058923733
2020-03-21,Maharashtra,WR,403.8,420.0866,16.28660888671874,4.033335534105681
2020-03-22,Maharashtra,WR,376.6,419.398,42.79801025390623,11.364314990415886
2020-03-23,Maharashtra,WR,377.2,393.8825,16.68250732421876,4.422721984151315
2020-03-24,Maharashtra,WR,381.2,381.5967,0.39671020507813637,0.10406878412333063
2020-03-25,Maharashtra,WR,378.2,388.98706,10.787060546875011,2.852210615249871
2020-03-26,Maharashtra,WR,383.2,388.1983,4.998303222656261,1.3043588785637426
2020-03-27,Maharashtra,WR,383.1,400.0691,16.969091796874977,4.429415765302787
2020-03-28,Maharashtra,WR,387.1,413.32056,26.220556640624977,6.7735873522668495
2020-03-29,Maharashtra,WR,388.4,413.02005,24.620050048828148,6.338838838524239
2020-03-30,Maharashtra,WR,395.1,402.78214,7.682135009765602,1.944352065240598
2020-03-31,Maharashtra,WR,400.2,407.96127,7.761273193359386,1.9393486240278326
2020-04-01,Maharashtra,WR,397.7,404.68173,6.981732177734386,1.7555273265613243
2020-04-02,Maharashtra,WR,387.1,401.1332,14.033209228515602,3.625215507237303
2020-04-03,Maharashtra,WR,389.0,401.05524,12.05523681640625,3.099032600618573
2020-04-04,Maharashtra,WR,378.3,403.58673,25.28673095703124,6.684306359246957
2020-04-05,Maharashtra,WR,435.0,391.24426,43.7557373046875,10.058790184985632
2020-04-13,Maharashtra,WR,443.0,435.90353,7.096466064453125,1.6019110754973194
2020-04-14,Maharashtra,WR,441.4,439.24664,2.1533569335937273,0.4878470624362772
2020-04-15,Maharashtra,WR,443.0,439.9669,3.033111572265625,0.6846752984798251
2020-04-16,Maharashtra,WR,439.5,444.174,4.67401123046875,1.063483783951934
2020-04-17,Maharashtra,WR,442.2,444.20474,2.0047424316406364,0.4533564974311706
2020-04-18,Maharashtra,WR,429.6,439.33832,9.738317871093727,2.266833768876566
2020-04-19,Maharashtra,WR,408.3,438.79514,30.495135498046864,7.468806146962249
2020-04-20,Maharashtra,WR,421.6,419.55322,2.0467773437500227,0.4854784970944076
2020-04-21,Maharashtra,WR,424.1,431.40866,7.308660888671852,1.7233343288544805
2020-04-22,Maharashtra,WR,414.1,431.1102,17.010198974609352,4.107751503165746
2020-04-23,Maharashtra,WR,400.0,420.79773,20.7977294921875,5.199432373046875
2020-04-24,Maharashtra,WR,389.6,414.20667,24.606665039062477,6.315879116802484
2020-04-25,Maharashtra,WR,381.5,403.91943,22.41943359375,5.876653628768021
2020-04-26,Maharashtra,WR,500.4,401.12885,99.27115478515623,19.838360268816192
2020-04-27,Maharashtra,WR,495.4,497.0889,1.6888977050781477,0.34091596792049816
2020-04-28,Maharashtra,WR,492.8,490.47202,2.3279846191406364,0.4723994762866551
2020-04-29,Maharashtra,WR,494.2,492.08527,2.1147338867187386,0.4279105396031442
2020-04-30,Maharashtra,WR,485.7,482.05087,3.6491271972656136,0.7513129909955969
2020-05-01,Maharashtra,WR,472.7,463.69122,9.008776855468739,1.9058127470845652
2020-05-02,Maharashtra,WR,461.6,467.36734,5.767340087890602,1.2494237625412916
2020-05-03,Maharashtra,WR,414.1,443.6156,29.515600585937477,7.127650467504824
2020-05-04,Maharashtra,WR,416.5,413.80133,2.69866943359375,0.6479398399984994
2020-05-05,Maharashtra,WR,421.3,414.07306,7.226940917968761,1.7153906759954336
2020-05-13,Maharashtra,WR,431.5,430.09207,1.407928466796875,0.3262870143214079
2020-05-14,Maharashtra,WR,427.2,429.5791,2.3791015625000114,0.5569057964653585
2020-05-15,Maharashtra,WR,428.6,430.74072,2.1407226562499773,0.499468655214647
2020-05-16,Maharashtra,WR,432.1,426.2229,5.877099609375023,1.360124880669989
2020-05-17,Maharashtra,WR,459.1,457.65265,1.4473510742187727,0.315258347684333
2020-05-18,Maharashtra,WR,464.5,457.74097,6.759033203125,1.4551201729009688
2020-05-19,Maharashtra,WR,464.8,459.11887,5.681134033203136,1.222274964114272
2020-05-20,Maharashtra,WR,463.7,459.87454,3.8254577636718636,0.8249855000370636
2020-05-21,Maharashtra,WR,452.7,460.5297,7.829693603515636,1.7295545843860474
2020-05-22,Maharashtra,WR,449.6,450.9452,1.3451904296874773,0.2991971596279976
2020-05-23,Maharashtra,WR,428.1,451.35876,23.258764648437477,5.4330214081844135
2020-06-01,Maharashtra,WR,437.4,420.28186,17.118139648437477,3.913612173854019
2020-06-02,Maharashtra,WR,439.8,431.20624,8.593762207031261,1.954015963399559
2020-06-03,Maharashtra,WR,445.8,431.9764,13.823590087890636,3.100850176736347
2020-06-04,Maharashtra,WR,449.6,445.47375,4.126245117187523,0.9177591452819222
2020-06-05,Maharashtra,WR,441.9,431.8306,10.069403076171852,2.2786610265154676
2020-07-01,Maharashtra,WR,434.6,428.4546,6.145410156250023,1.414038231994943
2020-07-02,Maharashtra,WR,421.6,442.06488,20.464880371093727,4.854098759747089
2020-07-03,Maharashtra,WR,369.2,432.25937,63.059368896484386,17.080002409665326
2020-07-04,Maharashtra,WR,395.5,388.67407,6.825927734375,1.7258982893489254
2020-07-05,Maharashtra,WR,395.5,408.1441,12.64410400390625,3.1969921628081543
2020-08-01,Maharashtra,WR,399.6,398.40765,1.1923461914062727,0.2983849327843525
2020-08-02,Maharashtra,WR,397.8,407.1371,9.337084960937489,2.347180734272873
2020-08-03,Maharashtra,WR,390.6,403.07315,12.473150634765602,3.193330935679878
2020-08-04,Maharashtra,WR,381.2,406.2714,25.071392822265636,6.576965588212391
2020-08-05,Maharashtra,WR,476.6,393.6245,82.97548828125002,17.409880042226188
2020-09-01,Maharashtra,WR,490.8,463.77243,27.027569580078136,5.506839767742081
2020-09-02,Maharashtra,WR,490.1,489.64923,0.45076904296877274,0.09197491184835191
2020-09-03,Maharashtra,WR,491.6,494.34756,2.7475646972656023,0.55890250147795
2020-09-04,Maharashtra,WR,486.1,497.46494,11.364935302734352,2.337982987602212
2020-09-05,Maharashtra,WR,486.1,473.2754,12.824609375000023,2.6382656603579555
2020-10-01,Maharashtra,WR,471.5,463.34454,8.15545654296875,1.729683254076087
2020-10-02,Maharashtra,WR,376.7,440.14334,63.443341064453136,16.841874453000568
2020-10-03,Maharashtra,WR,380.3,388.99496,8.694964599609364,2.2863435707623885
2020-10-04,Maharashtra,WR,387.0,394.95358,7.953582763671875,2.055189344618056
2020-10-05,Maharashtra,WR,392.8,406.10693,13.306933593749989,3.387712218368123
2020-11-01,Maharashtra,WR,386.3,393.96512,7.665118408203114,1.9842398157398689
2020-11-02,Maharashtra,WR,382.6,400.89413,18.294134521484352,4.781530193801451
2020-11-03,Maharashtra,WR,367.1,389.742,22.642004394531227,6.167802886006871
2020-11-04,Maharashtra,WR,477.1,381.19833,95.90166625976565,20.10095708651554
2020-11-05,Maharashtra,WR,485.9,463.86197,22.038031005859352,4.535507513039587
2020-12-01,Maharashtra,WR,494.1,464.0589,30.041101074218773,6.079963787536688
2020-12-02,Maharashtra,WR,492.8,490.0276,2.7724121093750114,0.5625836260907084
2020-12-03,Maharashtra,WR,472.8,492.2713,19.47130126953124,4.118295530780719
2020-12-04,Maharashtra,WR,475.3,475.8781,0.5781127929687386,0.12163113674915603
2020-12-05,Maharashtra,WR,470.5,471.00818,0.5081787109375,0.10800822761689692
2020-02-28,Manipur,NER,2.5,1.8458918,0.6541081666946411,26.16432666778564
2020-02-29,Manipur,NER,2.6,3.097074,0.4970740318298339,19.118231993455147
2020-03-01,Manipur,NER,2.6,2.6911566,0.09115662574768058,3.5060240672184837
2020-03-02,Manipur,NER,2.6,2.8672986,0.26729860305786124,10.280715502225432
2020-03-03,Manipur,NER,2.6,2.8672986,0.26729860305786124,10.280715502225432
2020-03-04,Manipur,NER,2.7,2.793143,0.09314303398132306,3.449741999308262
2020-03-05,Manipur,NER,2.7,2.9151444,0.2151444435119627,7.968312722665286
2020-03-13,Manipur,NER,2.7,1.9969248,0.7030752420425417,26.039823779353394
2020-03-14,Manipur,NER,2.6,2.117867,0.48213300704956064,18.54357719421387
2020-03-15,Manipur,NER,2.6,2.477951,0.12204895019531259,4.694190392127407
2020-03-16,Manipur,NER,2.3,3.1142154,0.8142153739929201,35.40066843447479
2020-03-17,Manipur,NER,2.4,2.4587584,0.05875835418701181,2.448264757792159
2020-03-18,Manipur,NER,2.3,2.412187,0.11218709945678729,4.877699976382057
2020-03-19,Manipur,NER,2.5,2.3812466,0.11875343322753906,4.7501373291015625
2020-03-20,Manipur,NER,2.6,2.3977633,0.2022367477416993,7.77833645160382
2020-03-21,Manipur,NER,2.4,2.4354925,0.03549251556396493,1.4788548151652057
2020-03-22,Manipur,NER,2.3,2.5599933,0.25999326705932635,11.304055089535929
2020-03-23,Manipur,NER,2.4,2.4355466,0.03554663658142099,1.4811098575592079
2020-03-24,Manipur,NER,2.3,2.3652222,0.065222215652466,2.8357485066289567
2020-03-25,Manipur,NER,2.2,2.260126,0.060126113891601385,2.733005176890972
2020-03-26,Manipur,NER,2.8,2.212159,0.5878410816192625,20.994324343545088
2020-03-27,Manipur,NER,2.1,2.6498806,0.5498806476593017,26.18479274568103
2020-03-28,Manipur,NER,2.1,3.4345443,1.3345443248748778,63.54972975594656
2020-03-29,Manipur,NER,2.5,4.973303,2.4733028411865234,98.93211364746094
2020-03-30,Manipur,NER,2.6,1.8882961,0.7117038726806642,27.373225872333233
2020-03-31,Manipur,NER,2.5,4.772226,2.272225856781006,90.88903427124023
2020-04-01,Manipur,NER,2.5,2.6579218,0.15792179107666016,6.316871643066406
2020-04-02,Manipur,NER,2.4,2.6958678,0.29586777687072763,12.327824036280319
2020-04-03,Manipur,NER,2.3,2.5725849,0.27258486747741717,11.851515977279007
2020-04-04,Manipur,NER,2.3,2.5416443,0.241644334793091,10.506275425786566
2020-04-05,Manipur,NER,2.5,2.5295942,0.02959418296813965,1.183767318725586
2020-04-13,Manipur,NER,2.6,2.6960242,0.09602417945861808,3.6932376714853103
2020-04-14,Manipur,NER,2.6,2.753609,0.15360894203186026,5.908036231994625
2020-04-15,Manipur,NER,2.5,2.3785298,0.12147021293640137,4.858808517456055
2020-04-16,Manipur,NER,2.5,2.5694199,0.06941986083984375,2.77679443359375
2020-04-17,Manipur,NER,2.4,2.5174296,0.11742959022521982,4.892899592717493
2020-04-18,Manipur,NER,2.4,2.4085817,0.00858173370361337,0.3575722376505571
2020-04-19,Manipur,NER,2.9,2.6763034,0.2236966133117675,7.713676321095431
2020-04-20,Manipur,NER,2.8,3.0280845,0.22808451652526873,8.14587559018817
2020-04-21,Manipur,NER,2.9,3.008229,0.10822901725769052,3.732035077851397
2020-04-22,Manipur,NER,2.9,2.9340734,0.03407344818115243,1.1749464890052563
2020-04-23,Manipur,NER,2.5,2.9340734,0.43407344818115234,17.362937927246094
2020-04-24,Manipur,NER,2.8,2.4942179,0.3057821273803709,10.920790263584676
2020-04-25,Manipur,NER,2.8,2.814158,0.014157962799072443,0.5056415285383016
2020-04-26,Manipur,NER,2.4,3.053768,0.6537679195404054,27.240329980850227
2020-04-27,Manipur,NER,2.5,2.3594096,0.14059042930603027,5.623617172241211
2020-04-28,Manipur,NER,2.8,2.437795,0.3622050762176512,12.935895579201828
2020-04-29,Manipur,NER,2.7,2.7876034,0.08760337829589826,3.2445695665147505
2020-04-30,Manipur,NER,2.4,1.9810107,0.41898932456970206,17.457888523737587
2020-05-01,Manipur,NER,2.3,2.534639,0.2346388816833498,10.201690507971731
2020-05-02,Manipur,NER,2.2,2.5416443,0.34164433479309064,15.529287945140483
2020-05-03,Manipur,NER,2.3,2.5295942,0.22959418296813983,9.982355781223472
2020-05-04,Manipur,NER,2.5,2.6677902,0.16779017448425293,6.711606979370117
2020-05-05,Manipur,NER,2.4,2.8042223,0.40422234535217294,16.84259772300721
2020-05-13,Manipur,NER,2.3,2.516377,0.2163769721984865,9.407694443412458
2020-05-14,Manipur,NER,2.2,2.3965654,0.19656543731689435,8.934792605313378
2020-05-15,Manipur,NER,2.2,2.0436516,0.1563484191894533,7.106746326793331
2020-05-16,Manipur,NER,2.3,2.2921264,0.007873582839965643,0.3423296886941584
2020-05-17,Manipur,NER,2.7,3.1866808,0.48668079376220685,18.025214583785438
2020-05-18,Manipur,NER,2.7,2.8239625,0.12396245002746564,4.591201852869098
2020-05-19,Manipur,NER,2.7,2.9128335,0.21283345222473127,7.882720452767825
2020-05-20,Manipur,NER,2.7,2.838678,0.13867788314819318,5.136217894377524
2020-05-21,Manipur,NER,2.3,2.8188224,0.5188223838806154,22.557494951331105
2020-05-22,Manipur,NER,2.4,2.3577857,0.04221429824829093,1.7589290936787887
2020-05-23,Manipur,NER,2.1,2.3887262,0.28872623443603507,13.74886830647786
2020-06-01,Manipur,NER,2.4,3.5452662,1.1452661514282227,47.71942297617595
2020-06-02,Manipur,NER,2.3,2.6404896,0.3404895782470705,14.803894706394372
2020-06-03,Manipur,NER,2.5,2.5353935,0.035393476486206055,1.4157390594482422
2020-06-04,Manipur,NER,2.3,2.6718256,0.37182564735412615,16.16633249365766
2020-06-05,Manipur,NER,2.4,2.155297,0.24470295906066886,10.195956627527869
2020-07-01,Manipur,NER,2.2,2.5312903,0.331290292739868,15.058649669993999
2020-07-02,Manipur,NER,2.5,2.5382957,0.038295745849609375,1.531829833984375
2020-07-03,Manipur,NER,2.4,2.3835025,0.01649751663207999,0.6873965263366663
2020-07-04,Manipur,NER,2.5,2.2780108,0.22198915481567383,8.879566192626953
2020-07-05,Manipur,NER,2.6,2.4723735,0.12762651443481454,4.908712093646713
2020-08-01,Manipur,NER,2.5,2.7222836,0.22228360176086426,8.89134407043457
2020-08-02,Manipur,NER,2.5,2.7026448,0.20264482498168945,8.105792999267578
2020-08-03,Manipur,NER,2.6,2.7970164,0.19701638221740714,7.577553162207967
2020-08-04,Manipur,NER,2.5,2.8546011,0.3546011447906494,14.184045791625977
2020-08-05,Manipur,NER,2.7,2.7228608,0.022860813140868963,0.8466967829951467
2020-09-01,Manipur,NER,2.5,2.9386566,0.4386565685272217,17.546262741088867
2020-09-02,Manipur,NER,2.8,2.7228608,0.07713918685913068,2.7549709592546674
2020-09-03,Manipur,NER,2.6,3.042801,0.4428009033203124,17.03080397385817
2020-09-04,Manipur,NER,2.6,2.7602296,0.16022958755493155,6.162676444420444
2020-09-05,Manipur,NER,2.7,2.7602296,0.06022958755493146,2.2307254649974615
2020-10-01,Manipur,NER,2.7,2.6847656,0.015234422683715998,0.5642378771746666
2020-10-02,Manipur,NER,2.5,2.7024956,0.20249557495117188,8.099822998046875
2020-10-03,Manipur,NER,2.6,2.5229094,0.07709059715271005,2.965022967411925
2020-10-04,Manipur,NER,2.4,2.5804942,0.18049416542053232,7.520590225855514
2020-10-05,Manipur,NER,2.5,2.5117893,0.011789321899414062,0.4715728759765625
2020-11-01,Manipur,NER,2.6,1.4426178,1.1573822259902955,44.51470099962675
2020-11-02,Manipur,NER,2.3,2.3852444,0.08524436950683612,3.7062769350798317
2020-11-03,Manipur,NER,2.4,2.1912274,0.20877256393432608,8.69885683059692
2020-11-04,Manipur,NER,2.3,2.1480124,0.1519876003265379,6.608156535936431
2020-11-05,Manipur,NER,2.1,2.1170719,0.017071866989135653,0.8129460471016977
2020-12-01,Manipur,NER,2.1,2.1950161,0.09501614570617667,4.524578366960793
2020-12-02,Manipur,NER,2.4,2.1588066,0.24119343757629386,10.049726565678911
2020-12-03,Manipur,NER,2.3,2.4834552,0.18345518112182635,7.976312222688104
2020-12-04,Manipur,NER,2.5,2.4322987,0.06770133972167969,2.7080535888671875
2020-12-05,Manipur,NER,2.5,2.5687308,0.06873083114624023,2.7492332458496094
2020-02-28,Meghalaya,NER,5.2,5.172543,0.0274569511413576,0.5280182911799538
2020-02-29,Meghalaya,NER,4.9,6.0060997,1.106099700927734,22.573463284239466
2020-03-01,Meghalaya,NER,6.3,4.990278,1.3097222328186033,20.78924179077148
2020-03-02,Meghalaya,NER,6.4,6.794203,0.39420280456542933,6.1594188213348335
2020-03-03,Meghalaya,NER,6.5,6.794203,0.2942028045654297,4.5261969933143025
2020-03-04,Meghalaya,NER,6.4,6.720047,0.32004699707031214,5.0007343292236275
2020-03-05,Meghalaya,NER,6.5,6.720047,0.2200469970703125,3.3853384164663463
2020-03-13,Meghalaya,NER,6.3,5.801829,0.49817113876342756,7.907478393070279
2020-03-14,Meghalaya,NER,6.4,5.9227705,0.4772294998168949,7.456710934638982
2020-03-15,Meghalaya,NER,5.8,6.4048557,0.6048557281494142,10.428547037058866
2020-03-16,Meghalaya,NER,5.6,6.385807,0.785807037353516,14.03226852416993
2020-03-17,Meghalaya,NER,5.9,5.4767303,0.42326965332031286,7.174061920683268
2020-03-18,Meghalaya,NER,5.6,5.8743396,0.274339580535889,4.898921080998019
2020-03-19,Meghalaya,NER,6.0,5.426703,0.5732970237731934,9.55495039621989
2020-03-20,Meghalaya,NER,6.4,5.754425,0.6455749511718754,10.087108612060552
2020-03-21,Meghalaya,NER,5.3,6.4388647,1.1388647079467775,21.48801335748637
2020-03-22,Meghalaya,NER,3.5,5.6234927,2.12349271774292,60.67122050694057
2020-03-23,Meghalaya,NER,3.6,3.8453743,0.24537434577941886,6.815954049428301
2020-03-24,Meghalaya,NER,3.5,4.04411,0.5441098213195801,15.545994894845144
2020-03-25,Meghalaya,NER,3.6,3.6699538,0.06995382308959952,1.9431617524888756
2020-03-26,Meghalaya,NER,3.3,3.9219887,0.6219887256622316,18.848143201885808
2020-03-27,Meghalaya,NER,3.7,3.4373713,0.262628746032715,7.098074217100406
2020-03-28,Meghalaya,NER,3.7,5.1118326,1.4118326187133787,38.15763834360483
2020-03-29,Meghalaya,NER,5.8,6.650592,0.8505918502807619,14.665376728978655
2020-03-30,Meghalaya,NER,5.8,5.1403785,0.6596215248107908,11.372784910530877
2020-03-31,Meghalaya,NER,6.0,7.9667253,1.9667253494262695,32.778755823771164
2020-04-01,Meghalaya,NER,5.7,5.8211327,0.1211326599121092,2.125134384422968
2020-04-02,Meghalaya,NER,6.0,5.829067,0.17093276977539062,2.8488794962565107
2020-04-03,Meghalaya,NER,6.4,5.841287,0.5587128639221195,8.729888498783117
2020-04-04,Meghalaya,NER,6.3,6.4965997,0.1965996742248537,3.120629749600852
2020-04-05,Meghalaya,NER,6.5,6.4845495,0.015450477600097656,0.2376996553861178
2020-04-13,Meghalaya,NER,6.4,6.514548,0.11454782485961879,1.7898097634315435
2020-04-14,Meghalaya,NER,6.4,6.6805143,0.28051433563232386,4.383036494255061
2020-04-15,Meghalaya,NER,6.6,6.305434,0.29456577301025355,4.4631177728826295
2020-04-16,Meghalaya,NER,6.7,6.5539093,0.14609069824218768,2.180458182719219
2020-04-17,Meghalaya,NER,6.6,6.5019193,0.09808073043823207,1.4860716733065464
2020-04-18,Meghalaya,NER,6.3,6.5750303,0.2750303268432619,4.36556074354384
2020-04-19,Meghalaya,NER,6.2,6.842752,0.6427519798278807,10.36696741657872
2020-04-20,Meghalaya,NER,6.3,6.1137886,0.1862113952636717,2.955736432756694
2020-04-21,Meghalaya,NER,6.2,6.7492456,0.5492456436157225,8.858800703479394
2020-04-22,Meghalaya,NER,6.2,6.0197773,0.18022270202636737,2.9068177746188284
2020-04-23,Meghalaya,NER,6.4,6.0197773,0.38022270202636754,5.940979719161993
2020-04-24,Meghalaya,NER,6.1,6.555175,0.45517482757568395,7.461882419273508
2020-04-25,Meghalaya,NER,6.2,5.8998623,0.30013771057128924,4.840930815665955
2020-04-26,Meghalaya,NER,5.9,6.1394725,0.2394724845886227,4.058855670993604
2020-04-27,Meghalaya,NER,5.8,5.8705454,0.07054538726806658,1.2162997804839066
2020-04-28,Meghalaya,NER,6.0,5.843439,0.15656089782714844,2.6093482971191406
2020-04-29,Meghalaya,NER,6.0,5.8733077,0.1266922950744629,2.111538251241048
2020-04-30,Meghalaya,NER,5.8,5.207069,0.5929310798645018,10.222949652836238
2020-05-01,Meghalaya,NER,5.9,6.045775,0.14577493667602504,2.4707616385766955
2020-05-02,Meghalaya,NER,6.0,6.0837207,0.08372068405151367,1.3953447341918945
2020-05-03,Meghalaya,NER,4.0,6.0716705,2.0716705322265625,51.79176330566406
2020-05-04,Meghalaya,NER,4.3,4.491485,0.19148511886596697,4.453142299208535
2020-05-05,Meghalaya,NER,4.3,4.6439505,0.34395046234130877,7.998847961425786
2020-05-13,Meghalaya,NER,4.4,4.4615974,0.06159744262695277,1.3999418778852901
2020-05-14,Meghalaya,NER,4.6,4.584212,0.015788173675536754,0.34322116685949466
2020-05-15,Meghalaya,NER,4.8,4.39803,0.4019701957702635,8.374379078547156
2020-05-16,Meghalaya,NER,4.9,4.8741355,0.02586450576782262,0.5278470564861759
2020-05-17,Meghalaya,NER,6.7,5.76869,0.9313098907470705,13.900147623090604
2020-05-18,Meghalaya,NER,6.5,6.717737,0.21773719787597656,3.349803044245793
2020-05-19,Meghalaya,NER,6.6,6.717737,0.11773719787597692,1.783896937514802
2020-05-20,Meghalaya,NER,6.9,6.6435814,0.256418609619141,3.7162117336107388
2020-05-21,Meghalaya,NER,6.7,6.623726,0.07627410888671893,1.1384195356226705
2020-05-22,Meghalaya,NER,6.7,6.4787083,0.22129173278808612,3.30286168340427
2020-05-23,Meghalaya,NER,6.4,6.4787083,0.07870826721191371,1.2298166751861517
2020-06-01,Meghalaya,NER,6.0,7.710742,1.7107419967651367,28.512366612752277
2020-06-02,Meghalaya,NER,6.0,6.075158,0.07515811920166016,1.2526353200276694
2020-06-03,Meghalaya,NER,6.0,6.0010023,0.0010023117065429688,0.016705195109049477
2020-06-04,Meghalaya,NER,5.9,6.0284867,0.12848672866821254,2.1777411638680086
2020-06-05,Meghalaya,NER,6.0,5.786244,0.21375608444213867,3.562601407368978
2020-07-01,Meghalaya,NER,6.0,6.1312966,0.13129663467407227,2.188277244567871
2020-07-02,Meghalaya,NER,6.1,6.1692424,0.0692423820495609,1.1351210172059165
2020-07-03,Meghalaya,NER,5.0,5.878017,0.8780169486999512,17.560338973999023
2020-07-04,Meghalaya,NER,4.9,4.9055457,0.005545711517333629,0.11317778606803323
2020-07-05,Meghalaya,NER,5.1,4.9055457,0.19445428848266566,3.8128291859346213
2020-08-01,Meghalaya,NER,5.3,5.5737233,0.27372331619262713,5.164590871559003
2020-08-02,Meghalaya,NER,5.3,5.584184,0.2841841697692873,5.361965467345043
2020-08-03,Meghalaya,NER,5.3,5.6785564,0.37855644226074237,7.142574382278158
2020-08-04,Meghalaya,NER,5.3,5.6785564,0.37855644226074237,7.142574382278158
2020-08-05,Meghalaya,NER,5.6,5.6044006,0.004400634765625355,0.07858276367188136
2020-09-01,Meghalaya,NER,5.7,5.6406107,0.05938930511474627,1.0419176335920397
2020-09-02,Meghalaya,NER,5.5,6.022026,0.5220260620117188,9.491382945667613
2020-09-03,Meghalaya,NER,5.9,5.6044006,0.29559936523437536,5.010158732786023
2020-09-04,Meghalaya,NER,5.7,6.031821,0.33182077407836896,5.821417089094192
2020-09-05,Meghalaya,NER,5.9,6.0018096,0.1018095970153805,1.725586390091195
2020-10-01,Meghalaya,NER,5.7,5.8343563,0.13435630798339826,2.3571282102350573
2020-10-02,Meghalaya,NER,5.6,5.8220744,0.2220744132995609,3.965614523206445
2020-10-03,Meghalaya,NER,6.0,5.404449,0.5955510139465332,9.925850232442219
2020-10-04,Meghalaya,NER,6.2,5.8520856,0.34791440963745135,5.611522736087925
2020-10-05,Meghalaya,NER,5.9,5.946458,0.04645786285400355,0.7874214043051448
2020-11-01,Meghalaya,NER,5.8,4.771795,1.0282052040100096,17.727675931207063
2020-11-02,Meghalaya,NER,5.6,5.656837,0.0568369865417484,1.0149461882455073
2020-11-03,Meghalaya,NER,5.9,5.2092004,0.6907996177673343,11.708468097751428
2020-11-04,Meghalaya,NER,4.9,5.582681,0.6826811790466305,13.932268960135316
2020-11-05,Meghalaya,NER,5.3,4.61021,0.6897900581359862,13.014906757282757
2020-12-01,Meghalaya,NER,5.4,5.346414,0.053585910797119496,0.9923316814281387
2020-12-02,Meghalaya,NER,5.4,5.310204,0.0897959709167484,1.6628883503101555
2020-12-03,Meghalaya,NER,5.4,5.5593586,0.15935859680175746,2.951085125958471
2020-12-04,Meghalaya,NER,5.7,5.539142,0.16085786819458026,2.8220678630628115
2020-12-05,Meghalaya,NER,5.8,5.9567676,0.15676755905151385,2.702888949164032
2020-02-28,Mizoram,NER,1.6,1.1993175,0.40068254470825204,25.042659044265754
2020-02-29,Mizoram,NER,1.7,2.4336224,0.7336223602294922,43.154256484087774
2020-03-01,Mizoram,NER,1.8,1.9869976,0.18699760437011714,10.38875579833984
2020-03-02,Mizoram,NER,1.7,2.1631398,0.463139820098877,27.24351882934571
2020-03-03,Mizoram,NER,1.8,2.216053,0.4160530090332031,23.11405605740017
2020-03-04,Mizoram,NER,1.8,2.0889843,0.2889842510223388,16.054680612352158
2020-03-05,Mizoram,NER,1.6,2.1418974,0.541897439956665,33.86858999729156
2020-03-13,Mizoram,NER,1.6,1.1538863,0.446113681793213,27.882105112075813
2020-03-14,Mizoram,NER,1.5,1.2219155,0.27808451652526855,18.538967768351235
2020-03-15,Mizoram,NER,2.0,1.7040011,0.2959989309310913,14.799946546554565
2020-03-16,Mizoram,NER,1.7,2.5456824,0.845682430267334,49.746025309843176
2020-03-17,Mizoram,NER,1.4,2.0994992,0.6994992256164552,49.96423040117538
2020-03-18,Mizoram,NER,1.7,1.6926724,0.007327628135681108,0.43103694915771223
2020-03-19,Mizoram,NER,1.8,1.8711036,0.07110364437103267,3.9502024650573704
2020-03-20,Mizoram,NER,1.7,1.7511885,0.051188516616821333,3.011089212754196
2020-03-21,Mizoram,NER,1.7,1.7842462,0.08424620628356938,4.95565919315114
2020-03-22,Mizoram,NER,1.5,2.0189106,0.5189106464385986,34.59404309590657
2020-03-23,Mizoram,NER,1.5,1.8556129,0.3556128740310669,23.707524935404457
2020-03-24,Mizoram,NER,1.5,1.754348,0.2543480396270752,16.956535975138344
2020-03-25,Mizoram,NER,1.6,1.6801924,0.08019235134124747,5.012021958827967
2020-03-26,Mizoram,NER,1.6,1.6322252,0.03222515583038321,2.014072239398951
2020-03-27,Mizoram,NER,1.5,1.6135749,0.11357486248016357,7.571657498677571
2020-03-28,Mizoram,NER,1.5,2.9880364,1.4880363941192627,99.20242627461752
2020-03-29,Mizoram,NER,1.6,4.5267954,2.9267953872680663,182.92471170425412
2020-03-30,Mizoram,NER,1.6,1.2608018,0.3391982078552247,21.199887990951545
2020-03-31,Mizoram,NER,1.7,4.0871477,2.3871477127075194,140.4204536886776
2020-04-01,Mizoram,NER,1.7,2.0113478,0.311347770690918,18.31457474652459
2020-04-02,Mizoram,NER,2.0,2.0492938,0.04929375648498535,2.4646878242492676
2020-04-03,Mizoram,NER,2.1,2.1671283,0.0671283245086669,3.1965868813650906
2020-04-04,Mizoram,NER,1.6,2.318011,0.7180110454559325,44.87569034099578
2020-04-05,Mizoram,NER,1.6,2.1005442,0.5005442142486571,31.28401339054107
2020-04-13,Mizoram,NER,1.8,1.9796585,0.1796584844589233,9.981026914384628
2020-04-14,Mizoram,NER,1.7,2.0494494,0.3494494438171387,20.555849636302277
2020-04-15,Mizoram,NER,1.8,1.7272836,0.07271640300750737,4.039800167083742
2020-04-16,Mizoram,NER,1.7,1.922845,0.22284500598907475,13.10852976406322
2020-04-17,Mizoram,NER,1.6,1.9237686,0.32376863956451407,20.235539972782128
2020-04-18,Mizoram,NER,1.4,1.7977078,0.39770779609680185,28.407699721200135
2020-04-19,Mizoram,NER,2.1,1.9567897,0.14321026802062997,6.81953657241095
2020-04-20,Mizoram,NER,1.9,2.1971962,0.29719624519348153,15.641907641762188
2020-04-21,Mizoram,NER,1.8,2.2576077,0.4576076984405517,25.422649913363983
2020-04-22,Mizoram,NER,2.0,2.0204723,0.020472288131713867,1.0236144065856934
2020-04-23,Mizoram,NER,1.8,2.1560984,0.35609836578369136,19.78324254353841
2020-04-24,Mizoram,NER,1.8,1.9985265,0.19852645397186275,11.029247442881264
2020-04-25,Mizoram,NER,1.7,1.9005568,0.20055680274963383,11.797458985272579
2020-04-26,Mizoram,NER,1.8,2.140167,0.34016699790954585,18.898166550530323
2020-04-27,Mizoram,NER,1.9,1.8183262,0.08167376518249503,4.298619220131317
2020-04-28,Mizoram,NER,1.7,1.9091439,0.2091439247131348,12.302583806654988
2020-04-29,Mizoram,NER,1.7,1.8740026,0.17400257587432866,10.235445639666391
2020-04-30,Mizoram,NER,1.8,1.15485,0.6451499938964844,35.841666327582466
2020-05-01,Mizoram,NER,1.7,1.9935564,0.29355638027191167,17.26802236893598
2020-05-02,Mizoram,NER,1.6,2.0844157,0.48441567420959464,30.275979638099663
2020-05-03,Mizoram,NER,1.5,1.9496615,0.4496614933013916,29.97743288675944
2020-05-04,Mizoram,NER,1.5,2.0878575,0.5878574848175049,39.190498987833664
2020-05-05,Mizoram,NER,1.3,2.0878575,0.7878574848175048,60.604421909038834
2020-05-13,Mizoram,NER,1.6,1.7486606,0.14866056442260733,9.291285276412959
2020-05-14,Mizoram,NER,1.7,1.9055028,0.20550279617309575,12.088399774887986
2020-05-15,Mizoram,NER,1.5,1.6223799,0.12237989902496338,8.158659934997559
2020-05-16,Mizoram,NER,1.7,1.8010641,0.10106413364410405,5.944949037888474
2020-05-17,Mizoram,NER,1.7,2.76541,1.0654099464416504,62.67117332009708
2020-05-18,Mizoram,NER,1.7,2.0866728,0.38667278289794926,22.745457817526425
2020-05-19,Mizoram,NER,1.8,2.0866728,0.2866727828979492,15.92626571655273
2020-05-20,Mizoram,NER,1.6,2.0125172,0.41251721382141104,25.78232586383819
2020-05-21,Mizoram,NER,1.6,1.9757838,0.3757838249206542,23.486489057540886
2020-05-22,Mizoram,NER,1.7,1.7778522,0.07785217761993413,4.5795398599961255
2020-05-23,Mizoram,NER,1.6,1.8476431,0.24764313697814933,15.477696061134333
2020-06-01,Mizoram,NER,1.6,3.0098872,1.4098872184753417,88.11795115470885
2020-06-02,Mizoram,NER,1.7,2.0296164,0.32961635589599614,19.389197405646833
2020-06-03,Mizoram,NER,1.7,2.0252516,0.32525162696838383,19.132448645199048
2020-06-04,Mizoram,NER,1.8,2.0252516,0.22525162696838374,12.51397927602132
2020-06-05,Mizoram,NER,1.8,1.734026,0.06597404479980473,3.665224711100263
2020-07-01,Mizoram,NER,1.8,2.131992,0.3319921016693115,18.444005648295082
2020-07-02,Mizoram,NER,1.7,2.169938,0.46993808746337895,27.64341690961053
2020-07-03,Mizoram,NER,1.7,1.8787124,0.17871241569519047,10.512495040893558
2020-07-04,Mizoram,NER,1.7,1.8257992,0.1257992267608643,7.399954515344959
2020-07-05,Mizoram,NER,1.8,1.8257992,0.025799226760864213,1.4332903756035675
2020-08-01,Mizoram,NER,1.9,2.0181248,0.11812481880187997,6.217095726414736
2020-08-02,Mizoram,NER,1.9,2.173994,0.2739940643310548,14.420740227950251
2020-08-03,Mizoram,NER,1.9,2.2683656,0.36836562156677255,19.38766429298803
2020-08-04,Mizoram,NER,1.8,2.2683656,0.4683656215667724,26.02031230926513
2020-08-05,Mizoram,NER,1.6,2.1292,0.529199981689453,33.07499885559081
2020-09-01,Mizoram,NER,1.6,2.0956187,0.49561872482299796,30.97617030143737
2020-09-02,Mizoram,NER,1.7,2.006496,0.3064959526062012,18.02917368271772
2020-09-03,Mizoram,NER,1.6,2.0762868,0.47628679275512686,29.767924547195427
2020-09-04,Mizoram,NER,1.7,1.9862798,0.286279845237732,16.839990896337177
2020-09-05,Mizoram,NER,1.6,2.0560708,0.4560708045959472,28.504425287246697
2020-10-01,Mizoram,NER,1.7,1.7888135,0.08881347179412846,5.224321870242851
2020-10-02,Mizoram,NER,1.9,1.8763342,0.023665809631347567,1.2455689279656614
2020-10-03,Mizoram,NER,1.7,1.9413449,0.2413448572158814,14.196756306816551
2020-10-04,Mizoram,NER,1.7,1.9292477,0.2292477369308472,13.485160995932189
2020-10-05,Mizoram,NER,1.7,1.9707059,0.2707058668136597,15.923874518450573
2020-11-01,Mizoram,NER,2.0,0.79604304,1.203956961631775,60.197848081588745
2020-11-02,Mizoram,NER,1.7,1.8167112,0.11671118736267094,6.865363962510056
2020-11-03,Mizoram,NER,1.4,1.8319683,0.4319683074951173,30.85487910679409
2020-11-04,Mizoram,NER,1.5,1.4284983,0.0715017318725586,4.76678212483724
2020-11-05,Mizoram,NER,1.7,1.5371385,0.16286153793334956,9.580090466667622
2020-12-01,Mizoram,NER,1.8,1.8182985,0.018298459053039506,1.0165810585021948
2020-12-02,Mizoram,NER,1.6,1.7820886,0.18208863735198966,11.380539834499354
2020-12-03,Mizoram,NER,1.5,2.0143661,0.5143661499023438,34.29107666015625
2020-12-04,Mizoram,NER,1.6,1.9412369,0.34123685359954825,21.327303349971764
2020-12-05,Mizoram,NER,1.6,1.9412369,0.34123685359954825,21.327303349971764
2020-02-28,Nagaland,NER,2.3,1.5760348,0.7239652156829832,31.476748507955794
2020-02-29,Nagaland,NER,2.0,2.8717706,0.8717706203460693,43.58853101730347
2020-03-01,Nagaland,NER,2.2,2.363715,0.16371493339538556,7.441587881608434
2020-03-02,Nagaland,NER,2.2,2.5844107,0.3844106674194334,17.47321215542879
2020-03-03,Nagaland,NER,2.2,2.5844107,0.3844106674194334,17.47321215542879
2020-03-04,Nagaland,NER,2.3,2.510255,0.21025509834289569,9.141526014908509
2020-03-05,Nagaland,NER,2.2,2.510255,0.31025509834289533,14.102504470131604
2020-03-13,Nagaland,NER,2.4,1.5920355,0.8079644680023192,33.665186166763306
2020-03-14,Nagaland,NER,2.3,1.7439182,0.5560818195343016,24.177470414534852
2020-03-15,Nagaland,NER,2.2,2.195063,0.004936885833740412,0.22440390153365508
2020-03-16,Nagaland,NER,2.0,2.8313274,0.8313274383544922,41.56637191772461
2020-03-17,Nagaland,NER,2.1,2.3253336,0.22533359527587882,10.730171203613278
2020-03-18,Nagaland,NER,2.3,2.2478218,0.0521781921386717,2.2686170495074656
2020-03-19,Nagaland,NER,2.3,2.2923756,0.00762443542480451,0.33149719238280484
2020-03-20,Nagaland,NER,2.2,2.17246,0.027539920806884943,1.2518145821311337
2020-03-21,Nagaland,NER,2.2,2.1526046,0.04739542007446307,2.1543372761119577
2020-03-22,Nagaland,NER,2.1,2.4401817,0.3401817321777343,16.19913010370163
2020-03-23,Nagaland,NER,2.1,2.3021219,0.202121877670288,9.62485131763276
2020-03-24,Nagaland,NER,2.0,2.200857,0.20085692405700684,10.042846202850342
2020-03-25,Nagaland,NER,2.1,2.1267014,0.02670135498046866,1.2714930943080314
2020-03-26,Nagaland,NER,2.2,2.0787342,0.12126584053039569,5.5120836604725305
2020-03-27,Nagaland,NER,2.1,2.1046374,0.004637384414672763,0.22082782927013156
2020-03-28,Nagaland,NER,2.1,3.4345443,1.3345443248748778,63.54972975594656
2020-03-29,Nagaland,NER,2.3,4.973303,2.6733028411865236,116.23055831245756
2020-03-30,Nagaland,NER,2.3,1.751864,0.5481360435485838,23.832001893416688
2020-03-31,Nagaland,NER,2.1,4.57821,2.47820987701416,118.00999414353142
2020-04-01,Nagaland,NER,2.0,2.3880649,0.3880648612976074,19.40324306488037
2020-04-02,Nagaland,NER,2.2,2.4260108,0.22601084709167463,10.273220322348847
2020-04-03,Nagaland,NER,2.2,2.4527733,0.252773332595825,11.489696936173864
2020-04-04,Nagaland,NER,2.0,2.4527733,0.4527733325958252,22.63866662979126
2020-04-05,Nagaland,NER,2.1,2.3961694,0.29616942405700675,14.10330590747651
2020-04-13,Nagaland,NER,2.2,2.4261672,0.22616724967956525,10.280329530889329
2020-04-14,Nagaland,NER,2.0,2.470721,0.4707210063934326,23.53605031967163
2020-04-15,Nagaland,NER,1.9,2.051088,0.1510880947113038,7.9520049848054635
2020-04-16,Nagaland,NER,1.9,2.2289467,0.3289466857910157,17.31298346268504
2020-04-17,Nagaland,NER,1.9,2.078987,0.17898688316345224,9.420362271760645
2020-04-18,Nagaland,NER,1.8,2.0756307,0.2756306648254394,15.31281471252441
2020-04-19,Nagaland,NER,2.1,2.2783422,0.17834224700927725,8.492487952822726
2020-04-20,Nagaland,NER,2.2,2.3403175,0.14031748771667463,6.378067623485211
2020-04-21,Nagaland,NER,2.2,2.3727772,0.17277722358703596,7.853510163047088
2020-04-22,Nagaland,NER,2.1,2.3888302,0.28883018493652335,13.753818330310635
2020-04-23,Nagaland,NER,2.2,2.3442764,0.14427642822265607,6.5580194646661845
2020-04-24,Nagaland,NER,2.1,2.2689147,0.16891469955444327,8.043557121640156
2020-04-25,Nagaland,NER,2.1,2.224361,0.12436094284057608,5.921949659075051
2020-04-26,Nagaland,NER,2.1,2.463971,0.3639708995819091,17.331947599138527
2020-04-27,Nagaland,NER,2.1,2.1950443,0.09504427909851065,4.525918052310031
2020-04-28,Nagaland,NER,2.1,2.167938,0.06793799400329581,3.235142571585515
2020-04-29,Nagaland,NER,2.2,2.1978064,0.002193641662597834,0.0997109846635379
2020-04-30,Nagaland,NER,2.1,1.5761213,0.5238786697387696,24.94660332089379
2020-05-01,Nagaland,NER,2.1,2.3702736,0.27027359008789054,12.870170956566215
2020-05-02,Nagaland,NER,2.3,2.4082196,0.10821957588195819,4.7051989513894865
2020-05-03,Nagaland,NER,2.1,2.4407232,0.34072318077087393,16.224913370041616
2020-05-04,Nagaland,NER,2.1,2.5343654,0.43436541557312003,20.68406740824381
2020-05-05,Nagaland,NER,2.0,2.5343654,0.5343654155731201,26.718270778656006
2020-05-13,Nagaland,NER,2.1,2.3520117,0.25201168060302725,12.000556219191774
2020-05-14,Nagaland,NER,2.0,2.3520117,0.35201168060302734,17.600584030151367
2020-05-15,Nagaland,NER,2.1,1.9990977,0.10090229511260995,4.804871195838569
2020-05-16,Nagaland,NER,2.2,2.2475727,0.047572660446166815,2.1623936566439457
2020-05-17,Nagaland,NER,2.3,3.1866808,0.8866807937622072,38.551338859226405
2020-05-18,Nagaland,NER,2.3,2.507944,0.20794410705566424,9.041048132854968
2020-05-19,Nagaland,NER,2.4,2.507944,0.10794410705566415,4.49767112731934
2020-05-20,Nagaland,NER,2.3,2.464729,0.16472907066345233,7.162133507106623
2020-05-21,Nagaland,NER,2.1,2.413933,0.31393303871154776,14.949192319597513
2020-05-22,Nagaland,NER,2.2,2.224361,0.024360942840575994,1.107315583662545
2020-05-23,Nagaland,NER,2.2,2.2689147,0.06891469955444318,3.1324863433837806
2020-06-01,Nagaland,NER,2.2,3.500949,1.300948905944824,59.13404117931018
2020-06-02,Nagaland,NER,2.2,2.520678,0.32067804336547834,14.576274698430833
2020-06-03,Nagaland,NER,2.2,2.4465225,0.24652247428894025,11.205567013133647
2020-06-04,Nagaland,NER,2.2,2.4465225,0.24652247428894025,11.205567013133647
2020-06-05,Nagaland,NER,2.2,2.155297,0.04470295906066912,2.031952684575869
2020-07-01,Nagaland,NER,2.2,2.5003498,0.3003497600555418,13.652261820706446
2020-07-02,Nagaland,NER,2.2,2.5382957,0.3382957458496092,15.377079356800415
2020-07-03,Nagaland,NER,2.0,2.2470703,0.2470703125,12.353515625
2020-07-04,Nagaland,NER,2.4,2.2025166,0.1974834442138671,8.228476842244463
2020-07-05,Nagaland,NER,2.2,2.2780108,0.078010845184326,3.545947508378454
2020-08-01,Nagaland,NER,2.5,2.4393957,0.06060433387756348,2.424173355102539
2020-08-02,Nagaland,NER,2.3,2.6137738,0.313773822784424,13.642340121061913
2020-08-03,Nagaland,NER,2.3,2.5717132,0.27171320915222186,11.813617789227038
2020-08-04,Nagaland,NER,2.2,2.5717132,0.3717132091522215,16.896054961464614
2020-08-05,Nagaland,NER,2.1,2.4975576,0.3975576400756835,18.931316194080168
2020-09-01,Nagaland,NER,2.2,2.4892135,0.28921346664428693,13.146066665649405
2020-09-02,Nagaland,NER,2.2,2.4975576,0.2975576400756834,13.525347276167427
2020-09-03,Nagaland,NER,2.1,2.4975576,0.3975576400756835,18.931316194080168
2020-09-04,Nagaland,NER,2.2,2.432788,0.23278789520263654,10.581267963756206
2020-09-05,Nagaland,NER,2.2,2.4773417,0.27734165191650373,12.606438723477442
2020-10-01,Nagaland,NER,2.2,2.2798762,0.07987623214721662,3.6307378248734827
2020-10-02,Nagaland,NER,2.3,2.2976062,0.00239377021789533,0.10407696599544915
2020-10-03,Nagaland,NER,2.2,2.2976062,0.09760622978210431,4.436646808277469
2020-10-04,Nagaland,NER,2.6,2.2976062,0.3023937702178956,11.630529623765215
2020-10-05,Nagaland,NER,2.5,2.5859947,0.08599472045898438,3.4397888183593754
2020-11-01,Nagaland,NER,2.2,1.3537467,0.8462533473968508,38.466061245311394
2020-11-02,Nagaland,NER,2.0,2.1023564,0.1023564338684082,5.11782169342041
2020-11-03,Nagaland,NER,2.1,2.0578027,0.04219732284545907,2.0093963259742416
2020-11-04,Nagaland,NER,1.9,1.9836471,0.08364710807800302,4.402479372526475
2020-11-05,Nagaland,NER,1.9,1.9130309,0.013030862808227628,0.6858348846435594
2020-12-01,Nagaland,NER,2.0,2.0264304,0.026430368423461914,1.3215184211730957
2020-12-02,Nagaland,NER,2.1,2.0608366,0.03916344642639169,1.8649260203043663
2020-12-03,Nagaland,NER,2.0,2.407961,0.4079608917236328,20.39804458618164
2020-12-04,Nagaland,NER,2.0,2.387745,0.3877449035644531,19.387245178222656
2020-12-05,Nagaland,NER,2.1,2.387745,0.28774490356445304,13.702138264973954
2020-02-28,Odisha,ER,87.7,81.81205,5.887950134277347,6.713740175914876
2020-02-29,Odisha,ER,83.5,87.1952,3.6951980590820312,4.425386897104229
2020-03-01,Odisha,ER,64.2,84.9104,20.710400390624997,32.2591906396028
2020-03-02,Odisha,ER,66.0,70.239586,4.239585876464844,6.423614964340672
2020-03-03,Odisha,ER,64.6,69.95579,5.355787658691412,8.290692970110545
2020-03-04,Odisha,ER,65.2,70.40638,5.206379699707028,7.985244938200964
2020-03-05,Odisha,ER,65.4,70.07345,4.673448181152338,7.145945231119782
2020-03-13,Odisha,ER,65.2,66.54903,1.3490264892578097,2.0690590326040024
2020-03-14,Odisha,ER,65.0,65.87971,0.8797073364257812,1.3533959021935096
2020-03-15,Odisha,ER,81.0,70.112305,10.8876953125,13.441599151234568
2020-03-16,Odisha,ER,79.7,80.92933,1.2293289184570284,1.5424453180138373
2020-03-17,Odisha,ER,80.6,78.77687,1.8231292724609318,2.261946988164928
2020-03-18,Odisha,ER,84.0,80.62261,3.3773880004882812,4.020700000581287
2020-03-19,Odisha,ER,85.1,82.43925,2.660752868652338,3.12661911710028
2020-03-20,Odisha,ER,89.5,82.66787,6.832130432128906,7.633665287294868
2020-03-21,Odisha,ER,88.3,87.186264,1.1137359619140597,1.261309130140498
2020-03-22,Odisha,ER,69.1,84.41731,15.317312622070318,22.166877890116236
2020-03-23,Odisha,ER,71.4,71.62016,0.22016296386718182,0.30835149001005857
2020-03-24,Odisha,ER,69.4,72.65847,3.258470153808588,4.6952019507328355
2020-03-25,Odisha,ER,63.8,72.181175,8.381175231933597,13.136638294566765
2020-03-26,Odisha,ER,63.0,67.93736,4.9373626708984375,7.837083604600695
2020-03-27,Odisha,ER,69.4,67.245804,2.154196166992193,3.1040290590665607
2020-03-28,Odisha,ER,70.5,76.54492,6.044921875,8.574357269503546
2020-03-29,Odisha,ER,78.9,77.593506,1.3064941406250057,1.6558861097908817
2020-03-30,Odisha,ER,75.9,80.019066,4.119065856933588,5.426964238384174
2020-03-31,Odisha,ER,74.4,80.62021,6.220208740234369,8.360495618594582
2020-04-01,Odisha,ER,71.2,77.50501,6.305012512207028,8.855354651976164
2020-04-02,Odisha,ER,66.3,73.10567,6.805667114257815,10.264957940057037
2020-04-03,Odisha,ER,60.4,69.745865,9.345864868164064,15.473286205569641
2020-04-04,Odisha,ER,72.0,68.68632,3.3136825561523438,4.602336883544922
2020-04-05,Odisha,ER,88.8,73.12264,15.677357482910153,17.654681850124046
2020-04-13,Odisha,ER,81.4,85.32145,3.9214492797851506,4.817505257721315
2020-04-14,Odisha,ER,79.0,83.07846,4.078460693359375,5.162608472606803
2020-04-15,Odisha,ER,78.6,79.853355,1.2533554077148494,1.5945997553624038
2020-04-16,Odisha,ER,80.9,80.10183,0.7981704711914119,0.9866136850326476
2020-04-17,Odisha,ER,85.1,81.106514,3.993486022949213,4.692698029317524
2020-04-18,Odisha,ER,83.3,83.891396,0.5913955688476591,0.7099586660836243
2020-04-19,Odisha,ER,74.2,82.35605,8.156048583984372,10.991979223698614
2020-04-20,Odisha,ER,72.9,75.6781,2.7781005859374943,3.8108375664437504
2020-04-21,Odisha,ER,74.8,75.623535,0.8235351562500028,1.1009828292112338
2020-04-22,Odisha,ER,73.6,75.549385,1.949385070800787,2.6486210201097653
2020-04-23,Odisha,ER,74.9,75.549385,0.6493850708007756,0.8670027647540395
2020-04-24,Odisha,ER,72.4,75.21155,2.8115478515624943,3.883353386136042
2020-04-25,Odisha,ER,72.1,72.7617,0.6617034912109432,0.9177579628445814
2020-04-26,Odisha,ER,80.5,74.6994,5.80059814453125,7.205711980784161
2020-04-27,Odisha,ER,88.1,81.231636,6.868363952636713,7.796099832731797
2020-04-28,Odisha,ER,89.1,84.11217,4.987832641601557,5.598016432773914
2020-04-29,Odisha,ER,81.3,89.67767,8.377673339843753,10.30464125442036
2020-04-30,Odisha,ER,89.4,82.51308,6.886923217773443,7.703493532185059
2020-05-01,Odisha,ER,88.0,88.70711,0.7071075439453125,0.8035312999378551
2020-05-02,Odisha,ER,91.6,84.86876,6.731240844726557,7.348516206033359
2020-05-03,Odisha,ER,78.2,89.35609,11.156086730957028,14.266095563883669
2020-05-04,Odisha,ER,76.2,79.8444,3.6443984985351534,4.782675194928022
2020-05-05,Odisha,ER,80.6,77.28501,3.314988708496088,4.112889216496388
2020-05-13,Odisha,ER,69.7,81.987305,12.287304687499997,17.628844601865133
2020-05-14,Odisha,ER,72.6,72.353065,0.24693450927733807,0.3401301780679588
2020-05-15,Odisha,ER,73.6,74.390884,0.7908843994140682,1.074571194856071
2020-05-16,Odisha,ER,74.7,74.24121,0.45878906250000284,0.6141754518072328
2020-05-17,Odisha,ER,76.0,78.648766,2.6487655639648438,3.4852178473221627
2020-05-18,Odisha,ER,69.9,77.65075,7.750749206542963,11.088339351277487
2020-05-19,Odisha,ER,68.9,72.72176,3.821763610839838,5.546826721102812
2020-05-20,Odisha,ER,71.0,71.550476,0.55047607421875,0.7753184143926056
2020-05-21,Odisha,ER,72.0,72.89036,0.8903579711914062,1.2366082933213975
2020-05-22,Odisha,ER,77.0,72.7617,4.2382965087890625,5.504281180245536
2020-05-23,Odisha,ER,84.3,77.159096,7.140904235839841,8.470823530059125
2020-06-01,Odisha,ER,85.4,86.56309,1.1630874633789006,1.3619291140268155
2020-06-02,Odisha,ER,86.0,84.68498,1.3150177001953125,1.5290903490643168
2020-06-03,Odisha,ER,79.4,84.61083,5.210832214355463,6.562760975258769
2020-06-04,Odisha,ER,75.1,80.178955,5.078955078125006,6.76292287366845
2020-06-05,Odisha,ER,75.8,76.62603,0.8260299682617216,1.0897492984983135
2020-07-01,Odisha,ER,74.0,79.520294,5.520294189453125,7.459857012774493
2020-07-02,Odisha,ER,73.8,75.763794,1.9637939453125028,2.6609674055724972
2020-07-03,Odisha,ER,94.8,75.50728,19.292721557617185,20.350972107191122
2020-07-04,Odisha,ER,91.1,89.41024,1.6897598266601506,1.8548406439738208
2020-07-05,Odisha,ER,93.6,88.8038,4.796197509765619,5.1241426386384825
2020-08-01,Odisha,ER,93.6,90.249405,3.350595092773432,3.579695611937427
2020-08-02,Odisha,ER,90.3,90.28735,0.012646484374997158,0.014004966085268172
2020-08-03,Odisha,ER,89.4,89.13379,0.2662109375000057,0.2977750978747267
2020-08-04,Odisha,ER,91.4,88.8829,2.517103576660162,2.753942644048317
2020-08-05,Odisha,ER,72.4,85.382484,12.98248443603515,17.931608337065125
2020-09-01,Odisha,ER,71.6,73.064186,1.464186096191412,2.044952648312028
2020-09-02,Odisha,ER,69.9,72.055275,2.1552749633789006,3.083369046321746
2020-09-03,Odisha,ER,69.3,71.74967,2.449671936035159,3.5348801385788735
2020-09-04,Odisha,ER,67.8,71.79636,3.996356201171878,5.894330680194511
2020-09-05,Odisha,ER,68.6,71.054565,2.4545654296875057,3.5780837167456356
2020-10-01,Odisha,ER,71.4,71.32212,0.07787933349609943,0.10907469677324849
2020-10-02,Odisha,ER,76.5,73.45927,3.0407333374023438,3.9748148201337825
2020-10-03,Odisha,ER,74.6,77.24091,2.640913391113287,3.540098379508428
2020-10-04,Odisha,ER,80.4,75.293365,5.106634521484381,6.351535474483059
2020-10-05,Odisha,ER,81.6,81.78321,0.18321075439453693,0.22452298332663845
2020-11-01,Odisha,ER,81.0,82.56128,1.561279296875,1.9275053047839508
2020-11-02,Odisha,ER,79.7,81.52568,1.8256805419921847,2.290690767869742
2020-11-03,Odisha,ER,80.6,79.637146,0.9628540039062443,1.194607945293107
2020-11-04,Odisha,ER,81.3,81.486244,0.1862442016601591,0.22908265886858437
2020-11-05,Odisha,ER,95.3,82.413025,12.886975097656247,13.522534205305611
2020-12-01,Odisha,ER,105.7,90.419365,15.280635070800784,14.456608392432152
2020-12-02,Odisha,ER,112.3,102.17502,10.124981689453122,9.016012190074019
2020-12-03,Odisha,ER,113.0,109.15777,3.8422317504882812,3.4002050889276827
2020-12-04,Odisha,ER,111.6,111.06794,0.5320602416992131,0.4767564889777895
2020-12-05,Odisha,ER,95.1,109.34923,14.249227905273443,14.983415252653465
2020-02-28,Pondy,SR,8.9,8.003223,0.8967765808105472,10.076141357421879
2020-02-29,Pondy,SR,8.5,9.254406,0.7544059753417969,8.875364415785846
2020-03-01,Pondy,SR,7.2,8.089506,0.889506149291992,12.354252073499888
2020-03-02,Pondy,SR,7.4,7.76387,0.36386976242065394,4.917158951630459
2020-03-03,Pondy,SR,6.9,7.76387,0.8638697624206539,12.51985162928484
2020-03-04,Pondy,SR,6.4,7.1588683,0.758868312835693,11.857317388057703
2020-03-05,Pondy,SR,7.3,7.1588683,0.14113168716430646,1.9333107830726912
2020-03-13,Pondy,SR,7.2,6.771496,0.4285041809082033,5.951446957058379
2020-03-14,Pondy,SR,6.7,6.8924375,0.1924374580383299,2.8722008662437295
2020-03-15,Pondy,SR,9.5,6.843677,2.656322956085205,27.961294274581107
2020-03-16,Pondy,SR,9.5,9.912193,0.41219329833984375,4.338876824629934
2020-03-17,Pondy,SR,8.7,9.450753,0.7507532119750984,8.629347264081591
2020-03-18,Pondy,SR,8.9,8.67501,0.224990272521973,2.5279805901345282
2020-03-19,Pondy,SR,8.3,8.67501,0.37500972747802663,4.518189487687067
2020-03-20,Pondy,SR,8.2,7.8972945,0.3027054786682122,3.6915302276611244
2020-03-21,Pondy,SR,8.1,7.877439,0.22256097793579066,2.7476663942690207
2020-03-22,Pondy,SR,4.4,8.165016,3.765016174316406,85.56854941628195
2020-03-23,Pondy,SR,4.5,4.973142,0.473142147064209,10.514269934760199
2020-03-24,Pondy,SR,4.6,4.84463,0.24462976455688512,5.318038359932286
2020-03-25,Pondy,SR,4.7,4.9372063,0.2372062683105467,5.046941878947802
2020-03-26,Pondy,SR,4.6,4.663357,0.06335678100585973,1.377321326214342
2020-03-27,Pondy,SR,4.6,4.897837,0.2978371620178226,6.474720913430927
2020-03-28,Pondy,SR,4.7,6.2722983,1.5722983360290526,33.45315608572452
2020-03-29,Pondy,SR,6.9,7.8110576,0.9110575675964352,13.203732863716452
2020-03-30,Pondy,SR,7.1,6.1562653,0.9437347412109371,13.29203860860475
2020-03-31,Pondy,SR,7.0,9.513451,2.5134506225585938,35.90643746512277
2020-04-01,Pondy,SR,7.2,6.7934175,0.40658254623413104,5.646979808807375
2020-04-02,Pondy,SR,7.6,7.4058027,0.19419727325439418,2.5552272796630815
2020-04-03,Pondy,SR,7.6,7.623945,0.023945236206055043,0.3150688974480927
2020-04-04,Pondy,SR,7.0,7.623945,0.6239452362060547,8.91350337437221
2020-04-05,Pondy,SR,8.0,6.768657,1.2313427925109863,15.391784906387329
2020-04-13,Pondy,SR,8.5,7.9513397,0.5486602783203125,6.454826803768382
2020-04-14,Pondy,SR,8.0,7.9513397,0.0486602783203125,0.6082534790039062
2020-04-15,Pondy,SR,8.4,7.820475,0.5795248985290531,6.899105934869679
2020-04-16,Pondy,SR,7.8,8.068953,0.26895256042480487,3.4481097490359596
2020-04-17,Pondy,SR,7.2,7.756502,0.5565021514892576,7.729196548461911
2020-04-18,Pondy,SR,7.4,7.4682307,0.06823072433471644,0.9220368153340059
2020-04-19,Pondy,SR,7.0,7.7359524,0.7359523773193359,10.513605390276227
2020-04-20,Pondy,SR,7.2,7.1314554,0.06854457855224627,0.9520080354478648
2020-04-21,Pondy,SR,7.3,7.6424456,0.3424455642700197,4.691035126986572
2020-04-22,Pondy,SR,7.4,7.5682898,0.168289756774902,2.2741859023635405
2020-04-23,Pondy,SR,7.6,7.5682898,0.0317102432250973,0.41724004243549084
2020-04-24,Pondy,SR,7.4,7.73329,0.33329019546508754,4.503921560339021
2020-04-25,Pondy,SR,6.7,7.448375,0.7483752250671385,11.169779478614007
2020-04-26,Pondy,SR,9.0,7.15714,1.842860221862793,20.47622468736437
2020-04-27,Pondy,SR,9.1,8.6222315,0.477768516540527,5.25020347846733
2020-04-28,Pondy,SR,8.8,9.293356,0.4933559417724602,5.606317520141594
2020-04-29,Pondy,SR,9.0,8.624993,0.37500667572021484,4.166740841335721
2020-04-30,Pondy,SR,9.2,7.9587555,1.2412445068359368,13.491788117781923
2020-05-01,Pondy,SR,9.2,9.452094,0.25209407806396555,2.7401530224344084
2020-05-02,Pondy,SR,8.2,9.533641,1.3336408615112312,16.26391294525892
2020-05-03,Pondy,SR,5.8,8.165561,2.3655607223510744,40.78552969570818
2020-05-04,Pondy,SR,6.4,6.57222,0.17221984863281214,2.69093513488769
2020-05-05,Pondy,SR,6.6,7.227533,0.6275328636169437,9.508073691165814
2020-05-13,Pondy,SR,6.9,7.04518,0.14517984390258754,2.1040557087331524
2020-05-14,Pondy,SR,7.3,7.04518,0.25482015609741193,3.490687069827561
2020-05-15,Pondy,SR,7.4,7.223111,0.17688884735107457,2.3903898290685754
2020-05-16,Pondy,SR,7.3,7.471586,0.17158622741699237,2.3504962659861968
2020-05-17,Pondy,SR,7.2,8.36614,1.1661403656005858,16.1963939666748
2020-05-18,Pondy,SR,7.3,7.687404,0.38740415573120135,5.306906242893169
2020-05-19,Pondy,SR,7.5,7.687404,0.18740415573120117,2.4987220764160156
2020-05-20,Pondy,SR,7.5,7.6132483,0.11324834823608398,1.5099779764811199
2020-05-21,Pondy,SR,7.5,7.593393,0.09339284896850586,1.2452379862467449
2020-05-22,Pondy,SR,7.6,7.448375,0.15162477493286097,1.9950628280639604
2020-05-23,Pondy,SR,6.9,7.73329,0.8332901954650875,12.076669499494022
2020-06-01,Pondy,SR,6.4,8.105961,1.7059608459472653,26.65563821792602
2020-06-02,Pondy,SR,6.5,7.169292,0.6692919731140137,10.296799586369442
2020-06-03,Pondy,SR,6.5,7.095136,0.5951361656188965,9.155941009521484
2020-06-04,Pondy,SR,6.7,7.095136,0.3951361656188963,5.897554710729795
2020-06-05,Pondy,SR,6.6,6.8039103,0.20391025543212926,3.0895493247292314
2020-07-01,Pondy,SR,6.7,7.1053615,0.4053614616394041,6.050171069244838
2020-07-02,Pondy,SR,6.2,7.186909,0.9869091987609862,15.917890302596549
2020-07-03,Pondy,SR,7.0,6.2403708,0.7596292495727539,10.851846422467913
2020-07-04,Pondy,SR,7.1,6.8956833,0.2043167114257809,2.8777001609264916
2020-07-05,Pondy,SR,7.1,7.426529,0.32652893066406286,4.598999023437505
2020-08-01,Pondy,SR,7.9,7.575253,0.3247469902038578,4.110721394985541
2020-08-02,Pondy,SR,7.9,8.202179,0.30217895507812464,3.8250500642800582
2020-08-03,Pondy,SR,8.2,8.29655,0.09654979705810618,1.1774365494890997
2020-08-04,Pondy,SR,7.7,8.29655,0.5965497970581053,7.747399961793574
2020-08-05,Pondy,SR,7.5,7.961931,0.4619312286376953,6.159083048502604
2020-09-01,Pondy,SR,7.9,7.669625,0.2303751945495609,2.9161417031589987
2020-09-02,Pondy,SR,8.1,8.222394,0.12239398956298864,1.511036908185045
2020-09-03,Pondy,SR,8.0,8.222394,0.22239398956298828,2.7799248695373535
2020-09-04,Pondy,SR,8.5,8.202179,0.297821044921875,3.5037769990808822
2020-09-05,Pondy,SR,8.2,8.202179,0.0021789550781257105,0.026572622903972082
2020-10-01,Pondy,SR,7.4,7.9611115,0.5611115455627438,7.582588453550591
2020-10-02,Pondy,SR,8.4,7.477065,0.9229349136352543,10.987320400419694
2020-10-03,Pondy,SR,8.7,8.022444,0.6775562286376946,7.788002628019479
2020-10-04,Pondy,SR,8.9,8.680243,0.21975746154785192,2.4691849612118193
2020-10-05,Pondy,SR,9.4,8.774613,0.6253866195678714,6.653049144339057
2020-11-01,Pondy,SR,9.5,6.9076886,2.592311382293701,27.287488234670537
2020-11-02,Pondy,SR,9.5,9.732557,0.2325572967529297,2.4479715447676806
2020-11-03,Pondy,SR,8.7,9.732557,1.0325572967529304,11.86847467532104
2020-11-04,Pondy,SR,8.0,8.960171,0.9601707458496094,12.002134323120117
2020-11-05,Pondy,SR,8.4,8.302372,0.09762802124023473,1.1622383480980325
2020-12-01,Pondy,SR,8.5,8.46369,0.03631019592285156,0.4271787755629595
2020-12-02,Pondy,SR,8.5,8.4775305,0.022469520568847656,0.26434730080997243
2020-12-03,Pondy,SR,8.7,8.726685,0.02668457031250071,0.30671919899426103
2020-12-04,Pondy,SR,8.6,9.364268,0.7642683029174808,8.886840731598616
2020-12-05,Pondy,SR,7.9,9.364268,1.4642683029174801,18.535041809082024
2020-02-28,Punjab,NR,152.0,147.71696,4.2830352783203125,2.8177863673159953
2020-02-29,Punjab,NR,162.4,150.71165,11.688345336914068,7.197256980858416
2020-03-01,Punjab,NR,108.2,161.63637,53.43636779785156,49.3866615506946
2020-03-02,Punjab,NR,112.0,114.49871,2.4987106323242188,2.230991636003767
2020-03-03,Punjab,NR,112.6,113.75375,1.1537536621093807,1.0246480125305335
2020-03-04,Punjab,NR,113.5,116.306496,2.8064956665039062,2.472683406611371
2020-03-05,Punjab,NR,113.0,116.306496,3.3064956665039062,2.9261023597379703
2020-03-13,Punjab,NR,111.8,112.57105,0.7710525512695341,0.6896713338725707
2020-03-14,Punjab,NR,103.6,114.76247,11.162466430664068,10.774581496779989
2020-03-15,Punjab,NR,284.4,135.59637,148.80362548828123,52.32194989039425
2020-03-16,Punjab,NR,271.4,268.20917,3.1908325195312273,1.1756936328412777
2020-03-17,Punjab,NR,270.0,265.28265,4.71734619140625,1.7471652560763888
2020-03-18,Punjab,NR,291.7,264.62253,27.077471923828114,9.282643786022666
2020-03-19,Punjab,NR,268.9,261.48328,7.416723632812477,2.758171674530486
2020-03-20,Punjab,NR,262.6,266.96487,4.364874267578102,1.6621760348736108
2020-03-21,Punjab,NR,244.6,237.29518,7.304818725585932,2.986434474892041
2020-03-22,Punjab,NR,73.9,148.4889,74.58890686035156,100.93221496664621
2020-03-23,Punjab,NR,75.8,76.7369,0.9369003295898466,1.2360162659496658
2020-03-24,Punjab,NR,69.6,83.75126,14.151258850097662,20.332268462783997
2020-03-25,Punjab,NR,72.4,61.69634,10.703661346435553,14.784062633198275
2020-03-26,Punjab,NR,74.0,64.88417,9.115829467773438,12.318688469964105
2020-03-27,Punjab,NR,75.9,73.05519,2.844808959960943,3.7481013965229812
2020-03-28,Punjab,NR,77.7,85.982765,8.282765197753903,10.659929469438744
2020-03-29,Punjab,NR,106.4,166.91168,60.511682128906244,56.87188170009985
2020-03-30,Punjab,NR,106.4,159.59006,53.19005737304687,49.99065542579593
2020-03-31,Punjab,NR,106.7,123.28896,16.58896331787109,15.547294580947602
2020-04-01,Punjab,NR,95.3,116.60575,21.30575103759766,22.35650686001853
2020-04-02,Punjab,NR,99.0,118.75329,19.75328826904297,19.952816433376736
2020-04-03,Punjab,NR,101.7,110.98508,9.285076904296872,9.129869129102136
2020-04-04,Punjab,NR,94.2,103.18476,8.984761047363278,9.537962895290104
2020-04-05,Punjab,NR,99.2,100.07468,0.8746765136718722,0.8817303565240646
2020-04-13,Punjab,NR,102.9,105.707115,2.807115173339838,2.728003083906548
2020-04-14,Punjab,NR,107.7,106.89234,0.8076583862304716,0.7499149361471417
2020-04-15,Punjab,NR,112.8,108.00277,4.797230529785153,4.252863944844995
2020-04-16,Punjab,NR,114.1,108.77462,5.325379943847651,4.667291800041762
2020-04-17,Punjab,NR,111.7,110.08507,1.6149322509765653,1.4457764109011328
2020-04-18,Punjab,NR,112.3,109.91244,2.3875625610351534,2.1260574897908757
2020-04-19,Punjab,NR,102.8,118.794495,15.994494628906253,15.558846915278457
2020-04-20,Punjab,NR,105.2,113.65728,8.457279968261716,8.039239513556765
2020-04-21,Punjab,NR,105.8,122.641075,16.841075134277347,15.91784039156649
2020-04-22,Punjab,NR,92.4,118.325035,25.925035095214838,28.05739728919355
2020-04-23,Punjab,NR,100.2,106.73064,6.530636596679685,6.5176013938919
2020-04-24,Punjab,NR,104.3,104.94898,0.6489822387695341,0.6222264992996492
2020-04-25,Punjab,NR,97.3,105.66091,8.360911560058597,8.592920411159914
2020-04-26,Punjab,NR,181.3,115.5543,65.7457015991211,36.2634868169449
2020-04-27,Punjab,NR,162.6,183.27806,20.678060913085943,12.717134632894183
2020-04-28,Punjab,NR,186.4,160.75572,25.644277954101568,13.757659846621012
2020-04-29,Punjab,NR,198.8,194.3557,4.444302368164074,2.2355645715111034
2020-04-30,Punjab,NR,186.0,201.58992,15.589920043945312,8.381677442981351
2020-05-01,Punjab,NR,190.3,189.41924,0.8807647705078239,0.4628296219168806
2020-05-02,Punjab,NR,188.4,188.18991,0.21008911132813068,0.11151226715930504
2020-05-03,Punjab,NR,88.2,144.65094,56.45093994140625,64.00333326690051
2020-05-04,Punjab,NR,91.2,93.952385,2.752384948730466,3.0179659525553353
2020-05-05,Punjab,NR,100.5,101.16658,0.6665802001953125,0.6632638807913557
2020-05-13,Punjab,NR,105.4,107.94892,2.5489212036132756,2.418331312726068
2020-05-14,Punjab,NR,112.9,110.96279,1.937208557128912,1.715862318094696
2020-05-15,Punjab,NR,121.1,112.83968,8.26031646728515,6.821070575792858
2020-05-16,Punjab,NR,129.2,119.738205,9.461795043945301,7.323370777047447
2020-05-17,Punjab,NR,113.0,131.09915,18.099151611328125,16.01694832860896
2020-05-18,Punjab,NR,120.2,123.04009,2.840092468261716,2.36280571402805
2020-05-19,Punjab,NR,120.5,125.567024,5.067024230957031,4.204999361790067
2020-05-20,Punjab,NR,123.8,125.50643,1.7064315795898466,1.3783776894909907
2020-05-21,Punjab,NR,126.0,131.21796,5.21795654296875,4.1412353515625
2020-05-22,Punjab,NR,127.2,127.20853,0.008526611328122158,0.0067033107925488665
2020-05-23,Punjab,NR,121.6,125.83786,4.237860107421881,3.4850823251824674
2020-06-01,Punjab,NR,100.2,134.1376,33.93760375976562,33.86986403170222
2020-06-02,Punjab,NR,102.1,120.18647,18.086470031738287,17.714466240683926
2020-06-03,Punjab,NR,107.9,113.06513,5.165132141113276,4.786962132635102
2020-06-04,Punjab,NR,112.0,114.260345,2.260345458984375,2.0181655883789062
2020-06-05,Punjab,NR,114.0,115.84962,1.8496170043945312,1.6224710564864309
2020-07-01,Punjab,NR,113.8,119.30842,5.508418273925784,4.840437850549898
2020-07-02,Punjab,NR,108.5,120.09836,11.598358154296875,10.689731017785139
2020-07-03,Punjab,NR,235.3,131.69852,103.60148315429689,44.02952960233611
2020-07-04,Punjab,NR,242.9,231.80933,11.090673828125006,4.565942292352823
2020-07-05,Punjab,NR,246.2,248.48195,2.281948852539074,0.9268679336064477
2020-08-01,Punjab,NR,214.3,239.37503,25.075030517578114,11.700900848146576
2020-08-02,Punjab,NR,219.2,210.06361,9.136386108398426,4.16805935602118
2020-08-03,Punjab,NR,228.4,219.30267,9.097326660156256,3.983067714604315
2020-08-04,Punjab,NR,224.1,224.28288,0.18288269042969318,0.08160762625153645
2020-08-05,Punjab,NR,111.2,139.86415,28.66415100097656,25.777114209511293
2020-09-01,Punjab,NR,116.5,100.637794,15.862205505371094,13.61562704323699
2020-09-02,Punjab,NR,114.0,120.14903,6.1490325927734375,5.393888239274945
2020-09-03,Punjab,NR,101.7,118.02663,16.32662658691406,16.05371345812592
2020-09-04,Punjab,NR,91.6,115.0266,23.426603698730474,25.574894867609686
2020-09-05,Punjab,NR,97.3,105.57191,8.271907043457034,8.501446087828402
2020-10-01,Punjab,NR,93.8,103.76204,9.962039184570315,10.62051085775087
2020-10-02,Punjab,NR,290.1,133.33954,156.76046142578127,54.036698181930795
2020-10-03,Punjab,NR,282.1,266.21674,15.883264160156273,5.630366593461989
2020-10-04,Punjab,NR,300.0,265.5471,34.452911376953125,11.484303792317709
2020-10-05,Punjab,NR,289.9,291.29056,1.3905578613281477,0.4796681136006029
2020-11-01,Punjab,NR,284.4,261.91528,22.484716796874977,7.906018564302032
2020-11-02,Punjab,NR,271.4,263.4834,7.916601562499977,2.916949728260861
2020-11-03,Punjab,NR,270.0,251.39694,18.603057861328125,6.890021430121528
2020-11-04,Punjab,NR,124.3,181.46213,57.16212768554688,45.98723064002163
2020-11-05,Punjab,NR,124.4,114.88102,9.51898040771485,7.651913511024798
2020-12-01,Punjab,NR,130.8,115.317444,15.482556152343761,11.836816630232233
2020-12-02,Punjab,NR,129.4,125.602776,3.797224426269537,2.93448564626703
2020-12-03,Punjab,NR,132.1,123.62795,8.4720474243164,6.413359140284937
2020-12-04,Punjab,NR,132.1,128.3141,3.785897827148432,2.865933252951122
2020-12-05,Punjab,NR,120.4,124.19364,3.7936416625976506,3.150865168270474
2020-02-28,Rajasthan,NR,227.1,235.53062,8.430624389648443,3.7122960764634274
2020-02-29,Rajasthan,NR,205.0,226.99857,21.998565673828125,10.731007645769818
2020-03-01,Rajasthan,NR,240.7,205.60648,35.093524169921864,14.57977738675607
2020-03-02,Rajasthan,NR,242.6,240.04178,2.5582214355468693,1.054501828337539
2020-03-03,Rajasthan,NR,239.0,244.67853,5.67852783203125,2.375953067795502
2020-03-04,Rajasthan,NR,231.5,232.6326,1.132598876953125,0.4892435753577214
2020-03-05,Rajasthan,NR,243.4,226.52155,16.878454589843756,6.934451351620277
2020-03-13,Rajasthan,NR,237.6,243.1073,5.507299804687506,2.317887123184977
2020-03-14,Rajasthan,NR,240.4,229.14043,11.259573364257818,4.6836827638343665
2020-03-15,Rajasthan,NR,220.9,233.57191,12.671914672851557,5.73649374053941
2020-03-16,Rajasthan,NR,218.1,221.83765,3.7376464843750057,1.7137306209880816
2020-03-17,Rajasthan,NR,201.3,217.81255,16.512545776367176,8.202953689203763
2020-03-18,Rajasthan,NR,218.1,206.3475,11.75249633789062,5.388581539610555
2020-03-19,Rajasthan,NR,225.8,214.84627,10.953732299804699,4.851077192118999
2020-03-20,Rajasthan,NR,239.7,221.02594,18.67406005859374,7.790596603501769
2020-03-21,Rajasthan,NR,242.6,232.28676,10.313241577148432,4.251130081264811
2020-03-22,Rajasthan,NR,146.2,243.97151,97.77151184082032,66.87517909768832
2020-03-23,Rajasthan,NR,149.5,146.5185,2.98150634765625,1.994318627194816
2020-03-24,Rajasthan,NR,148.6,146.2177,2.382302856445307,1.6031647755351999
2020-03-25,Rajasthan,NR,150.1,144.34703,5.752969360351557,3.832757735077653
2020-03-26,Rajasthan,NR,150.6,141.54013,9.05986938476562,6.0158495250767725
2020-03-27,Rajasthan,NR,155.5,141.43204,14.067962646484375,9.046921316067122
2020-03-28,Rajasthan,NR,158.3,157.7694,0.5306060791015739,0.33519019526315463
2020-03-29,Rajasthan,NR,212.7,181.90956,30.790438842773426,14.475993814185909
2020-03-30,Rajasthan,NR,215.9,207.04666,8.85333862304688,4.100666337678036
2020-03-31,Rajasthan,NR,218.6,213.46661,5.133386230468744,2.3483011118338264
2020-04-01,Rajasthan,NR,207.9,214.95695,7.056954956054682,3.39439872826103
2020-04-02,Rajasthan,NR,210.7,211.08334,0.38334350585938637,0.1819380663784463
2020-04-03,Rajasthan,NR,215.6,210.38388,5.216119384765619,2.419350363991475
2020-04-04,Rajasthan,NR,211.3,216.68335,5.383349609374989,2.547728163452432
2020-04-05,Rajasthan,NR,225.1,203.52466,21.575341796874994,9.584780895990669
2020-04-13,Rajasthan,NR,225.9,223.59605,2.303945922851568,1.019896380191044
2020-04-14,Rajasthan,NR,226.0,222.60985,3.3901519775390625,1.5000672466987002
2020-04-15,Rajasthan,NR,233.0,220.67374,12.326263427734375,5.290241814478272
2020-04-16,Rajasthan,NR,228.5,231.49937,2.9993743896484375,1.3126364943756839
2020-04-17,Rajasthan,NR,227.1,224.35635,2.7436462402343693,1.2081225188174238
2020-04-18,Rajasthan,NR,217.2,224.38585,7.185848999023449,3.3084019332520485
2020-04-19,Rajasthan,NR,229.6,216.93628,12.663720703124994,5.515557797528308
2020-04-20,Rajasthan,NR,239.7,226.65613,13.043872070312489,5.44174888206612
2020-04-21,Rajasthan,NR,234.3,232.81203,1.4879730224609489,0.6350717125313482
2020-04-22,Rajasthan,NR,226.4,231.75471,5.354714965820307,2.3651567870231034
2020-04-23,Rajasthan,NR,234.3,223.94344,10.356564331054699,4.420215250130046
2020-04-24,Rajasthan,NR,229.4,232.33812,2.938119506835932,1.280784440643388
2020-04-25,Rajasthan,NR,227.8,224.14784,3.652157592773449,1.603229847573946
2020-04-26,Rajasthan,NR,261.8,225.86761,35.93238525390626,13.72512805725984
2020-04-27,Rajasthan,NR,268.1,253.34398,14.756021118164085,5.503924326058965
2020-04-28,Rajasthan,NR,271.3,255.7978,15.502194213867199,5.714041361543383
2020-04-29,Rajasthan,NR,270.4,259.1356,11.264410400390602,4.165832248665164
2020-04-30,Rajasthan,NR,275.2,257.27512,17.924884033203114,6.513402628344155
2020-05-01,Rajasthan,NR,271.0,243.56049,27.43951416015625,10.125281977917435
2020-05-02,Rajasthan,NR,264.9,246.4215,18.47850646972654,6.975653631455849
2020-05-03,Rajasthan,NR,187.7,288.19873,100.49873046875001,53.54221122469367
2020-05-04,Rajasthan,NR,171.6,209.364,37.76399841308594,22.006992082217916
2020-05-05,Rajasthan,NR,185.3,174.01654,11.283459472656261,6.08929275372707
2020-05-13,Rajasthan,NR,178.8,194.09918,15.299182128906239,8.556589557553824
2020-05-14,Rajasthan,NR,192.5,184.68556,7.8144378662109375,4.0594482421875
2020-05-15,Rajasthan,NR,208.7,193.91095,14.789050292968739,7.086272301374576
2020-05-16,Rajasthan,NR,214.8,208.6771,6.122906494140636,2.8505151276259943
2020-05-17,Rajasthan,NR,245.1,218.90504,26.194955444335932,10.687456321638487
2020-05-18,Rajasthan,NR,249.0,246.96916,2.0308380126953125,0.8155975954599649
2020-05-19,Rajasthan,NR,250.3,250.09,0.21000366210938637,0.08390078390307086
2020-05-20,Rajasthan,NR,251.7,249.42691,2.2730895996093636,0.9030947952361398
2020-05-21,Rajasthan,NR,249.7,249.54793,0.15207214355467613,0.060901939749569936
2020-05-22,Rajasthan,NR,247.4,248.7911,1.3911071777343693,0.5622906943146198
2020-05-23,Rajasthan,NR,243.3,243.4298,0.12979431152342613,0.053347435891256116
2020-06-01,Rajasthan,NR,210.4,218.76245,8.362451171874994,3.9745490360622595
2020-06-02,Rajasthan,NR,217.5,208.5647,8.935302734375,4.108185165229885
2020-06-03,Rajasthan,NR,220.4,216.8601,3.5398925781250057,1.6061218594033602
2020-06-04,Rajasthan,NR,222.7,223.1512,0.45119934082032387,0.20260410454437536
2020-06-05,Rajasthan,NR,225.4,221.9401,3.4599060058593807,1.5350071010911184
2020-07-01,Rajasthan,NR,223.2,215.35336,7.846636962890614,3.5155183525495586
2020-07-02,Rajasthan,NR,219.8,223.14555,3.345553588867176,1.5220898948440291
2020-07-03,Rajasthan,NR,203.2,220.60861,17.408612060546886,8.567230344757327
2020-07-04,Rajasthan,NR,212.6,205.65402,6.945977783203119,3.26715794129968
2020-07-05,Rajasthan,NR,225.5,211.63913,13.860870361328125,6.146727432961475
2020-08-01,Rajasthan,NR,225.7,220.77492,4.925082397460926,2.1821366404346154
2020-08-02,Rajasthan,NR,228.7,222.18849,6.511508178710926,2.8471832875867626
2020-08-03,Rajasthan,NR,224.7,224.73972,0.03971557617188637,0.017674933765859532
2020-08-04,Rajasthan,NR,219.8,221.79338,1.9933807373046761,0.9069066138783786
2020-08-05,Rajasthan,NR,236.5,221.37218,15.127822875976562,6.396542442273388
2020-09-01,Rajasthan,NR,244.7,226.28842,18.411578369140614,7.524143183138789
2020-09-02,Rajasthan,NR,225.9,239.74382,13.843820190429682,6.128295790362851
2020-09-03,Rajasthan,NR,215.6,220.94406,5.344061279296881,2.478692615629351
2020-09-04,Rajasthan,NR,153.3,209.22752,55.927523803710926,36.48240300307301
2020-09-05,Rajasthan,NR,193.9,152.17467,41.72533264160157,21.5189956893252
2020-10-01,Rajasthan,NR,201.1,193.36873,7.731271362304682,3.844490980758171
2020-10-02,Rajasthan,NR,247.9,206.19707,41.70293273925782,16.822481944033004
2020-10-03,Rajasthan,NR,237.5,246.27315,8.773147583007812,3.6939568770559212
2020-10-04,Rajasthan,NR,242.7,233.69373,9.006274414062489,3.710867084492167
2020-10-05,Rajasthan,NR,237.3,245.46614,8.166140747070301,3.4412729654742105
2020-11-01,Rajasthan,NR,220.9,229.70564,8.805642700195307,3.9862574468969245
2020-11-02,Rajasthan,NR,218.1,220.60379,2.5037902832031307,1.1480010468606745
2020-11-03,Rajasthan,NR,201.3,215.52316,14.223162841796864,7.065654665572212
2020-11-04,Rajasthan,NR,213.8,203.13896,10.661038208007824,4.986453792332939
2020-11-05,Rajasthan,NR,216.6,211.3598,5.240197753906244,2.4192972086363085
2020-12-01,Rajasthan,NR,220.4,202.0363,18.363699340820318,8.331986996742431
2020-12-02,Rajasthan,NR,218.4,221.2305,2.8304992675781193,1.2960161481584795
2020-12-03,Rajasthan,NR,205.6,215.06583,9.46582641601563,4.604001175104879
2020-12-04,Rajasthan,NR,207.0,207.11162,0.1116180419921875,0.0539217594165157
2020-12-05,Rajasthan,NR,201.4,207.11162,5.711618041992182,2.835957319757786
2020-02-28,Sikkim,ER,1.3,0.8856475,0.41435252428054814,31.873271098503704
2020-02-29,Sikkim,ER,0.9,2.1368299,1.2368298530578614,137.42553922865127
2020-03-01,Sikkim,ER,2.0,1.6733273,0.32667267322540283,16.33363366127014
2020-03-02,Sikkim,ER,2.1,2.2117286,0.1117285728454589,5.320408230736138
2020-03-03,Sikkim,ER,2.1,2.3626113,0.2626112937927245,12.505299704415455
2020-03-04,Sikkim,ER,2.0,2.2884557,0.2884557247161865,14.422786235809326
2020-03-05,Sikkim,ER,2.0,2.2884557,0.2884557247161865,14.422786235809326
2020-03-13,Sikkim,ER,2.0,1.3702362,0.6297638416290283,31.488192081451416
2020-03-14,Sikkim,ER,1.7,1.4911783,0.20882172584533687,12.28363093207864
2020-03-15,Sikkim,ER,1.2,1.837638,0.6376380205154419,53.13650170962016
2020-03-16,Sikkim,ER,1.0,2.0963855,1.0963854789733887,109.63854789733887
2020-03-17,Sikkim,ER,0.8,1.6349455,0.8349455118179321,104.36818897724149
2020-03-18,Sikkim,ER,1.0,1.5574335,0.5574334859848022,55.743348598480225
2020-03-19,Sikkim,ER,1.3,1.5574335,0.2574334859848022,19.802575844984784
2020-03-20,Sikkim,ER,1.1,1.4375184,0.33751835823059073,30.683487111871884
2020-03-21,Sikkim,ER,1.2,1.4176627,0.2176627397537232,18.1385616461436
2020-03-22,Sikkim,ER,1.0,1.7052399,0.7052398920059204,70.52398920059204
2020-03-23,Sikkim,ER,1.3,1.6117336,0.31173355579376216,23.97950429182786
2020-03-24,Sikkim,ER,1.4,1.5104687,0.1104687213897706,7.8906229564121855
2020-03-25,Sikkim,ER,1.2,1.4845148,0.2845148324966431,23.70956937472026
2020-03-26,Sikkim,ER,1.0,1.3883458,0.3883458375930786,38.83458375930786
2020-03-27,Sikkim,ER,1.1,1.3696955,0.2696955442428588,24.517776749350798
2020-03-28,Sikkim,ER,1.2,2.744157,1.544157075881958,128.67975632349652
2020-03-29,Sikkim,ER,1.0,4.2829165,3.28291654586792,328.291654586792
2020-03-30,Sikkim,ER,1.2,1.0169227,0.18307728767395015,15.256440639495846
2020-03-31,Sikkim,ER,1.3,3.8432689,2.5432688713073732,195.6360670236441
2020-04-01,Sikkim,ER,1.1,1.6976768,0.5976767778396606,54.334252530878224
2020-04-02,Sikkim,ER,1.3,1.7356226,0.43562264442443843,33.50943418649526
2020-04-03,Sikkim,ER,1.3,1.7178316,0.41783161163330074,32.14089320256159
2020-04-04,Sikkim,ER,1.0,1.7178316,0.7178316116333008,71.78316116333008
2020-04-05,Sikkim,ER,1.6,1.7057815,0.10578145980834952,6.611341238021845
2020-04-13,Sikkim,ER,1.5,1.8926213,0.3926212787628174,26.17475191752116
2020-04-14,Sikkim,ER,1.6,1.8926213,0.2926212787628173,18.28882992267608
2020-04-15,Sikkim,ER,1.4,1.5175418,0.1175417661666871,8.39584044047765
2020-04-16,Sikkim,ER,1.4,1.6573766,0.2573766469955445,18.384046213967466
2020-04-17,Sikkim,ER,1.4,1.6053866,0.2053866147994996,14.670472485678543
2020-04-18,Sikkim,ER,1.2,1.6020304,0.40203039646148686,33.50253303845724
2020-04-19,Sikkim,ER,1.4,1.8215501,0.4215501308441163,30.110723631722596
2020-04-20,Sikkim,ER,1.4,1.7961012,0.39610121250152597,28.292943750109
2020-04-21,Sikkim,ER,1.5,1.7762456,0.2762455940246582,18.41637293497721
2020-04-22,Sikkim,ER,1.4,1.8107301,0.41073009967803964,29.33786426271712
2020-04-23,Sikkim,ER,1.3,1.7020899,0.4020899057388305,30.929992749140812
2020-04-24,Sikkim,ER,1.3,1.533973,0.2339729785919189,17.997921430147606
2020-04-25,Sikkim,ER,1.1,1.533973,0.43397297859191886,39.45208896290171
2020-04-26,Sikkim,ER,1.2,1.7735829,0.573582935333252,47.79857794443767
2020-04-27,Sikkim,ER,1.1,1.5046561,0.4046560764312743,36.78691603920675
2020-04-28,Sikkim,ER,1.1,1.4775498,0.3775497913360595,34.322708303278134
2020-04-29,Sikkim,ER,1.2,1.5074188,0.3074187517166138,25.618229309717822
2020-04-30,Sikkim,ER,1.2,0.8411802,0.35881979465484615,29.901649554570515
2020-05-01,Sikkim,ER,1.2,1.6798857,0.479885745048523,39.990478754043586
2020-05-02,Sikkim,ER,1.0,1.7178316,0.7178316116333008,71.78316116333008
2020-05-03,Sikkim,ER,1.0,1.7057815,0.7057814598083496,70.57814598083496
2020-05-04,Sikkim,ER,1.3,1.8439772,0.5439772129058837,41.84440099276029
2020-05-05,Sikkim,ER,1.4,1.8439772,0.4439772129058839,31.712658064705995
2020-05-13,Sikkim,ER,1.3,1.7098254,0.4098253965377807,31.52503050290621
2020-05-14,Sikkim,ER,1.2,1.6616236,0.4616235971450806,38.468633095423385
2020-05-15,Sikkim,ER,1.3,1.3087097,0.008709740638732866,0.6699800491332973
2020-05-16,Sikkim,ER,1.4,1.5571848,0.1571848154067994,11.227486814771387
2020-05-17,Sikkim,ER,2.0,2.499941,0.4999411106109619,24.997055530548096
2020-05-18,Sikkim,ER,1.9,2.1352618,0.23526177406311044,12.38219863490055
2020-05-19,Sikkim,ER,2.0,2.215529,0.2155289649963379,10.776448249816895
2020-05-20,Sikkim,ER,2.0,2.1140196,0.11401963233947754,5.700981616973877
2020-05-21,Sikkim,ER,2.1,2.1921337,0.09213366508483878,4.387317384992322
2020-05-22,Sikkim,ER,1.9,2.0471153,0.14711532592773446,7.742911890933393
2020-05-23,Sikkim,ER,1.0,1.9764996,0.9764995574951172,97.64995574951172
2020-06-01,Sikkim,ER,1.5,2.8189204,1.318920373916626,87.92802492777506
2020-06-02,Sikkim,ER,1.7,1.9425784,0.24257843494415288,14.269319702597228
2020-06-03,Sikkim,ER,1.7,1.9382144,0.23821442127227788,14.012613016016346
2020-06-04,Sikkim,ER,1.6,1.9382144,0.33821442127227774,21.138401329517357
2020-06-05,Sikkim,ER,1.7,1.5771973,0.12280268669128414,7.223687452428479
2020-07-01,Sikkim,ER,1.7,1.9920417,0.29204170703887944,17.1789239434635
2020-07-02,Sikkim,ER,1.4,2.0299878,0.6299878120422364,44.99912943158832
2020-07-03,Sikkim,ER,0.9,1.5603302,0.6603301525115967,73.37001694573296
2020-07-04,Sikkim,ER,0.9,1.5121284,0.6121283531188965,68.01426145765515
2020-07-05,Sikkim,ER,1.0,1.5121284,0.5121283531188965,51.21283531188965
2020-08-01,Sikkim,ER,1.0,1.7044538,0.7044538259506226,70.44538259506226
2020-08-02,Sikkim,ER,0.9,1.7423997,0.8423996925354004,93.59996583726671
2020-08-03,Sikkim,ER,1.2,1.8367714,0.6367713689804078,53.064280748367324
2020-08-04,Sikkim,ER,0.8,1.8367714,1.0367713689804077,129.59642112255094
2020-08-05,Sikkim,ER,1.4,1.7626157,0.36261568069458017,25.90112004961287
2020-09-01,Sikkim,ER,1.5,1.8470273,0.3470273017883301,23.135153452555336
2020-09-02,Sikkim,ER,1.7,1.9194579,0.2194579124450684,12.909288967356966
2020-09-03,Sikkim,ER,1.7,1.9892493,0.28924934864044194,17.01466756708482
2020-09-04,Sikkim,ER,1.4,1.9690335,0.5690334796905518,40.64524854932514
2020-09-05,Sikkim,ER,1.5,1.7906015,0.2906014919281006,19.373432795206703
2020-10-01,Sikkim,ER,1.3,1.7017765,0.4017765045166015,30.9058849628155
2020-10-02,Sikkim,ER,1.1,1.5626643,0.4626642704010009,42.060388218272806
2020-10-03,Sikkim,ER,1.2,1.5626643,0.362664270401001,30.222022533416755
2020-10-04,Sikkim,ER,1.2,1.5626643,0.362664270401001,30.222022533416755
2020-10-05,Sikkim,ER,1.2,1.657036,0.45703594684600835,38.08632890383403
2020-11-01,Sikkim,ER,1.2,0.4823729,0.7176270902156829,59.80225751797358
2020-11-02,Sikkim,ER,1.0,1.3674152,0.367415189743042,36.7415189743042
2020-11-03,Sikkim,ER,0.8,1.3674152,0.567415189743042,70.92689871788023
2020-11-04,Sikkim,ER,1.1,1.2932594,0.19325938224792472,17.569034749811337
2020-11-05,Sikkim,ER,1.3,1.2932594,0.00674061775207524,0.5185090578519416
2020-12-01,Sikkim,ER,1.4,1.5046285,0.10462853908538827,7.473467077527735
2020-12-02,Sikkim,ER,1.5,1.5166205,0.016620516777038574,1.1080344518025718
2020-12-03,Sikkim,ER,1.4,1.8744155,0.4744155168533326,33.886822632380905
2020-12-04,Sikkim,ER,1.2,1.7455589,0.5455588579177857,45.463238159815475
2020-12-05,Sikkim,ER,1.2,1.697357,0.4973570585250855,41.446421543757126
2020-02-28,Tamil Nadu,SR,352.7,338.1368,14.563189697265614,4.129058604271509
2020-02-29,Tamil Nadu,SR,326.3,350.59546,24.29545898437499,7.445742869866684
2020-03-01,Tamil Nadu,SR,290.7,318.1084,27.40839843750001,9.428413635190923
2020-03-02,Tamil Nadu,SR,291.7,284.42978,7.270220947265614,2.492362340509295
2020-03-03,Tamil Nadu,SR,298.3,285.71106,12.588940429687511,4.220228102476537
2020-03-04,Tamil Nadu,SR,298.3,300.78012,2.4801208496093636,0.8314183203517813
2020-03-05,Tamil Nadu,SR,298.5,300.46036,1.960357666015625,0.6567362365211474
2020-03-13,Tamil Nadu,SR,298.1,296.7313,1.3687072753906477,0.4591436683631827
2020-03-14,Tamil Nadu,SR,279.3,296.5057,17.205706787109364,6.160296021163395
2020-03-15,Tamil Nadu,SR,347.2,284.91635,62.283648681640614,17.938838906002484
2020-03-16,Tamil Nadu,SR,336.3,345.09207,8.792071533203114,2.6143537119248035
2020-03-17,Tamil Nadu,SR,317.2,324.91763,7.717633056640636,2.433049513442824
2020-03-18,Tamil Nadu,SR,336.8,313.0804,23.719586181640636,7.042632476734155
2020-03-19,Tamil Nadu,SR,338.4,326.57626,11.823736572265602,3.4940119894401898
2020-03-20,Tamil Nadu,SR,327.8,332.13297,4.332965087890614,1.3218319365133049
2020-03-21,Tamil Nadu,SR,327.2,323.48578,3.7142211914062386,1.1351531758576525
2020-03-22,Tamil Nadu,SR,245.5,320.00348,74.50347900390625,30.34764928876018
2020-03-23,Tamil Nadu,SR,247.0,257.95544,10.9554443359375,4.435402565156883
2020-03-24,Tamil Nadu,SR,235.1,257.81354,22.713537597656256,9.661223988794665
2020-03-25,Tamil Nadu,SR,237.5,235.74884,1.75115966796875,0.7373303865131579
2020-03-26,Tamil Nadu,SR,224.4,234.84622,10.44622192382812,4.655179110440338
2020-03-27,Tamil Nadu,SR,207.8,236.1009,28.3009063720703,13.61930046779129
2020-03-28,Tamil Nadu,SR,222.7,236.50931,13.809307861328136,6.200856695701903
2020-03-29,Tamil Nadu,SR,264.6,257.20004,7.399957275390648,2.7966580783789294
2020-03-30,Tamil Nadu,SR,283.1,280.9299,2.1700988769531477,0.7665485259460076
2020-03-31,Tamil Nadu,SR,295.3,295.93222,0.6322204589843636,0.21409429698082072
2020-04-01,Tamil Nadu,SR,295.0,290.74362,4.256378173828125,1.442840058924788
2020-04-02,Tamil Nadu,SR,289.9,297.0131,7.113092041015648,2.453636440502121
2020-04-03,Tamil Nadu,SR,281.2,279.34488,1.8551208496093636,0.6597158071157054
2020-04-04,Tamil Nadu,SR,262.4,280.30414,17.904138183593773,6.823223393137871
2020-04-05,Tamil Nadu,SR,334.5,266.71866,67.78134155273438,20.26348028482343
2020-04-13,Tamil Nadu,SR,343.9,331.26614,12.633856201171852,3.6737005528269417
2020-04-14,Tamil Nadu,SR,344.3,346.3528,2.0528137207031136,0.5962282081623913
2020-04-15,Tamil Nadu,SR,347.7,340.00476,7.695239257812489,2.2131835656636434
2020-04-16,Tamil Nadu,SR,349.0,344.90356,4.096435546875,1.173763767012894
2020-04-17,Tamil Nadu,SR,344.7,342.9506,1.7494079589843636,0.5075160890584172
2020-04-18,Tamil Nadu,SR,319.5,339.83725,20.337249755859375,6.365336386810445
2020-04-19,Tamil Nadu,SR,296.5,316.56732,20.06732177734375,6.768068053067032
2020-04-20,Tamil Nadu,SR,303.4,301.44052,1.9594787597656023,0.6458400658423211
2020-04-21,Tamil Nadu,SR,310.3,303.69983,6.600170898437511,2.1270289714590755
2020-04-22,Tamil Nadu,SR,311.4,313.59885,2.1988464355468977,0.7061163890645145
2020-04-23,Tamil Nadu,SR,318.9,313.3687,5.531286621093727,1.7344893763228997
2020-04-24,Tamil Nadu,SR,313.6,318.1681,4.568090820312477,1.4566616136200499
2020-04-25,Tamil Nadu,SR,291.0,314.35617,23.356170654296875,8.026175482576246
2020-04-26,Tamil Nadu,SR,328.4,287.6054,40.79459228515623,12.422226639816147
2020-04-27,Tamil Nadu,SR,343.5,325.5004,17.999603271484375,5.240059176560226
2020-04-28,Tamil Nadu,SR,324.2,334.19406,9.994061279296886,3.0826839232871337
2020-04-29,Tamil Nadu,SR,331.6,309.3624,22.237603759765648,6.7061531241754055
2020-04-30,Tamil Nadu,SR,339.9,316.4856,23.414404296874977,6.888615562481607
2020-05-01,Tamil Nadu,SR,337.3,331.04053,6.259472656250011,1.8557582734212899
2020-05-02,Tamil Nadu,SR,312.0,321.27173,9.271728515625,2.9717078575721154
2020-05-03,Tamil Nadu,SR,250.0,309.2075,59.207489013671875,23.68299560546875
2020-05-04,Tamil Nadu,SR,263.3,263.4237,0.12370605468748863,0.04698292999904619
2020-05-05,Tamil Nadu,SR,271.8,280.5471,8.747088623046864,3.218207734748662
2020-05-13,Tamil Nadu,SR,279.6,285.2993,5.699285888671852,2.038371204818259
2020-05-14,Tamil Nadu,SR,281.7,284.3416,2.6416137695312614,0.937740067281243
2020-05-15,Tamil Nadu,SR,288.1,278.93152,9.168481445312523,3.182395503405943
2020-05-16,Tamil Nadu,SR,292.4,280.0573,12.342687988281227,4.221165522667999
2020-05-17,Tamil Nadu,SR,298.9,284.86768,14.032324218749977,4.6946551417698155
2020-05-18,Tamil Nadu,SR,311.3,300.4665,10.833508300781261,3.4800861872088853
2020-05-19,Tamil Nadu,SR,311.0,313.306,2.305999755859375,0.741479021176648
2020-05-20,Tamil Nadu,SR,312.9,313.23184,0.33184204101564774,0.10605370438339654
2020-05-21,Tamil Nadu,SR,314.7,314.22043,0.47957153320311363,0.15239006457042062
2020-05-22,Tamil Nadu,SR,314.6,314.4111,0.18889770507814774,0.06004377148065725
2020-05-23,Tamil Nadu,SR,295.9,314.26895,18.368951416015648,6.207824067595691
2020-06-01,Tamil Nadu,SR,230.6,296.35165,65.75165405273438,28.513293171177096
2020-06-02,Tamil Nadu,SR,242.5,261.64874,19.14874267578125,7.896388732280927
2020-06-03,Tamil Nadu,SR,251.7,256.19006,4.490063476562511,1.7838949052691744
2020-06-04,Tamil Nadu,SR,254.2,262.5172,8.317211914062511,3.2719165672944577
2020-06-05,Tamil Nadu,SR,257.7,260.90665,3.2066467285156364,1.244333227984337
2020-07-01,Tamil Nadu,SR,250.4,261.83072,11.43071899414062,4.564983623858074
2020-07-02,Tamil Nadu,SR,229.0,260.5384,31.53839111328125,13.772223193572597
2020-07-03,Tamil Nadu,SR,276.8,265.0577,11.742291259765636,4.242157247025157
2020-07-04,Tamil Nadu,SR,286.3,276.56497,9.735028076171886,3.4002892337310118
2020-07-05,Tamil Nadu,SR,291.3,279.32184,11.978161621093761,4.111967600787422
2020-08-01,Tamil Nadu,SR,296.9,278.34708,18.552923583984352,6.248879617374319
2020-08-02,Tamil Nadu,SR,303.7,296.07925,7.620745849609364,2.5093005760979135
2020-08-03,Tamil Nadu,SR,307.3,297.74496,9.555035400390636,3.109350927559595
2020-08-04,Tamil Nadu,SR,290.2,308.4622,18.262188720703136,6.2929664785331285
2020-08-05,Tamil Nadu,SR,323.0,284.83972,38.1602783203125,11.814327653347522
2020-09-01,Tamil Nadu,SR,334.0,314.98117,19.018829345703125,5.694260283144648
2020-09-02,Tamil Nadu,SR,337.3,324.36124,12.938763427734386,3.8359808561323407
2020-09-03,Tamil Nadu,SR,336.3,325.56302,10.736981201171886,3.192679512688637
2020-09-04,Tamil Nadu,SR,339.7,323.68726,16.01274414062499,4.713789855939061
2020-09-05,Tamil Nadu,SR,332.2,335.12277,2.9227722167968864,0.8798230634548123
2020-10-01,Tamil Nadu,SR,309.7,319.77936,10.079357910156261,3.254555347160562
2020-10-02,Tamil Nadu,SR,334.9,310.50928,24.390722656249977,7.282986759107189
2020-10-03,Tamil Nadu,SR,339.7,325.2715,14.428485107421864,4.247419813783298
2020-10-04,Tamil Nadu,SR,342.8,336.32516,6.474835205078136,1.8888084028816032
2020-10-05,Tamil Nadu,SR,346.7,335.02835,11.671649169921864,3.3664981741914812
2020-11-01,Tamil Nadu,SR,347.2,335.57623,11.623767089843739,3.347859184862828
2020-11-02,Tamil Nadu,SR,336.3,335.1154,1.1846130371093864,0.3522488959587827
2020-11-03,Tamil Nadu,SR,317.2,322.2,5.000012207031261,1.5762964082696285
2020-11-04,Tamil Nadu,SR,342.7,319.57898,23.12102050781249,6.746723229592205
2020-11-05,Tamil Nadu,SR,350.4,335.27686,15.123144531249977,4.3159659050370935
2020-12-01,Tamil Nadu,SR,357.3,346.57144,10.728558349609386,3.002675160819867
2020-12-02,Tamil Nadu,SR,356.9,342.44193,14.458074951171852,4.051015676988471
2020-12-03,Tamil Nadu,SR,355.1,342.38452,12.715478515625023,3.5808162533441346
2020-12-04,Tamil Nadu,SR,353.5,344.68857,8.811431884765625,2.4926257099761315
2020-12-05,Tamil Nadu,SR,323.7,344.68857,20.988568115234386,6.483956785676363
2020-02-28,Telangana,SR,167.0,175.59674,8.59674072265625,5.147748935722305
2020-02-29,Telangana,SR,154.8,173.9571,19.1571075439453,12.3753924702489
2020-03-01,Telangana,SR,201.0,160.33739,40.66261291503906,20.23015567912391
2020-03-02,Telangana,SR,209.3,202.71028,6.589718627929699,3.1484561050786906
2020-03-03,Telangana,SR,209.4,207.0118,2.388204956054693,1.1404990239038648
2020-03-04,Telangana,SR,212.1,207.17146,4.928536987304682,2.3236855197098927
2020-03-05,Telangana,SR,210.3,210.74643,0.44642944335936363,0.2122821889488177
2020-03-13,Telangana,SR,212.3,202.09215,10.207852172851574,4.808220524188211
2020-03-14,Telangana,SR,210.1,204.62909,5.470910644531244,2.603955566173843
2020-03-15,Telangana,SR,152.5,207.61787,55.11787414550781,36.14286829213627
2020-03-16,Telangana,SR,150.4,154.30138,3.901376342773432,2.5940002279078667
2020-03-17,Telangana,SR,147.3,151.65279,4.352786254882801,2.955048373986966
2020-03-18,Telangana,SR,155.9,151.57527,4.324728393554693,2.7740400215232155
2020-03-19,Telangana,SR,164.2,153.9055,10.294497680664051,6.269487016238765
2020-03-20,Telangana,SR,166.6,161.08955,5.510446166992182,3.307590736489905
2020-03-21,Telangana,SR,163.8,164.61935,0.8193542480468636,0.5002162686488789
2020-03-22,Telangana,SR,188.2,167.13876,21.061236572265614,11.190880219057181
2020-03-23,Telangana,SR,179.5,186.8477,7.3477020263671875,4.09342731273938
2020-03-24,Telangana,SR,164.2,178.25043,14.050427246093761,8.556898444636882
2020-03-25,Telangana,SR,165.4,164.38089,1.0191101074218807,0.6161487952973885
2020-03-26,Telangana,SR,167.8,167.70656,0.09344177246094887,0.055686395983878936
2020-03-27,Telangana,SR,165.5,170.47083,4.9708251953125,3.003519755475831
2020-03-28,Telangana,SR,168.9,175.76508,6.865075683593744,4.064580037651713
2020-03-29,Telangana,SR,156.4,180.59225,24.19225463867187,15.468193502987129
2020-03-30,Telangana,SR,159.5,160.5243,1.0243072509765625,0.6421989034335815
2020-03-31,Telangana,SR,162.4,166.07352,3.6735168457031193,2.2620177621324626
2020-04-01,Telangana,SR,159.2,170.94597,11.745968627929699,7.378120997443278
2020-04-02,Telangana,SR,161.8,166.80861,5.008609008789051,3.0955556296594877
2020-04-03,Telangana,SR,157.3,168.6453,11.345294189453114,7.212520145869747
2020-04-04,Telangana,SR,155.8,166.89258,11.092578124999989,7.119754894094986
2020-04-05,Telangana,SR,220.9,163.1478,57.75220336914063,26.144048605314907
2020-04-13,Telangana,SR,225.7,222.24402,3.4559814453124886,1.5312279332354846
2020-04-14,Telangana,SR,218.5,222.81229,4.312286376953125,1.9735864425414762
2020-04-15,Telangana,SR,218.7,212.98608,5.713916015624989,2.6126730752743432
2020-04-16,Telangana,SR,223.4,214.79561,8.604391479492193,3.8515628824942674
2020-04-17,Telangana,SR,215.9,221.35982,5.459817504882807,2.5288640596956027
2020-04-18,Telangana,SR,220.5,213.45493,7.045074462890625,3.1950451078869047
2020-04-19,Telangana,SR,174.0,219.56046,45.560455322265625,26.184169725440015
2020-04-20,Telangana,SR,180.0,173.18912,6.810882568359375,3.783823649088542
2020-04-21,Telangana,SR,183.6,180.34709,3.252908325195307,1.7717365605638926
2020-04-22,Telangana,SR,187.4,183.52563,3.8743652343750057,2.067430754735862
2020-04-23,Telangana,SR,188.7,187.83363,0.8663665771484261,0.45912378227261585
2020-04-24,Telangana,SR,185.4,187.40411,2.0041137695312443,1.0809675132315233
2020-04-25,Telangana,SR,182.5,186.55746,4.057464599609375,2.2232682737585616
2020-04-26,Telangana,SR,154.4,187.9441,33.54410705566406,21.725457937606254
2020-04-27,Telangana,SR,154.8,163.3962,8.596194458007801,5.553097195095479
2020-04-28,Telangana,SR,168.2,157.97986,10.220141601562489,6.076184067516343
2020-04-29,Telangana,SR,160.9,172.13902,11.239022827148432,6.985098090210337
2020-04-30,Telangana,SR,159.9,162.00494,2.1049438476562443,1.3164126626993398
2020-05-01,Telangana,SR,144.0,161.71878,17.718780517578125,12.304708692762587
2020-05-02,Telangana,SR,156.0,154.74937,1.2506256103515625,0.8016830835586939
2020-05-03,Telangana,SR,141.8,159.5993,17.79930419921874,12.552400704667658
2020-05-04,Telangana,SR,144.6,155.45935,10.859350585937506,7.509924333290114
2020-05-05,Telangana,SR,146.9,155.612,8.711999511718744,5.930564677820793
2020-05-13,Telangana,SR,146.1,156.85313,10.753134155273443,7.360119202788121
2020-05-14,Telangana,SR,141.8,158.43463,16.63463134765624,11.73105172613275
2020-05-15,Telangana,SR,145.4,160.62888,15.22887573242187,10.473779733440075
2020-05-16,Telangana,SR,147.8,160.87735,13.077349853515614,8.848003960430049
2020-05-17,Telangana,SR,208.6,179.59091,29.00908813476562,13.906561905448523
2020-05-18,Telangana,SR,215.2,209.00453,6.195468139648426,2.8789350091303096
2020-05-19,Telangana,SR,228.9,214.92625,13.973745727539068,6.104738194643542
2020-05-20,Telangana,SR,226.2,227.31427,1.1142700195312614,0.49260389899702095
2020-05-21,Telangana,SR,226.7,223.98999,2.7100097656249886,1.1954167470776307
2020-05-22,Telangana,SR,220.6,226.12952,5.529516601562506,2.5065805084145536
2020-05-23,Telangana,SR,192.9,220.12079,27.220788574218744,14.111347109496498
2020-06-01,Telangana,SR,157.3,174.78087,17.480868530273426,11.11307598873072
2020-06-02,Telangana,SR,156.0,160.51349,4.51348876953125,2.893262031750801
2020-06-03,Telangana,SR,165.9,156.89307,9.006933593750006,5.429134173447863
2020-06-04,Telangana,SR,172.5,166.57718,5.922821044921875,3.433519446331522
2020-06-05,Telangana,SR,181.5,170.92146,10.578536987304688,5.828395034327651
2020-07-01,Telangana,SR,181.7,179.32356,2.376437377929676,1.3078906868077471
2020-07-02,Telangana,SR,175.6,183.02896,7.428961181640631,4.230615707084642
2020-07-03,Telangana,SR,161.9,177.9813,16.08129272460937,9.932855296238028
2020-07-04,Telangana,SR,168.5,169.42496,0.924957275390625,0.5489360684810831
2020-07-05,Telangana,SR,175.3,177.79196,2.4919616699218636,1.4215411693792719
2020-08-01,Telangana,SR,190.3,173.7925,16.50750427246095,8.674463621892247
2020-08-02,Telangana,SR,193.7,186.11568,7.584323120117176,3.915499803880835
2020-08-03,Telangana,SR,188.3,191.36728,3.0672790527343636,1.6289320513724712
2020-08-04,Telangana,SR,188.1,187.1627,0.9372955322265568,0.49829640203432046
2020-08-05,Telangana,SR,248.6,187.08855,61.51145324707031,24.743142899062875
2020-09-01,Telangana,SR,254.0,246.4157,7.5843048095703125,2.985946775421383
2020-09-02,Telangana,SR,254.1,246.99947,7.100534057617182,2.794385697606132
2020-09-03,Telangana,SR,247.3,246.56598,0.7340209960937614,0.2968139895243677
2020-09-04,Telangana,SR,244.1,243.05255,1.0474487304687443,0.42910640330550776
2020-09-05,Telangana,SR,237.6,243.23622,5.636221313476568,2.372147017456468
2020-10-01,Telangana,SR,226.7,219.9729,6.727099609374989,2.967401680359501
2020-10-02,Telangana,SR,144.8,217.20639,72.40639038085936,50.00441324644983
2020-10-03,Telangana,SR,145.5,151.48885,5.9888458251953125,4.1160452406840635
2020-10-04,Telangana,SR,146.3,153.2776,6.977603149414051,4.7693801431401575
2020-10-05,Telangana,SR,152.5,153.04474,0.54473876953125,0.3572057505122951
2020-11-01,Telangana,SR,152.5,149.74055,2.7594451904296875,1.8094722560194672
2020-11-02,Telangana,SR,150.4,155.32976,4.929757690429682,3.2777644218282456
2020-11-03,Telangana,SR,147.3,152.37755,5.077548217773426,3.4470795775787004
2020-11-04,Telangana,SR,218.5,171.63907,46.860931396484375,21.446650524706808
2020-11-05,Telangana,SR,225.3,214.68214,10.617855834960949,4.712763353289369
2020-12-01,Telangana,SR,227.7,220.22829,7.471713256835926,3.281384829528294
2020-12-02,Telangana,SR,219.5,225.8125,6.3125,2.875854214123007
2020-12-03,Telangana,SR,212.5,222.58878,10.088775634765625,4.747659122242647
2020-12-04,Telangana,SR,207.2,205.26305,1.9369537353515511,0.9348232313472737
2020-12-05,Telangana,SR,197.0,207.19647,10.19647216796875,5.1758741969384525
2020-02-28,Tripura,NER,5.1,4.5614657,0.5385342597961422,10.559495290120436
2020-02-29,Tripura,NER,4.4,5.8126483,1.4126482963562008,32.10564309900456
2020-03-01,Tripura,NER,3.3,4.4299483,1.1299483299255373,34.24085848259204
2020-03-02,Tripura,NER,3.5,3.9171443,0.4171442985534668,11.918408530099052
2020-03-03,Tripura,NER,3.9,3.9171443,0.017144298553466886,0.4395973988068433
2020-03-04,Tripura,NER,3.4,4.2568545,0.85685453414917,25.20160394556382
2020-03-05,Tripura,NER,4.1,3.8429887,0.25701127052307093,6.2685675737334385
2020-03-13,Tripura,NER,3.6,3.3386376,0.2613624095916749,7.26006693310208
2020-03-14,Tripura,NER,3.5,3.3457134,0.15428662300109863,4.408189228602818
2020-03-15,Tripura,NER,5.6,3.527797,2.0722030162811276,37.00362529073442
2020-03-16,Tripura,NER,5.2,5.7722034,0.5722034454345701,11.003912412203272
2020-03-17,Tripura,NER,4.3,5.3107634,1.0107633590698244,23.5061246295308
2020-03-18,Tripura,NER,4.5,4.191441,0.30855894088745117,6.85686535305447
2020-03-19,Tripura,NER,4.6,4.314055,0.28594503402709925,6.216196391893463
2020-03-20,Tripura,NER,4.6,4.3608723,0.23912773132324183,5.198428941809605
2020-03-21,Tripura,NER,4.5,4.341017,0.1589832305908203,3.532960679796007
2020-03-22,Tripura,NER,3.4,4.461862,1.061862087249756,31.231237860286942
2020-03-23,Tripura,NER,4.0,3.6794095,0.3205904960632324,8.01476240158081
2020-03-24,Tripura,NER,4.0,3.9920115,0.007988452911376953,0.19971132278442383
2020-03-25,Tripura,NER,4.5,3.9178567,0.5821433067321777,12.936517927381727
2020-03-26,Tripura,NER,3.4,4.1449676,0.744967555999756,21.91081047058106
2020-03-27,Tripura,NER,3.8,3.4373713,0.36262874603271467,9.542861737703017
2020-03-28,Tripura,NER,3.9,5.2256994,1.3256994247436524,33.992292942144935
2020-03-29,Tripura,NER,4.1,6.7644587,2.6644586563110355,64.98679649539112
2020-03-30,Tripura,NER,4.0,3.498467,0.501533031463623,12.538325786590576
2020-03-31,Tripura,NER,4.1,6.324811,2.2248109817504886,54.26368248171924
2020-04-01,Tripura,NER,4.2,4.179219,0.02078123092651385,0.494791212536044
2020-04-02,Tripura,NER,3.8,4.3696303,0.5696303367614748,14.99027202003881
2020-04-03,Tripura,NER,3.4,4.1993737,0.7993737220764161,23.510991825776944
2020-04-04,Tripura,NER,2.8,3.7855072,0.9855072021484377,35.19668579101564
2020-04-05,Tripura,NER,3.4,3.5464907,0.14649066925048837,4.308549095602599
2020-04-13,Tripura,NER,3.2,3.6253319,0.4253318786621092,13.291621208190913
2020-04-14,Tripura,NER,3.2,3.8034549,0.6034548759460447,18.857964873313897
2020-04-15,Tripura,NER,3.4,3.4283757,0.028375720977783292,0.8345800287583323
2020-04-16,Tripura,NER,3.3,3.6768506,0.3768505573272707,11.419713858402144
2020-04-17,Tripura,NER,3.2,3.6248603,0.4248602867126463,13.276883959770197
2020-04-18,Tripura,NER,3.2,3.621504,0.4215040683746336,13.1720021367073
2020-04-19,Tripura,NER,3.6,3.8892255,0.28922548294067374,8.034041192796494
2020-04-20,Tripura,NER,3.7,4.115575,0.41557483673095685,11.231752344079915
2020-04-21,Tripura,NER,3.9,4.0957193,0.195719337463379,5.018444550343052
2020-04-22,Tripura,NER,3.8,4.1354303,0.33543033599853533,8.827114105224615
2020-04-23,Tripura,NER,3.7,4.1354303,0.435430335998535,11.768387459419865
2020-04-24,Tripura,NER,3.8,3.90165,0.10164995193481463,2.674998735126701
2020-04-25,Tripura,NER,3.8,4.0155153,0.21551532745361346,5.671455985621407
2020-04-26,Tripura,NER,4.0,4.2551255,0.2551255226135254,6.378138065338135
2020-04-27,Tripura,NER,4.5,3.9861996,0.5138003826141357,11.417786280314129
2020-04-28,Tripura,NER,5.3,4.234172,1.0658281326293944,20.10996476659235
2020-04-29,Tripura,NER,5.1,5.183237,0.08323707580566442,1.6320995256012631
2020-04-30,Tripura,NER,5.0,4.516999,0.4830012321472168,9.660024642944336
2020-05-01,Tripura,NER,4.9,4.83087,0.06912984848022496,1.4108132342903055
2020-05-02,Tripura,NER,4.6,4.868816,0.268815898895264,5.84382388902748
2020-05-03,Tripura,NER,3.9,4.629135,0.7291351318359376,18.695772611177887
2020-05-04,Tripura,NER,3.6,4.325519,0.7255190849304198,20.153307914733883
2020-05-05,Tripura,NER,3.4,4.2116523,0.8116522789001466,23.87212585000431
2020-05-13,Tripura,NER,3.3,3.7292993,0.429299306869507,13.009069905136577
2020-05-14,Tripura,NER,1.4,3.7292993,2.329299306869507,166.37852191925052
2020-05-15,Tripura,NER,3.3,2.3344398,0.9655602455139158,29.25940137920957
2020-05-16,Tripura,NER,4.6,3.2958536,1.3041463851928707,28.351008373758063
2020-05-17,Tripura,NER,3.4,5.3750935,1.975093460083008,58.09098412008847
2020-05-18,Tripura,NER,3.5,3.840678,0.34067797660827637,9.733656474522181
2020-05-19,Tripura,NER,3.1,3.840678,0.7406779766082763,23.892837955105687
2020-05-20,Tripura,NER,3.6,3.7665224,0.1665224075317382,4.625622431437172
2020-05-21,Tripura,NER,3.7,4.0466666,0.34666662216186506,9.369368166536892
2020-05-22,Tripura,NER,3.4,3.90165,0.5016499519348145,14.754410351023958
2020-05-23,Tripura,NER,3.4,3.6016486,0.20164856910705575,5.930840267854581
2020-06-01,Tripura,NER,2.6,4.833682,2.233682060241699,85.91084847083458
2020-06-02,Tripura,NER,3.4,3.3640933,0.03590669631957999,1.0560793035170586
2020-06-03,Tripura,NER,3.3,3.4632277,0.1632277488708498,4.946295420328782
2020-06-04,Tripura,NER,3.4,3.6413481,0.24134812355041513,7.098474222071033
2020-06-05,Tripura,NER,3.9,3.3501227,0.5498773097991942,14.099418199979342
2020-07-01,Tripura,NER,3.7,4.2469497,0.5469496726989744,14.782423586458767
2020-07-02,Tripura,NER,3.5,4.1710286,0.6710286140441895,19.17224611554827
2020-07-03,Tripura,NER,4.7,3.5798042,1.1201958179473879,23.833953573348676
2020-07-04,Tripura,NER,5.0,4.4354815,0.5645184516906738,11.290369033813477
2020-07-05,Tripura,NER,5.2,4.663112,0.536887836456299,10.324766085698057
2020-08-01,Tripura,NER,5.2,5.3802714,0.18027143478393537,3.4667583612295263
2020-08-02,Tripura,NER,5.2,5.418217,0.21821718215942365,4.196484272296608
2020-08-03,Tripura,NER,4.9,5.5125895,0.6125894546508786,12.50182560511997
2020-08-04,Tripura,NER,4.8,4.987756,0.18775577545166033,3.911578655242924
2020-08-05,Tripura,NER,3.5,4.9136,1.413599967956543,40.38857051304409
2020-09-01,Tripura,NER,3.4,3.866501,0.4665010929107667,13.720620379728432
2020-09-02,Tripura,NER,3.5,3.8302915,0.3302915096282959,9.43690027509417
2020-09-03,Tripura,NER,3.5,3.8302915,0.3302915096282959,9.43690027509417
2020-09-04,Tripura,NER,3.6,3.8100755,0.21007552146911612,5.835431151919892
2020-09-05,Tripura,NER,3.6,4.1100745,0.5100745201110839,14.16873666975233
2020-10-01,Tripura,NER,3.4,3.9126115,0.512611484527588,15.076808368458469
2020-10-02,Tripura,NER,5.3,3.63034,1.669659900665283,31.503016993684586
2020-10-03,Tripura,NER,4.8,5.238482,0.4384819984436037,9.135041634241745
2020-10-04,Tripura,NER,5.0,4.7136483,0.28635168075561523,5.727033615112305
2020-10-05,Tripura,NER,5.1,4.8080206,0.2919794082641598,5.725086436552154
2020-11-01,Tripura,NER,5.6,4.158191,1.4418087959289547,25.746585641588478
2020-11-02,Tripura,NER,5.2,5.0432334,0.15676660537719744,3.0147424110999506
2020-11-03,Tripura,NER,4.3,5.0432334,0.7432333946228029,17.28449754936751
2020-11-04,Tripura,NER,2.6,3.927269,1.3272689819335937,51.04880699744591
2020-11-05,Tripura,NER,2.4,2.8716161,0.4716161251068116,19.650671879450485
2020-12-01,Tripura,NER,2.4,2.7417853,0.34178528785705575,14.241053660710657
2020-12-02,Tripura,NER,3.3,2.7055757,0.5944242954254149,18.012857437133782
2020-12-03,Tripura,NER,3.6,3.6071255,0.007125520706176669,0.1979311307271297
2020-12-04,Tripura,NER,3.3,4.0650325,0.765032482147217,23.182802489309605
2020-12-05,Tripura,NER,3.3,3.7650325,0.4650325298309328,14.0918948433616
2020-02-28,UP,NR,424.5,431.2528,6.7528076171875,1.5907674009864547
2020-02-29,UP,NR,414.8,424.50272,9.702716064453114,2.3391311630793425
2020-03-01,UP,NR,294.0,301.73953,7.739532470703125,2.632494037654124
2020-03-02,UP,NR,292.3,275.76547,16.534527587890636,5.656697772114484
2020-03-03,UP,NR,269.2,281.26352,12.063519287109386,4.481247877826667
2020-03-04,UP,NR,276.6,281.92807,5.328070068359352,1.926272620520373
2020-03-05,UP,NR,295.1,282.03708,13.062921142578148,4.426608316698796
2020-03-13,UP,NR,288.3,297.19287,8.892871093749989,3.084589349202216
2020-03-14,UP,NR,288.0,278.87726,9.12274169921875,3.167618645562066
2020-03-15,UP,NR,403.0,311.81906,91.18093872070312,22.625543106874225
2020-03-16,UP,NR,364.9,397.9844,33.08440551757815,9.066704718437421
2020-03-17,UP,NR,377.9,362.71088,15.189123535156227,4.01934996961001
2020-03-18,UP,NR,368.4,378.042,9.641992187500023,2.61726172299132
2020-03-19,UP,NR,325.6,364.7617,39.16168823242185,12.027545525928087
2020-03-20,UP,NR,318.3,324.12463,5.824633789062489,1.8299195064600968
2020-03-21,UP,NR,313.4,318.19846,4.798455810546898,1.5310963020251749
2020-03-22,UP,NR,236.8,305.71002,68.91002197265624,29.1005160357501
2020-03-23,UP,NR,241.4,246.67206,5.272058105468744,2.183951162166008
2020-03-24,UP,NR,249.0,244.47221,4.5277862548828125,1.8183880541698043
2020-03-25,UP,NR,248.0,259.00748,11.007476806640625,4.4384987123550905
2020-03-26,UP,NR,252.4,259.833,7.433007812499994,2.9449317799128347
2020-03-27,UP,NR,260.3,265.4731,5.173114013671864,1.9873661212723257
2020-03-28,UP,NR,265.9,276.25647,10.356469726562523,3.894873909952058
2020-03-29,UP,NR,274.4,298.38425,23.984246826171898,8.740614732569934
2020-03-30,UP,NR,270.5,296.143,25.64300537109375,9.479854111310074
2020-03-31,UP,NR,272.9,294.7327,21.832696533203148,8.00025523385971
2020-04-01,UP,NR,265.5,283.42368,17.923675537109375,6.7509135732992
2020-04-02,UP,NR,265.7,285.83408,20.134075927734386,7.577747808706958
2020-04-03,UP,NR,270.7,294.4002,23.70020751953126,8.755156084052922
2020-04-04,UP,NR,260.4,273.38522,12.985223388671898,4.986644926525307
2020-04-05,UP,NR,247.7,264.59476,16.894757080078136,6.820652838142164
2020-04-13,UP,NR,252.8,258.56058,5.760577392578114,2.2787094116210893
2020-04-14,UP,NR,258.1,263.65094,5.550939941406227,2.1506935069377087
2020-04-15,UP,NR,262.7,267.68002,4.980023193359386,1.8957073442555716
2020-04-16,UP,NR,269.8,270.2735,0.47349853515623863,0.17549982770802022
2020-04-17,UP,NR,267.3,281.2147,13.914691162109364,5.205645777070469
2020-04-18,UP,NR,273.1,289.39346,16.293463134765602,5.966116124044526
2020-04-19,UP,NR,268.0,290.99277,22.992767333984375,8.579390796262826
2020-04-20,UP,NR,274.7,293.1199,18.419903564453136,6.705461799946537
2020-04-21,UP,NR,259.3,304.4489,45.14891357421874,17.411844803015324
2020-04-22,UP,NR,221.2,288.41788,67.21787719726564,30.387828751024248
2020-04-23,UP,NR,231.0,244.03058,13.03057861328125,5.640943122632576
2020-04-24,UP,NR,248.0,244.5497,3.4503021240234375,1.3912508564610635
2020-04-25,UP,NR,252.2,261.26392,9.063916015625011,3.5939397365682044
2020-04-26,UP,NR,412.6,267.40012,145.19988403320315,35.19144062850294
2020-04-27,UP,NR,444.2,400.4942,43.70579833984374,9.839216195372297
2020-04-28,UP,NR,471.8,432.8302,38.96979980468751,8.259813438890951
2020-04-29,UP,NR,431.1,448.96994,17.869940185546852,4.145196053246776
2020-04-30,UP,NR,381.6,415.12463,33.52463378906248,8.785281391263752
2020-05-01,UP,NR,433.9,359.8013,74.09869995117185,17.07736804590271
2020-05-02,UP,NR,443.4,427.58856,15.811437988281227,3.5659535381779945
2020-05-03,UP,NR,282.8,300.2486,17.44859619140624,6.169942076169108
2020-05-04,UP,NR,280.0,263.22238,16.777618408203125,5.992006574358259
2020-05-05,UP,NR,260.8,263.2828,2.4828063964843636,0.9519963176703847
2020-05-13,UP,NR,269.3,272.19968,2.8996765136718636,1.0767458275796002
2020-05-14,UP,NR,257.6,281.28693,23.686926269531227,9.19523535307889
2020-05-15,UP,NR,300.3,273.21915,27.080853271484386,9.017933157337458
2020-05-16,UP,NR,316.6,311.09668,5.503320312500023,1.738256573752376
2020-05-17,UP,NR,283.5,345.81372,62.313720703125,21.98014839616402
2020-05-18,UP,NR,287.4,313.16898,25.768975830078148,8.966240720277714
2020-05-19,UP,NR,290.9,292.5992,1.6992126464843977,0.5841226010602949
2020-05-20,UP,NR,292.0,286.8614,5.13861083984375,1.759798232823202
2020-05-21,UP,NR,295.5,290.02182,5.478179931640625,1.8538679971711083
2020-05-22,UP,NR,295.4,298.76465,3.3646484375000227,1.1390143661137517
2020-05-23,UP,NR,286.3,297.6459,11.345904541015614,3.9629425571133825
2020-06-01,UP,NR,240.5,291.01862,50.51861572265625,21.00566142314189
2020-06-02,UP,NR,239.9,250.16885,10.26885375976562,4.280472596817682
2020-06-03,UP,NR,245.0,249.21672,4.2167205810546875,1.7211104412468112
2020-06-04,UP,NR,250.4,258.43326,8.03325805664062,3.2081701504155826
2020-06-05,UP,NR,249.4,260.2166,10.816613769531244,4.337054438464813
2020-07-01,UP,NR,248.3,258.06238,9.762377929687489,3.9316866410340268
2020-07-02,UP,NR,242.3,259.5443,17.24431152343749,7.116925927956041
2020-07-03,UP,NR,425.6,255.34453,170.25547180175784,40.0036352917664
2020-07-04,UP,NR,434.0,426.53696,7.463043212890625,1.719595210343462
2020-07-05,UP,NR,414.1,431.39728,17.297277832031227,4.177077476945478
2020-08-01,UP,NR,439.6,398.45645,41.1435485839844,9.359314964509643
2020-08-02,UP,NR,435.0,429.6611,5.338897705078125,1.227332805765086
2020-08-03,UP,NR,430.1,431.6462,1.5462097167968523,0.35950005040615024
2020-08-04,UP,NR,423.8,426.23447,2.4344665527343636,0.5744376009283538
2020-08-05,UP,NR,250.8,302.79272,51.99272460937499,20.730751439144733
2020-09-01,UP,NR,257.1,236.39146,20.708535766601585,8.054661908440911
2020-09-02,UP,NR,250.0,267.24518,17.24517822265625,6.8980712890625
2020-09-03,UP,NR,230.3,260.86218,30.56218261718749,13.27059601267368
2020-09-04,UP,NR,209.5,251.01482,41.51481628417969,19.816141424429446
2020-09-05,UP,NR,218.8,224.19037,5.390368652343739,2.4636054169761143
2020-10-01,UP,NR,232.1,243.43741,11.33740844726563,4.884708508085149
2020-10-02,UP,NR,454.3,267.2184,187.0815856933594,41.18018615306171
2020-10-03,UP,NR,441.3,453.19092,11.890917968749989,2.6945202739066367
2020-10-04,UP,NR,433.9,433.98883,0.08883056640627274,0.02047258963039243
2020-10-05,UP,NR,441.2,434.05615,7.143847656249989,1.6191857788417925
2020-11-01,UP,NR,403.0,426.46268,23.462677001953125,5.82200421884693
2020-11-02,UP,NR,364.9,390.47015,25.570153808593773,7.007441438364969
2020-11-03,UP,NR,377.9,356.11368,21.786322021484352,5.765102413729652
2020-11-04,UP,NR,311.1,296.65402,14.445977783203148,4.643515841595354
2020-11-05,UP,NR,320.1,293.39578,26.704217529296898,8.342460958855638
2020-12-01,UP,NR,322.8,309.3631,13.436901855468761,4.1626090010745855
2020-12-02,UP,NR,331.4,313.74536,17.654638671874977,5.327289882883216
2020-12-03,UP,NR,336.7,335.31674,1.3832580566406136,0.41082805365031594
2020-12-04,UP,NR,334.6,330.11154,4.488458251953148,1.3414400035723693
2020-12-05,UP,NR,287.3,329.11798,41.81798095703124,14.55551025305647
2020-02-28,Uttarakhand,NR,43.0,40.075104,2.924896240234375,6.802084279614825
2020-02-29,Uttarakhand,NR,40.7,42.47935,1.779351043701169,4.371869886243658
2020-03-01,Uttarakhand,NR,40.4,40.36035,0.03964843749999858,0.09813969678217471
2020-03-02,Uttarakhand,NR,40.3,40.34591,0.04590911865234659,0.11391840856661688
2020-03-03,Uttarakhand,NR,40.1,40.34591,0.24590911865234233,0.6132396973873873
2020-03-04,Uttarakhand,NR,38.0,40.84,2.8400001525878906,7.473684612073396
2020-03-05,Uttarakhand,NR,40.1,38.349728,1.750272369384767,4.364769000959519
2020-03-13,Uttarakhand,NR,40.7,38.486656,2.213343811035159,5.438191181904568
2020-03-14,Uttarakhand,NR,37.2,38.6076,1.4076011657714815,3.7838741015362403
2020-03-15,Uttarakhand,NR,45.1,37.485977,7.614022827148439,16.882533984808067
2020-03-16,Uttarakhand,NR,44.2,42.768833,1.4311668395996122,3.237934026243466
2020-03-17,Uttarakhand,NR,42.2,41.981422,0.2185775756835966,0.5179563404824563
2020-03-18,Uttarakhand,NR,43.9,40.697315,3.2026847839355455,7.295409530604887
2020-03-19,Uttarakhand,NR,41.9,41.794712,0.10528793334960795,0.25128385047639135
2020-03-20,Uttarakhand,NR,43.9,40.324764,3.575235748291014,8.144044984717572
2020-03-21,Uttarakhand,NR,40.3,41.402306,1.1023056030273466,2.7352496353035898
2020-03-22,Uttarakhand,NR,18.4,39.76238,21.362378692626955,116.09988419905955
2020-03-23,Uttarakhand,NR,18.5,20.376028,1.876028060913086,10.140692221151816
2020-03-24,Uttarakhand,NR,19.1,19.413345,0.3133453369140611,1.640551502167859
2020-03-25,Uttarakhand,NR,19.5,20.806498,1.306497573852539,6.699987558218148
2020-03-26,Uttarakhand,NR,19.7,19.903883,0.2038829803466804,1.0349389865313725
2020-03-27,Uttarakhand,NR,20.3,19.966312,0.3336875915527351,1.643781239176035
2020-03-28,Uttarakhand,NR,20.1,26.468819,6.36881866455078,31.685664997765073
2020-03-29,Uttarakhand,NR,32.6,25.040796,7.559203720092775,23.187741472677224
2020-03-30,Uttarakhand,NR,34.4,32.66992,1.7300781249999986,5.029296874999996
2020-03-31,Uttarakhand,NR,34.2,37.600224,3.400223541259763,9.942174097250769
2020-04-01,Uttarakhand,NR,34.8,34.865063,0.06506271362304972,0.18696182075589002
2020-04-02,Uttarakhand,NR,34.0,35.04347,1.0434684753417969,3.069024927475873
2020-04-03,Uttarakhand,NR,34.5,34.9566,0.4566001892089844,1.323478809301404
2020-04-04,Uttarakhand,NR,31.5,34.9566,3.4566001892089844,10.973333933996777
2020-04-05,Uttarakhand,NR,33.6,31.700777,1.8992229461669936,5.6524492445446235
2020-04-13,Uttarakhand,NR,34.6,32.667816,1.9321838378906264,5.584346352285047
2020-04-14,Uttarakhand,NR,35.8,34.554707,1.245293426513669,3.47847325841807
2020-04-15,Uttarakhand,NR,36.4,34.179626,2.2203735351562486,6.0999272943852985
2020-04-16,Uttarakhand,NR,36.8,35.874527,0.9254730224609347,2.514872343643844
2020-04-17,Uttarakhand,NR,35.7,35.822536,0.12253646850585653,0.34323940757943
2020-04-18,Uttarakhand,NR,33.4,35.654087,2.254087066650392,6.748763672605965
2020-04-19,Uttarakhand,NR,38.1,34.130432,3.9695678710937514,10.418813309957352
2020-04-20,Uttarakhand,NR,38.7,37.97208,0.7279197692871122,1.8809296364008066
2020-04-21,Uttarakhand,NR,39.8,38.29718,1.5028198242187472,3.775929206579767
2020-04-22,Uttarakhand,NR,37.1,40.066196,2.966196441650389,7.995138656739593
2020-04-23,Uttarakhand,NR,33.6,37.40559,3.8055900573730455,11.326160885038826
2020-04-24,Uttarakhand,NR,39.2,33.85632,5.3436805725097685,13.63183819517798
2020-04-25,Uttarakhand,NR,36.4,38.116573,1.7165733337402358,4.71586080697867
2020-04-26,Uttarakhand,NR,45.8,37.40962,8.39038162231445,18.319610529070854
2020-04-27,Uttarakhand,NR,46.6,43.30129,3.2987113952636733,7.078779818162388
2020-04-28,Uttarakhand,NR,47.5,43.399273,4.100727081298828,8.633109644839639
2020-04-29,Uttarakhand,NR,42.1,46.302425,4.202425384521483,9.982008039243427
2020-04-30,Uttarakhand,NR,41.9,41.332882,0.5671180725097642,1.3535037530065972
2020-05-01,Uttarakhand,NR,46.1,41.130833,4.969167327880861,10.779104832713363
2020-05-02,Uttarakhand,NR,42.7,44.037563,1.3375633239746065,3.1324668008772982
2020-05-03,Uttarakhand,NR,21.2,41.44037,20.24036865234375,95.47343703935732
2020-05-04,Uttarakhand,NR,22.3,25.15186,2.851859283447265,12.788606652229886
2020-05-05,Uttarakhand,NR,25.3,25.61216,0.31215972900390554,1.2338329209640535
2020-05-13,Uttarakhand,NR,25.3,27.928526,2.6285259246826165,10.389430532342358
2020-05-14,Uttarakhand,NR,22.7,28.058718,5.3587177276611335,23.606686024938913
2020-05-15,Uttarakhand,NR,26.5,27.589945,1.089944839477539,4.112999394254865
2020-05-16,Uttarakhand,NR,28.0,28.746157,0.7461566925048828,2.6648453303745816
2020-05-17,Uttarakhand,NR,38.3,32.489964,5.8100364685058565,15.16980801176464
2020-05-18,Uttarakhand,NR,39.3,38.221848,1.0781524658203097,2.743390498270508
2020-05-19,Uttarakhand,NR,39.3,39.107304,0.19269638061523153,0.49032157917361713
2020-05-20,Uttarakhand,NR,39.4,39.03315,0.36685028076171733,0.9310920831515669
2020-05-21,Uttarakhand,NR,40.1,37.731968,2.368032073974611,5.905316892704765
2020-05-22,Uttarakhand,NR,39.2,38.50111,0.698889923095706,1.782882456876801
2020-05-23,Uttarakhand,NR,35.6,36.924038,1.324037933349608,3.719207677948337
2020-06-01,Uttarakhand,NR,33.0,35.653194,2.6531944274902344,8.03998311360677
2020-06-02,Uttarakhand,NR,35.0,33.35305,1.6469497680664062,4.705570765904018
2020-06-03,Uttarakhand,NR,35.4,36.142887,0.742887115478517,2.0985511736681275
2020-06-04,Uttarakhand,NR,35.3,36.142887,0.8428871154785185,2.3877821968229984
2020-06-05,Uttarakhand,NR,36.1,35.85166,0.24833831787109517,0.6879177780362746
2020-07-01,Uttarakhand,NR,35.0,37.082905,2.082904815673828,5.9511566162109375
2020-07-02,Uttarakhand,NR,32.1,35.814884,3.714884185791014,11.572847930813127
2020-07-03,Uttarakhand,NR,41.1,33.732285,7.367715454101564,17.926314973483123
2020-07-04,Uttarakhand,NR,43.9,39.805138,4.094862365722655,9.327704705518576
2020-07-05,Uttarakhand,NR,41.1,41.61077,0.5107711791992173,1.2427522608253463
2020-08-01,Uttarakhand,NR,42.8,40.041313,2.7586868286132784,6.445529973395511
2020-08-02,Uttarakhand,NR,42.7,41.24508,1.454920959472659,3.407309038577656
2020-08-03,Uttarakhand,NR,39.6,41.17317,1.5731681823730455,3.972646925184458
2020-08-04,Uttarakhand,NR,38.0,38.814163,0.8141632080078125,2.142534757915296
2020-08-05,Uttarakhand,NR,33.8,38.245182,4.4451820373535185,13.151426146016329
2020-09-01,Uttarakhand,NR,35.0,35.90243,0.9024314880371094,2.578375680106027
2020-09-02,Uttarakhand,NR,35.1,36.006683,0.9066833496093736,2.5831434461805514
2020-09-03,Uttarakhand,NR,34.8,36.006683,1.2066833496093778,3.46748088968212
2020-09-04,Uttarakhand,NR,32.9,35.909317,3.009317016601564,9.146860232831502
2020-09-05,Uttarakhand,NR,34.6,34.029152,0.5708480834960952,1.649849952300853
2020-10-01,Uttarakhand,NR,33.8,35.28443,1.484431457519534,4.391809045915782
2020-10-02,Uttarakhand,NR,46.5,35.574192,10.92580795288086,23.496361188991095
2020-10-03,Uttarakhand,NR,45.4,43.027782,2.3722175598144517,5.225148810163991
2020-10-04,Uttarakhand,NR,47.0,41.941235,5.058765411376953,10.763330662504156
2020-10-05,Uttarakhand,NR,45.2,44.194923,1.0050765991210966,2.2236207945157003
2020-11-01,Uttarakhand,NR,45.1,40.284843,4.815156555175783,10.676622073560493
2020-11-02,Uttarakhand,NR,44.2,42.08114,2.118861389160159,4.793804047873663
2020-11-03,Uttarakhand,NR,42.2,41.645966,0.5540344238281278,1.3128777815832413
2020-11-04,Uttarakhand,NR,34.1,40.24453,6.144529724121092,18.019148751088245
2020-11-05,Uttarakhand,NR,35.6,35.537327,0.0626731872558608,0.17604827880859775
2020-12-01,Uttarakhand,NR,36.5,36.454823,0.045177459716796875,0.12377386223779965
2020-12-02,Uttarakhand,NR,37.0,37.1242,0.12419891357421875,0.33567273938978043
2020-12-03,Uttarakhand,NR,37.8,37.373352,0.42664794921874716,1.128698278356474
2020-12-04,Uttarakhand,NR,38.2,38.196915,0.003085327148440342,0.008076772639896184
2020-12-05,Uttarakhand,NR,35.2,37.899403,2.6994026184082003,7.66875743865966
2020-02-28,West Bengal,ER,191.8,189.10329,2.696713256835949,1.40600274079038
2020-02-29,West Bengal,ER,176.8,186.58656,9.786563110351551,5.53538637463323
2020-03-01,West Bengal,ER,106.4,152.74416,46.34415588378906,43.55653748476415
2020-03-02,West Bengal,ER,109.1,115.12371,6.023710632324224,5.5212746400772
2020-03-03,West Bengal,ER,106.8,113.795746,6.995745849609378,6.550323829222264
2020-03-04,West Bengal,ER,109.6,114.71729,5.117292785644537,4.669062760624578
2020-03-05,West Bengal,ER,110.9,115.120926,4.220925903320307,3.806064836177012
2020-03-13,West Bengal,ER,110.0,108.62547,1.3745269775390625,1.2495699795809658
2020-03-14,West Bengal,ER,103.3,114.12933,10.829333496093753,10.483381893604795
2020-03-15,West Bengal,ER,177.9,133.01204,44.88796081542969,25.232130868706964
2020-03-16,West Bengal,ER,161.8,169.91626,8.116259765624989,5.016229768618658
2020-03-17,West Bengal,ER,144.9,158.35623,13.45623168945312,9.286564312942112
2020-03-18,West Bengal,ER,164.1,144.30956,19.790444946289057,12.059990826501558
2020-03-19,West Bengal,ER,170.8,160.17023,10.629772949218761,6.223520462071875
2020-03-20,West Bengal,ER,168.6,167.83296,0.7670379638671818,0.4549454115463712
2020-03-21,West Bengal,ER,164.9,165.68585,0.7858520507812443,0.4765627961074859
2020-03-22,West Bengal,ER,140.1,140.70334,0.6033386230468807,0.4306485532097649
2020-03-23,West Bengal,ER,134.7,133.03093,1.6690704345703011,1.239102030119006
2020-03-24,West Bengal,ER,139.9,128.10919,11.790808105468756,8.428025808054866
2020-03-25,West Bengal,ER,136.4,132.08861,4.311392211914068,3.1608447301422786
2020-03-26,West Bengal,ER,124.2,129.37883,5.178829956054685,4.169750367193788
2020-03-27,West Bengal,ER,137.3,119.12837,18.1716278076172,13.2349801949142
2020-03-28,West Bengal,ER,142.5,141.30814,1.191864013671875,0.8363957990679824
2020-03-29,West Bengal,ER,125.0,154.11674,29.116744995117188,23.29339599609375
2020-03-30,West Bengal,ER,128.1,127.201324,0.8986755371093693,0.7015421835358074
2020-03-31,West Bengal,ER,125.3,132.64085,7.34085388183594,5.858622411680718
2020-04-01,West Bengal,ER,118.6,124.733185,6.133184814453131,5.17131940510382
2020-04-02,West Bengal,ER,117.2,122.67928,5.479283142089841,4.6751562645817755
2020-04-03,West Bengal,ER,99.6,120.384674,20.78467407226563,20.86814665890124
2020-04-04,West Bengal,ER,91.1,108.31749,17.217489624023443,18.899549532407732
2020-04-05,West Bengal,ER,119.2,94.60612,24.593882751464847,20.632451972705407
2020-04-13,West Bengal,ER,120.3,119.00491,1.2950866699218722,1.0765475227945738
2020-04-14,West Bengal,ER,121.8,122.58579,0.7857925415039091,0.6451498698718466
2020-04-15,West Bengal,ER,123.3,127.128494,3.8284942626953153,3.105023732924019
2020-04-16,West Bengal,ER,126.7,127.37697,0.6769683837890597,0.5343081166448773
2020-04-17,West Bengal,ER,129.0,125.97649,3.0235137939453125,2.3438091425932654
2020-04-18,West Bengal,ER,121.8,128.16566,6.365664672851565,5.226325675575998
2020-04-19,West Bengal,ER,123.7,132.12544,8.42544250488281,6.811190383898795
2020-04-20,West Bengal,ER,129.7,132.17538,2.4753845214843864,1.9085462771660653
2020-04-21,West Bengal,ER,132.3,132.10019,0.19981079101563637,0.1510285646376692
2020-04-22,West Bengal,ER,129.6,136.50984,6.909841918945318,5.331668147334351
2020-04-23,West Bengal,ER,131.0,130.57571,0.424285888671875,0.3238823577647901
2020-04-24,West Bengal,ER,124.0,134.45316,10.453155517578125,8.429964127079133
2020-04-25,West Bengal,ER,111.6,130.48332,18.883322143554693,16.920539555156537
2020-04-26,West Bengal,ER,152.9,116.38126,36.51873626708985,23.884065576906373
2020-04-27,West Bengal,ER,167.4,147.36858,20.031423950195318,11.966203076580237
2020-04-28,West Bengal,ER,155.0,164.52351,9.523513793945312,6.144202447706653
2020-04-29,West Bengal,ER,155.6,149.52953,6.070474243164057,3.90133306115942
2020-04-30,West Bengal,ER,160.6,147.98244,12.617562866210932,7.856514860654379
2020-05-01,West Bengal,ER,166.4,156.8937,9.50629272460938,5.712916300846984
2020-05-02,West Bengal,ER,174.5,165.42207,9.077926635742188,5.202250221055695
2020-05-03,West Bengal,ER,103.2,167.89417,64.6941650390625,62.688144417696215
2020-05-04,West Bengal,ER,120.1,114.67424,5.425759887695307,4.517701821561455
2020-05-05,West Bengal,ER,127.0,120.13543,6.864570617675781,5.405173714705339
2020-05-13,West Bengal,ER,107.4,124.78955,17.389550781249994,16.19138806447858
2020-05-14,West Bengal,ER,116.0,115.93797,0.0620269775390625,0.05347153236126078
2020-05-15,West Bengal,ER,112.9,116.00232,3.1023193359374943,2.7478470646036266
2020-05-16,West Bengal,ER,130.7,115.511826,15.188174438476551,11.620638438008074
2020-05-17,West Bengal,ER,113.4,136.50996,23.109963989257807,20.379156957017468
2020-05-18,West Bengal,ER,121.4,120.859924,0.5400756835937557,0.4448728859915615
2020-05-19,West Bengal,ER,119.9,121.68717,1.7871719360351506,1.4905520734238118
2020-05-20,West Bengal,ER,120.7,125.02512,4.325123596191403,3.583366691127923
2020-05-21,West Bengal,ER,121.4,125.56174,4.161737060546869,3.4281194897420666
2020-05-22,West Bengal,ER,120.2,128.76126,8.561260986328122,7.1225132997738125
2020-05-23,West Bengal,ER,111.2,125.349205,14.149205017089841,12.724105231195901
2020-06-01,West Bengal,ER,108.5,133.97195,25.471954345703125,23.476455618159562
2020-06-02,West Bengal,ER,110.9,125.15434,14.254342651367182,12.853329712684564
2020-06-03,West Bengal,ER,110.1,123.126755,13.026754760742193,11.831748193226334
2020-06-04,West Bengal,ER,110.4,125.75365,15.353646850585932,13.907288813936534
2020-06-05,West Bengal,ER,110.8,124.31407,13.51407165527344,12.196815573351481
2020-07-01,West Bengal,ER,114.1,130.57243,16.472433471679693,14.43683915134066
2020-07-02,West Bengal,ER,107.6,125.6898,18.089796447753912,16.81207848304267
2020-07-03,West Bengal,ER,171.8,133.43163,38.368374633789074,22.33316334912053
2020-07-04,West Bengal,ER,178.4,170.58778,7.812216186523443,4.379044947602827
2020-07-05,West Bengal,ER,172.2,179.65039,7.450390625000011,4.326591536004653
2020-08-01,West Bengal,ER,171.8,168.6887,3.111294555664074,1.810997995147889
2020-08-02,West Bengal,ER,170.8,170.69086,0.10914306640626137,0.06390109274371274
2020-08-03,West Bengal,ER,168.4,170.96947,2.569467163085932,1.5258118545640924
2020-08-04,West Bengal,ER,153.1,168.68958,15.589575195312506,10.182609533189096
2020-08-05,West Bengal,ER,120.1,133.0864,12.98639526367188,10.812985232033206
2020-09-01,West Bengal,ER,115.5,118.92957,3.4295730590820312,2.969327323880546
2020-09-02,West Bengal,ER,111.4,119.192795,7.792794799804682,6.995327468406357
2020-09-03,West Bengal,ER,115.5,115.788795,0.28879547119140625,0.25003936899688856
2020-09-04,West Bengal,ER,114.0,119.11553,5.115531921386719,4.4873087029708065
2020-09-05,West Bengal,ER,109.7,117.169044,7.469044494628903,6.808609384347222
2020-10-01,West Bengal,ER,104.9,115.46645,10.566453552246088,10.072882318633066
2020-10-02,West Bengal,ER,167.6,122.71807,44.881929016113276,26.77919392369527
2020-10-03,West Bengal,ER,164.7,168.094,3.3939941406250114,2.0607128965543486
2020-10-04,West Bengal,ER,164.8,162.30945,2.4905517578125114,1.5112571345949704
2020-10-05,West Bengal,ER,176.1,162.42271,13.677285766601557,7.766772155935013
2020-11-01,West Bengal,ER,177.9,168.60771,9.292288208007818,5.223321083759313
2020-11-02,West Bengal,ER,161.8,170.66315,8.863146972656239,5.477841145028577
2020-11-03,West Bengal,ER,144.9,157.01935,12.119348144531244,8.363939368206518
2020-11-04,West Bengal,ER,145.8,133.59213,12.207867431640636,8.373022929794674
2020-11-05,West Bengal,ER,168.7,142.46562,26.2343780517578,15.55090578053219
2020-12-01,West Bengal,ER,172.6,165.48093,7.119073486328119,4.124608045381298
2020-12-02,West Bengal,ER,174.4,158.10353,16.296469116210943,9.34430568590077
2020-12-03,West Bengal,ER,169.8,165.98592,3.814083862304699,2.246221355892049
2020-12-04,West Bengal,ER,145.5,166.51396,21.013961791992188,14.442585424049614
2020-12-05,West Bengal,ER,110.4,141.89217,31.492166137695307,28.52551280588343
