ParsedDate,States,Actual,Predicted,Residual,Absolute_Error
2020-02-28,Andhra Pradesh,199.1,200.42386,-1.3238586425781307,1.3238586425781307
2020-02-29,Andhra Pradesh,194.3,196.79683,-2.496829223632801,2.496829223632801
2020-03-01,Andhra Pradesh,161.9,188.74644,-26.846444702148432,26.846444702148432
2020-03-02,Andhra Pradesh,161.3,161.26474,0.03526000976563637,0.03526000976563637
2020-03-03,Andhra Pradesh,166.8,162.08751,4.712490844726574,4.712490844726574
2020-03-04,Andhra Pradesh,168.6,167.33148,1.2685180664062443,1.2685180664062443
2020-03-05,Andhra Pradesh,171.5,170.20384,1.2961578369140625,1.2961578369140625
2020-03-13,Andhra Pradesh,171.3,168.18886,3.111141967773449,3.111141967773449
2020-03-14,Andhra Pradesh,170.8,169.2963,1.5037048339843864,1.5037048339843864
2020-03-15,Andhra Pradesh,169.3,172.65834,-3.358340454101551,3.358340454101551
2020-03-16,Andhra Pradesh,179.4,172.12547,7.274526977539068,7.274526977539068
2020-03-17,Andhra Pradesh,175.1,178.85132,-3.7513183593750057,3.7513183593750057
2020-03-18,Andhra Pradesh,182.5,172.89977,9.600234985351562,9.600234985351562
2020-03-19,Andhra Pradesh,188.4,180.91537,7.484625244140631,7.484625244140631
2020-03-20,Andhra Pradesh,185.9,184.78531,1.1146911621093807,1.1146911621093807
2020-03-21,Andhra Pradesh,187.1,184.91809,2.1819091796874943,2.1819091796874943
2020-03-22,Andhra Pradesh,162.0,185.56854,-23.56854248046875,23.56854248046875
2020-03-23,Andhra Pradesh,164.1,163.31815,0.7818542480468693,0.7818542480468693
2020-03-24,Andhra Pradesh,160.3,164.69145,-4.391452026367176,4.391452026367176
2020-03-25,Andhra Pradesh,155.6,159.49867,-3.898672485351568,3.898672485351568
2020-03-26,Andhra Pradesh,130.6,153.4702,-22.870199584960943,22.870199584960943
2020-03-27,Andhra Pradesh,139.7,135.47769,4.222308349609364,4.222308349609364
2020-03-28,Andhra Pradesh,148.7,153.27066,-4.570660400390636,4.570660400390636
2020-03-29,Andhra Pradesh,164.0,165.09253,-1.092529296875,1.092529296875
2020-03-30,Andhra Pradesh,167.9,163.2343,4.665701293945318,4.665701293945318
2020-03-31,Andhra Pradesh,173.5,172.32126,1.178741455078125,1.178741455078125
2020-04-01,Andhra Pradesh,173.5,172.60793,0.8920745849609375,0.8920745849609375
2020-04-02,Andhra Pradesh,171.0,173.10947,-2.109466552734375,2.109466552734375
2020-04-03,Andhra Pradesh,164.9,171.38235,-6.482354736328119,6.482354736328119
2020-04-04,Andhra Pradesh,165.1,164.4252,0.6747985839843693,0.6747985839843693
2020-04-05,Andhra Pradesh,190.0,166.73776,23.262237548828125,23.262237548828125
2020-04-13,Andhra Pradesh,192.6,187.8223,4.777703857421869,4.777703857421869
2020-04-14,Andhra Pradesh,193.0,188.34692,4.653076171875,4.653076171875
2020-04-15,Andhra Pradesh,201.0,187.8105,13.189498901367188,13.189498901367188
2020-04-16,Andhra Pradesh,199.4,202.53488,-3.1348815917968693,3.1348815917968693
2020-04-17,Andhra Pradesh,197.4,195.98358,1.4164184570312557,1.4164184570312557
2020-04-18,Andhra Pradesh,195.0,196.14159,-1.1415863037109375,1.1415863037109375
2020-04-19,Andhra Pradesh,164.0,191.72188,-27.721878051757812,27.721878051757812
2020-04-20,Andhra Pradesh,166.7,165.25465,1.4453460693359261,1.4453460693359261
2020-04-21,Andhra Pradesh,165.9,168.19093,-2.290933227539057,2.290933227539057
2020-04-22,Andhra Pradesh,169.2,168.11678,1.0832244873046761,1.0832244873046761
2020-04-23,Andhra Pradesh,172.9,170.98914,1.9108642578125057,1.9108642578125057
2020-04-24,Andhra Pradesh,172.6,172.8274,-0.22739257812500568,0.22739257812500568
2020-04-25,Andhra Pradesh,167.2,173.72255,-6.522549438476574,6.522549438476574
2020-04-26,Andhra Pradesh,174.6,170.35336,4.246636962890619,4.246636962890619
2020-04-27,Andhra Pradesh,183.4,173.95811,9.441885375976568,9.441885375976568
2020-04-28,Andhra Pradesh,193.4,182.19067,11.209326171875006,11.209326171875006
2020-04-29,Andhra Pradesh,184.1,190.83362,-6.733618164062506,6.733618164062506
2020-04-30,Andhra Pradesh,187.5,181.64108,5.858917236328125,5.858917236328125
2020-05-01,Andhra Pradesh,187.2,185.15479,2.0452148437499886,2.0452148437499886
2020-05-02,Andhra Pradesh,189.7,185.1259,4.574099731445301,4.574099731445301
2020-05-03,Andhra Pradesh,163.9,186.13002,-22.230020141601557,22.230020141601557
2020-05-04,Andhra Pradesh,167.5,164.61021,2.8897857666015625,2.8897857666015625
2020-05-05,Andhra Pradesh,170.6,170.23784,0.3621612548828068,0.3621612548828068
2020-05-13,Andhra Pradesh,171.9,174.38895,-2.4889465332031193,2.4889465332031193
2020-05-14,Andhra Pradesh,171.7,174.38895,-2.6889465332031364,2.6889465332031364
2020-05-15,Andhra Pradesh,174.8,173.6289,1.1710937500000114,1.1710937500000114
2020-05-16,Andhra Pradesh,177.3,174.06076,3.2392395019531364,3.2392395019531364
2020-05-17,Andhra Pradesh,184.4,177.85951,6.540487670898443,6.540487670898443
2020-05-18,Andhra Pradesh,180.6,185.01521,-4.415213012695318,4.415213012695318
2020-05-19,Andhra Pradesh,184.6,180.78897,3.8110290527343693,3.8110290527343693
2020-05-20,Andhra Pradesh,189.5,188.18498,1.3150177001953125,1.3150177001953125
2020-05-21,Andhra Pradesh,188.1,188.31776,-0.21776428222656818,0.21776428222656818
2020-05-22,Andhra Pradesh,187.4,187.66435,-0.2643524169921818,0.2643524169921818
2020-05-23,Andhra Pradesh,180.5,187.1076,-6.60760498046875,6.60760498046875
2020-06-01,Andhra Pradesh,151.6,180.69221,-29.092214965820318,29.092214965820318
2020-06-02,Andhra Pradesh,152.6,155.59561,-2.9956115722656307,2.9956115722656307
2020-06-03,Andhra Pradesh,153.2,156.08315,-2.883145141601574,2.883145141601574
2020-06-04,Andhra Pradesh,156.4,155.70393,0.6960662841796932,0.6960662841796932
2020-06-05,Andhra Pradesh,156.0,154.87204,1.127960205078125,1.127960205078125
2020-07-01,Andhra Pradesh,155.0,156.35783,-1.3578338623046875,1.3578338623046875
2020-07-02,Andhra Pradesh,150.3,157.8598,-7.559802246093739,7.559802246093739
2020-07-03,Andhra Pradesh,157.2,159.33073,-2.130734252929699,2.130734252929699
2020-07-04,Andhra Pradesh,153.6,166.08006,-12.480062866210943,12.480062866210943
2020-07-05,Andhra Pradesh,159.4,162.19469,-2.794686889648432,2.794686889648432
2020-08-01,Andhra Pradesh,163.6,163.72934,-0.12933959960938068,0.12933959960938068
2020-08-02,Andhra Pradesh,167.9,166.43527,1.4647277832031307,1.4647277832031307
2020-08-03,Andhra Pradesh,169.6,176.45319,-6.853186035156256,6.853186035156256
2020-08-04,Andhra Pradesh,169.7,171.53847,-1.8384674072265739,1.8384674072265739
2020-08-05,Andhra Pradesh,195.3,176.44844,18.8515594482422,18.8515594482422
2020-09-01,Andhra Pradesh,195.9,191.35097,4.549032592773443,4.549032592773443
2020-09-02,Andhra Pradesh,201.2,191.4592,9.740802001953114,9.740802001953114
2020-09-03,Andhra Pradesh,199.5,201.25635,-1.75634765625,1.75634765625
2020-09-04,Andhra Pradesh,194.7,195.48592,-0.7859161376953239,0.7859161376953239
2020-09-05,Andhra Pradesh,185.7,190.34991,-4.649914550781261,4.649914550781261
2020-10-01,Andhra Pradesh,182.4,185.2605,-2.8604980468749943,2.8604980468749943
2020-10-02,Andhra Pradesh,169.9,179.5164,-9.616403198242182,9.616403198242182
2020-10-03,Andhra Pradesh,171.9,169.77565,2.124349975585943,2.124349975585943
2020-10-04,Andhra Pradesh,171.4,170.70132,0.6986755371093807,0.6986755371093807
2020-10-05,Andhra Pradesh,179.4,172.16881,7.231192016601568,7.231192016601568
2020-11-01,Andhra Pradesh,169.3,173.2302,-3.9301940917968636,3.9301940917968636
2020-11-02,Andhra Pradesh,179.4,171.60184,7.798162841796881,7.798162841796881
2020-11-03,Andhra Pradesh,175.1,179.17836,-4.078359985351568,4.078359985351568
2020-11-04,Andhra Pradesh,195.1,173.17339,21.926614379882807,21.926614379882807
2020-11-05,Andhra Pradesh,195.8,189.49376,6.306240844726574,6.306240844726574
2020-12-01,Andhra Pradesh,196.5,191.384,5.115997314453125,5.115997314453125
2020-12-02,Andhra Pradesh,197.6,190.95937,6.640634155273432,6.640634155273432
2020-12-03,Andhra Pradesh,197.3,195.27435,2.0256469726562614,2.0256469726562614
2020-12-04,Andhra Pradesh,186.1,194.90167,-8.801672363281256,8.801672363281256
2020-12-05,Andhra Pradesh,181.9,185.34634,-3.4463439941406193,3.4463439941406193
2020-02-28,Arunachal Pradesh,2.2,1.5760348,0.6239652156829836,0.6239652156829836
2020-02-29,Arunachal Pradesh,1.8,2.8717706,-1.0717706203460693,1.0717706203460693
2020-03-01,Arunachal Pradesh,2.1,2.2280886,-0.128088617324829,0.128088617324829
2020-03-02,Arunachal Pradesh,2.2,2.441887,-0.24188690185546857,0.24188690185546857
2020-03-03,Arunachal Pradesh,2.1,2.5844107,-0.4844106674194335,0.4844106674194335
2020-03-04,Arunachal Pradesh,2.2,2.4657013,-0.26570134162902814,0.26570134162902814
2020-03-05,Arunachal Pradesh,2.2,2.510255,-0.31025509834289533,0.31025509834289533
2020-03-13,Arunachal Pradesh,2.4,1.5920355,0.8079644680023192,0.8079644680023192
2020-03-14,Arunachal Pradesh,2.3,1.7439182,0.5560818195343016,0.5560818195343016
2020-03-15,Arunachal Pradesh,2.2,2.195063,0.004936885833740412,0.004936885833740412
2020-03-16,Arunachal Pradesh,2.1,2.8313274,-0.7313274383544921,0.7313274383544921
2020-03-17,Arunachal Pradesh,2.2,2.3253336,-0.12533359527587873,0.12533359527587873
2020-03-18,Arunachal Pradesh,2.5,2.2923756,0.2076244354248047,0.2076244354248047
2020-03-19,Arunachal Pradesh,2.3,2.4288077,-0.1288077354431154,0.1288077354431154
2020-03-20,Arunachal Pradesh,2.2,2.17246,0.027539920806884943,0.027539920806884943
2020-03-21,Arunachal Pradesh,2.3,2.1526046,0.1473954200744627,0.1473954200744627
2020-03-22,Arunachal Pradesh,1.5,2.4401817,-0.9401817321777344,0.9401817321777344
2020-03-23,Arunachal Pradesh,1.5,2.0967047,-0.5967047214508057,0.5967047214508057
2020-03-24,Arunachal Pradesh,1.5,1.8445562,-0.34455621242523193,0.34455621242523193
2020-03-25,Arunachal Pradesh,2.1,1.7704005,0.3295994758605958,0.3295994758605958
2020-03-26,Arunachal Pradesh,2.0,1.9278506,0.07214939594268799,0.07214939594268799
2020-03-27,Arunachal Pradesh,1.4,2.0600836,-0.6600836277008058,0.6600836277008058
2020-03-28,Arunachal Pradesh,1.7,3.030279,-1.3302789211273194,1.3302789211273194
2020-03-29,Arunachal Pradesh,2.1,4.596586,-2.496586227416992,2.496586227416992
2020-03-30,Arunachal Pradesh,2.0,1.4662185,0.5337815284729004,0.5337815284729004
2020-03-31,Arunachal Pradesh,2.2,4.443447,-2.243447113037109,2.243447113037109
2020-04-01,Arunachal Pradesh,2.0,2.34241,-0.3424100875854492,0.3424100875854492
2020-04-02,Arunachal Pradesh,2.1,2.3358023,-0.23580231666564933,0.23580231666564933
2020-04-03,Arunachal Pradesh,2.0,2.318011,-0.3180110454559326,0.3180110454559326
2020-04-04,Arunachal Pradesh,2.0,2.318011,-0.3180110454559326,0.3180110454559326
2020-04-05,Arunachal Pradesh,2.2,2.305961,-0.10596089363098127,0.10596089363098127
2020-04-13,Arunachal Pradesh,2.3,2.3805125,-0.0805124759674074,0.0805124759674074
2020-04-14,Arunachal Pradesh,2.2,2.3805125,-0.18051247596740705,0.18051247596740705
2020-04-15,Arunachal Pradesh,2.4,2.0054333,0.3945666790008544,0.3945666790008544
2020-04-16,Arunachal Pradesh,2.4,2.2848487,0.11515130996704093,0.11515130996704093
2020-04-17,Arunachal Pradesh,2.3,2.323067,-0.02306694984436053,0.02306694984436053
2020-04-18,Arunachal Pradesh,2.4,2.2887702,0.11122980117797843,0.11122980117797843
2020-04-19,Arunachal Pradesh,2.2,2.5874324,-0.3874323844909666,0.3874323844909666
2020-04-20,Arunachal Pradesh,2.3,2.4828413,-0.18284125328063983,0.18284125328063983
2020-04-21,Arunachal Pradesh,2.2,2.4629858,-0.26298575401306135,0.26298575401306135
2020-04-22,Arunachal Pradesh,2.2,2.3888302,-0.18883018493652326,0.18883018493652326
2020-04-23,Arunachal Pradesh,2.3,2.3888302,-0.08883018493652362,0.08883018493652362
2020-04-24,Arunachal Pradesh,2.1,2.2689147,-0.16891469955444327,0.16891469955444327
2020-04-25,Arunachal Pradesh,2.0,2.224361,-0.22436094284057617,0.22436094284057617
2020-04-26,Arunachal Pradesh,2.2,2.463971,-0.263970899581909,0.263970899581909
2020-04-27,Arunachal Pradesh,2.2,2.239598,-0.03959803581237775,0.03959803581237775
2020-04-28,Arunachal Pradesh,2.1,2.2124918,-0.112491750717163,0.112491750717163
2020-04-29,Arunachal Pradesh,2.1,2.1978064,-0.09780635833740225,0.09780635833740225
2020-04-30,Arunachal Pradesh,2.0,1.5315676,0.4684324264526367,0.4684324264526367
2020-05-01,Arunachal Pradesh,2.0,2.3702736,-0.3702735900878906,0.3702735900878906
2020-05-02,Arunachal Pradesh,2.2,2.4082196,-0.20821957588195783,0.20821957588195783
2020-05-03,Arunachal Pradesh,1.3,2.4407232,-1.140723180770874,1.140723180770874
2020-05-04,Arunachal Pradesh,1.4,2.172106,-0.7721060276031495,0.7721060276031495
2020-05-05,Arunachal Pradesh,1.3,1.9792161,-0.6792160987854003,0.6792160987854003
2020-05-13,Arunachal Pradesh,1.8,1.7486606,0.05133943557739262,0.05133943557739262
2020-05-14,Arunachal Pradesh,1.9,1.9752939,-0.07529387474060067,0.07529387474060067
2020-05-15,Arunachal Pradesh,1.7,1.7403039,-0.04030387401580815,0.04030387401580815
2020-05-16,Arunachal Pradesh,1.8,1.9237686,-0.12376863956451412,0.12376863956451412
2020-05-17,Arunachal Pradesh,2.2,2.76541,-0.5654099464416502,0.5654099464416502
2020-05-18,Arunachal Pradesh,2.2,2.319766,-0.11976604461669904,0.11976604461669904
2020-05-19,Arunachal Pradesh,2.3,2.4177356,-0.11773557662963885,0.11773557662963885
2020-05-20,Arunachal Pradesh,2.3,2.34358,-0.043580007553100764,0.043580007553100764
2020-05-21,Arunachal Pradesh,2.2,2.3237245,-0.12372450828552228,0.12372450828552228
2020-05-22,Arunachal Pradesh,2.0,2.1787062,-0.17870616912841797,0.17870616912841797
2020-05-23,Arunachal Pradesh,2.7,2.1341524,0.5658475875854494,0.5658475875854494
2020-06-01,Arunachal Pradesh,2.3,3.7267594,-1.426759433746338,1.426759433746338
2020-06-02,Arunachal Pradesh,2.3,2.4304695,-0.1304695129394533,0.1304695129394533
2020-06-03,Arunachal Pradesh,2.1,2.4465225,-0.34652247428894034,0.34652247428894034
2020-06-04,Arunachal Pradesh,2.1,2.4019687,-0.30196871757507315,0.30196871757507315
2020-06-05,Arunachal Pradesh,2.2,2.1107433,0.08925671577453631,0.08925671577453631
2020-07-01,Arunachal Pradesh,2.3,2.5003498,-0.20034976005554217,0.20034976005554217
2020-07-02,Arunachal Pradesh,2.1,2.5382957,-0.4382957458496093,0.4382957458496093
2020-07-03,Arunachal Pradesh,2.5,2.2025166,0.2974834442138672,0.2974834442138672
2020-07-04,Arunachal Pradesh,2.4,2.3835025,0.01649751663207999,0.01649751663207999
2020-07-05,Arunachal Pradesh,2.2,2.2780108,-0.078010845184326,0.078010845184326
2020-08-01,Arunachal Pradesh,2.4,2.4393957,-0.03939566612243661,0.03939566612243661
2020-08-02,Arunachal Pradesh,2.3,2.5082822,-0.20828218460083026,0.20828218460083026
2020-08-03,Arunachal Pradesh,2.3,2.5717132,-0.27171320915222186,0.27171320915222186
2020-08-04,Arunachal Pradesh,2.1,2.5717132,-0.4717132091522216,0.4717132091522216
2020-08-05,Arunachal Pradesh,2.1,2.453004,-0.3530038833618163,0.3530038833618163
2020-09-01,Arunachal Pradesh,2.2,2.4892135,-0.28921346664428693,0.28921346664428693
2020-09-02,Arunachal Pradesh,2.1,2.4975576,-0.3975576400756835,0.3975576400756835
2020-09-03,Arunachal Pradesh,2.1,2.453004,-0.3530038833618163,0.3530038833618163
2020-09-04,Arunachal Pradesh,2.2,2.432788,-0.23278789520263654,0.23278789520263654
2020-09-05,Arunachal Pradesh,2.3,2.4773417,-0.17734165191650408,0.17734165191650408
2020-10-01,Arunachal Pradesh,2.3,2.2798762,0.020123767852783025,0.020123767852783025
2020-10-02,Arunachal Pradesh,2.3,2.2976062,0.00239377021789533,0.00239377021789533
2020-10-03,Arunachal Pradesh,2.2,2.2976062,-0.09760622978210431,0.09760622978210431
2020-10-04,Arunachal Pradesh,2.2,2.2976062,-0.09760622978210431,0.09760622978210431
2020-10-05,Arunachal Pradesh,2.4,2.3919778,0.008022212982177646,0.008022212982177646
2020-11-01,Arunachal Pradesh,2.2,1.248255,0.9517449855804445,0.9517449855804445
2020-11-02,Arunachal Pradesh,2.1,2.1023564,-0.0023564338684081143,0.0023564338684081143
2020-11-03,Arunachal Pradesh,2.2,2.0578027,0.14219732284545916,0.14219732284545916
2020-11-04,Arunachal Pradesh,2.0,2.0282009,-0.028200864791870117,0.028200864791870117
2020-11-05,Arunachal Pradesh,2.0,1.9836471,0.01635289192199707,0.01635289192199707
2020-12-01,Arunachal Pradesh,2.1,2.1950161,-0.09501614570617667,0.09501614570617667
2020-12-02,Arunachal Pradesh,2.1,2.1588066,-0.058806562423705966,0.058806562423705966
2020-12-03,Arunachal Pradesh,2.1,2.407961,-0.3079608917236327,0.3079608917236327
2020-12-04,Arunachal Pradesh,2.0,2.387745,-0.3877449035644531,0.3877449035644531
2020-12-05,Arunachal Pradesh,2.1,2.387745,-0.28774490356445304,0.28774490356445304
2020-02-28,Assam,24.4,22.803263,1.5967372894287095,1.5967372894287095
2020-02-29,Assam,23.3,24.60682,-1.3068191528320305,1.3068191528320305
2020-03-01,Assam,22.6,23.59094,-0.9909404754638658,0.9909404754638658
2020-03-02,Assam,22.4,23.708376,-1.3083759307861342,1.3083759307861342
2020-03-03,Assam,22.0,23.708376,-1.7083759307861328,1.7083759307861328
2020-03-04,Assam,23.0,22.944649,0.05535125732421875,0.05535125732421875
2020-03-05,Assam,22.4,23.67122,-1.2712207794189467,1.2712207794189467
2020-03-13,Assam,23.1,22.394335,0.7056652069091811,0.7056652069091811
2020-03-14,Assam,21.6,22.500881,-0.900881195068358,0.900881195068358
2020-03-15,Assam,34.0,22.17176,11.828239440917969,11.828239440917969
2020-03-16,Assam,30.9,33.87674,-2.9767395019531264,2.9767395019531264
2020-03-17,Assam,26.8,29.804493,-3.0044929504394524,3.0044929504394524
2020-03-18,Assam,27.6,25.887344,1.712655639648439,1.712655639648439
2020-03-19,Assam,28.7,26.836634,1.8633663177490227,1.8633663177490227
2020-03-20,Assam,27.1,27.015184,0.08481559753418111,0.08481559753418111
2020-03-21,Assam,27.2,26.233776,0.9662239074707024,0.9662239074707024
2020-03-22,Assam,19.1,26.497633,-7.397632980346678,7.397632980346678
2020-03-23,Assam,20.4,21.174578,-0.7745777130126967,0.7745777130126967
2020-03-24,Assam,20.3,20.944933,-0.6449329376220696,0.6449329376220696
2020-03-25,Assam,20.1,21.2908,-1.1908000946044908,1.1908000946044908
2020-03-26,Assam,18.2,21.016949,-2.8169486999511726,2.8169486999511726
2020-03-27,Assam,12.2,19.013634,-6.8136337280273445,6.8136337280273445
2020-03-28,Assam,17.5,19.262217,-1.762216567993164,1.762216567993164
2020-03-29,Assam,24.3,22.235628,2.064371871948243,2.064371871948243
2020-03-30,Assam,25.4,23.23727,2.162729644775389,2.162729644775389
2020-03-31,Assam,24.5,27.349482,-2.8494815826416016,2.8494815826416016
2020-04-01,Assam,24.9,25.572168,-0.672168350219728,0.672168350219728
2020-04-02,Assam,24.8,25.218472,-0.41847152709960866,0.41847152709960866
2020-04-03,Assam,24.2,25.235394,-1.0353935241699226,1.0353935241699226
2020-04-04,Assam,22.5,24.42875,-1.9287490844726562,1.9287490844726562
2020-04-05,Assam,23.6,23.423172,0.17682800292968892,0.17682800292968892
2020-04-13,Assam,21.5,23.827986,-2.3279857635498047,2.3279857635498047
2020-04-14,Assam,21.1,22.796598,-1.6965984344482408,1.6965984344482408
2020-04-15,Assam,22.4,22.388521,0.011478805541990766,0.011478805541990766
2020-04-16,Assam,22.8,23.293571,-0.49357147216796804,0.49357147216796804
2020-04-17,Assam,22.5,23.241581,-0.7415809631347656,0.7415809631347656
2020-04-18,Assam,22.5,23.271221,-0.7712211608886719,0.7712211608886719
2020-04-19,Assam,23.6,23.505945,0.09405479431152486,0.09405479431152486
2020-04-20,Assam,23.4,23.840105,-0.44010505676269673,0.44010505676269673
2020-04-21,Assam,23.7,23.55554,0.1444599151611321,0.1444599151611321
2020-04-22,Assam,23.9,23.727695,0.17230453491210795,0.17230453491210795
2020-04-23,Assam,23.6,23.982365,-0.3823646545410142,0.3823646545410142
2020-04-24,Assam,23.2,23.60778,-0.40778045654296946,0.40778045654296946
2020-04-25,Assam,22.1,23.269968,-1.1699680328369126,1.1699680328369126
2020-04-26,Assam,28.3,22.783005,5.516995239257813,5.516995239257813
2020-04-27,Assam,26.6,26.991716,-0.3917163848876939,0.3917163848876939
2020-04-28,Assam,29.9,25.593014,4.306986236572264,4.306986236572264
2020-04-29,Assam,31.2,28.766815,2.4331848144531243,2.4331848144531243
2020-04-30,Assam,30.3,29.86174,0.4382598876953132,0.4382598876953132
2020-05-01,Assam,31.1,29.853573,1.246427154541017,1.246427154541017
2020-05-02,Assam,29.3,30.772196,-1.4721958160400384,1.4721958160400384
2020-05-03,Assam,21.4,27.876642,-6.476642227172853,6.476642227172853
2020-05-04,Assam,24.6,23.235844,1.3641563415527358,1.3641563415527358
2020-05-05,Assam,22.8,24.735239,-1.9352390289306634,1.9352390289306634
2020-05-13,Assam,21.9,23.645119,-1.7451187133789077,1.7451187133789077
2020-05-14,Assam,21.8,22.988544,-1.1885444641113274,1.1885444641113274
2020-05-15,Assam,23.0,22.252802,0.7471981048583984,0.7471981048583984
2020-05-16,Assam,25.0,23.22785,1.7721500396728516,1.7721500396728516
2020-05-17,Assam,22.4,25.54946,-3.1494594573974624,3.1494594573974624
2020-05-18,Assam,22.3,23.490396,-1.1903964996337884,1.1903964996337884
2020-05-19,Assam,22.7,23.4574,-0.7573993682861335,0.7573993682861335
2020-05-20,Assam,22.8,23.383244,-0.5832435607910149,0.5832435607910149
2020-05-21,Assam,23.9,23.396385,0.5036148071289048,0.5036148071289048
2020-05-22,Assam,23.0,23.913843,-0.9138431549072266,0.9138431549072266
2020-05-23,Assam,20.9,23.321363,-2.421363449096681,2.421363449096681
2020-06-01,Assam,23.4,23.01463,0.3853706359863267,0.3853706359863267
2020-06-02,Assam,22.0,23.580236,-1.5802364349365234,1.5802364349365234
2020-06-03,Assam,22.2,22.7724,-0.5723999023437507,0.5723999023437507
2020-06-04,Assam,21.5,23.395977,-1.8959770202636719,1.8959770202636719
2020-06-05,Assam,22.6,22.448175,0.15182456970214986,0.15182456970214986
2020-07-01,Assam,21.5,23.449802,-1.9498023986816406,1.9498023986816406
2020-07-02,Assam,21.1,22.864172,-1.764171981811522,1.764171981811522
2020-07-03,Assam,35.5,22.539948,12.960052490234375,12.960052490234375
2020-07-04,Assam,36.1,33.357437,2.742562866210939,2.742562866210939
2020-07-05,Assam,34.0,34.932373,-0.932373046875,0.932373046875
2020-08-01,Assam,33.3,33.678272,-0.37827224731445597,0.37827224731445597
2020-08-02,Assam,35.2,31.924847,3.275153350830081,3.275153350830081
2020-08-03,Assam,36.0,33.82949,2.1705093383789062,2.1705093383789062
2020-08-04,Assam,33.3,33.77588,-0.47587890625000284,0.47587890625000284
2020-08-05,Assam,22.5,31.52522,-9.02522087097168,9.02522087097168
2020-09-01,Assam,20.3,24.376204,-4.076203536987304,4.076203536987304
2020-09-02,Assam,21.3,21.005865,0.2941349029541023,0.2941349029541023
2020-09-03,Assam,22.5,22.026846,0.47315406799316406,0.47315406799316406
2020-09-04,Assam,22.5,22.631098,-0.13109779357910156,0.13109779357910156
2020-09-05,Assam,22.2,22.631098,-0.4310977935791023,0.4310977935791023
2020-10-01,Assam,21.0,23.198736,-2.1987361907958984,2.1987361907958984
2020-10-02,Assam,33.0,22.590483,10.409517288208008,10.409517288208008
2020-10-03,Assam,31.7,31.352154,0.3478462219238274,0.3478462219238274
2020-10-04,Assam,30.9,30.448097,0.45190277099609233,0.45190277099609233
2020-10-05,Assam,35.0,29.531565,5.468435287475586,5.468435287475586
2020-11-01,Assam,34.0,32.096226,1.9037742614746094,1.9037742614746094
2020-11-02,Assam,30.9,33.042076,-2.142076110839845,2.142076110839845
2020-11-03,Assam,26.8,29.337458,-2.537457656860351,2.537457656860351
2020-11-04,Assam,18.0,25.667368,-7.667367935180664,7.667367935180664
2020-11-05,Assam,19.8,19.512281,0.287718582153321,0.287718582153321
2020-12-01,Assam,20.4,20.439445,-0.03944549560547017,0.03944549560547017
2020-12-02,Assam,23.3,20.765284,2.534716415405274,2.534716415405274
2020-12-03,Assam,21.7,22.94301,-1.243010330200196,1.243010330200196
2020-12-04,Assam,24.2,22.824776,1.375224304199218,1.375224304199218
2020-12-05,Assam,20.3,24.11083,-3.8108303070068352,3.8108303070068352
2020-02-28,Bihar,106.1,102.07042,4.029580688476557,4.029580688476557
2020-02-29,Bihar,105.7,106.005264,-0.30526428222655966,0.30526428222655966
2020-03-01,Bihar,80.1,101.35136,-21.251356506347662,21.251356506347662
2020-03-02,Bihar,79.7,79.894066,-0.1940658569335909,0.1940658569335909
2020-03-03,Bihar,79.5,79.679405,-0.17940521240234375,0.17940521240234375
2020-03-04,Bihar,70.5,80.947395,-10.447395324707031,10.447395324707031
2020-03-05,Bihar,80.2,73.18122,7.018778991699222,7.018778991699222
2020-03-13,Bihar,79.9,76.62172,3.278280639648443,3.278280639648443
2020-03-14,Bihar,82.1,78.27793,3.822068786621088,3.822068786621088
2020-03-15,Bihar,107.8,82.011215,25.78878479003906,25.78878479003906
2020-03-16,Bihar,101.6,102.30218,-0.7021774291992244,0.7021774291992244
2020-03-17,Bihar,83.7,97.77398,-14.073979187011716,14.073979187011716
2020-03-18,Bihar,78.9,81.54093,-2.6409317016601506,2.6409317016601506
2020-03-19,Bihar,69.9,78.53677,-8.63677368164062,8.63677368164062
2020-03-20,Bihar,76.5,71.599106,4.9008941650390625,4.9008941650390625
2020-03-21,Bihar,59.2,76.37979,-17.179791259765622,17.179791259765622
2020-03-22,Bihar,74.6,62.841167,11.758832550048822,11.758832550048822
2020-03-23,Bihar,73.4,74.39649,-0.9964920043945256,0.9964920043945256
2020-03-24,Bihar,76.5,74.9797,1.5203018188476562,1.5203018188476562
2020-03-25,Bihar,79.1,76.853096,2.246903991699213,2.246903991699213
2020-03-26,Bihar,82.8,77.896866,4.903134155273435,4.903134155273435
2020-03-27,Bihar,83.2,80.89587,2.304133605957034,2.304133605957034
2020-03-28,Bihar,84.4,86.779755,-2.3797546386718693,2.3797546386718693
2020-03-29,Bihar,79.4,91.48717,-12.087167358398432,12.087167358398432
2020-03-30,Bihar,75.1,80.00319,-4.903189086914068,4.903189086914068
2020-03-31,Bihar,74.0,79.86731,-5.8673095703125,5.8673095703125
2020-04-01,Bihar,74.4,76.65198,-2.2519775390624943,2.2519775390624943
2020-04-02,Bihar,74.6,75.69606,-1.0960601806640682,1.0960601806640682
2020-04-03,Bihar,75.7,75.71298,-0.012982177734372158,0.012982177734372158
2020-04-04,Bihar,75.8,77.66053,-1.860530090332034,1.860530090332034
2020-04-05,Bihar,67.6,78.12823,-10.528227233886724,10.528227233886724
2020-04-13,Bihar,71.9,70.60248,1.2975219726562557,1.2975219726562557
2020-04-14,Bihar,71.4,73.08769,-1.6876922607421818,1.6876922607421818
2020-04-15,Bihar,73.1,72.841064,0.2589355468749943,0.2589355468749943
2020-04-16,Bihar,71.7,75.53938,-3.8393829345703097,3.8393829345703097
2020-04-17,Bihar,70.8,72.78491,-1.9849121093750028,1.9849121093750028
2020-04-18,Bihar,73.3,72.64101,0.6589935302734347,0.6589935302734347
2020-04-19,Bihar,73.5,76.10628,-2.6062774658203125,2.6062774658203125
2020-04-20,Bihar,74.3,77.29883,-2.998828125000003,2.998828125000003
2020-04-21,Bihar,75.0,76.20294,-1.20294189453125,1.20294189453125
2020-04-22,Bihar,73.4,77.33932,-3.939317321777338,3.939317321777338
2020-04-23,Bihar,55.7,76.12879,-20.42879180908203,20.42879180908203
2020-04-24,Bihar,55.0,66.012436,-11.012435913085938,11.012435913085938
2020-04-25,Bihar,70.3,66.76586,3.5341384887695284,3.5341384887695284
2020-04-26,Bihar,93.8,73.18485,20.61514739990234,20.61514739990234
2020-04-27,Bihar,104.1,90.3118,13.78820190429687,13.78820190429687
2020-04-28,Bihar,109.2,99.08048,10.119517517089847,10.119517517089847
2020-04-29,Bihar,104.2,105.069466,-0.8694656372070284,0.8694656372070284
2020-04-30,Bihar,104.5,100.226234,4.273765563964844,4.273765563964844
2020-05-01,Bihar,107.1,101.68513,5.414872741699213,5.414872741699213
2020-05-02,Bihar,105.8,102.66044,3.139561462402341,3.139561462402341
2020-05-03,Bihar,81.8,102.31466,-20.514659118652347,20.514659118652347
2020-05-04,Bihar,84.7,81.01956,3.680438232421878,3.680438232421878
2020-05-05,Bihar,70.8,80.64132,-9.841319274902347,9.841319274902347
2020-05-13,Bihar,74.7,72.77182,1.9281799316406278,1.9281799316406278
2020-05-14,Bihar,71.3,75.06723,-3.767230224609378,3.767230224609378
2020-05-15,Bihar,76.1,72.0972,4.002801513671869,4.002801513671869
2020-05-16,Bihar,85.7,76.16806,9.531939697265628,9.531939697265628
2020-05-17,Bihar,77.3,87.56967,-10.269671630859378,10.269671630859378
2020-05-18,Bihar,77.8,79.99466,-2.194659423828128,2.194659423828128
2020-05-19,Bihar,77.4,79.485054,-2.0850540161132756,2.0850540161132756
2020-05-20,Bihar,77.0,79.18471,-2.1847076416015625,2.1847076416015625
2020-05-21,Bihar,79.6,77.55675,2.043252563476557,2.043252563476557
2020-05-22,Bihar,76.4,79.71848,-3.3184829711914006,3.3184829711914006
2020-05-23,Bihar,75.9,77.159096,-1.2590957641601506,1.2590957641601506
2020-06-01,Bihar,65.3,80.14759,-14.847590637207034,14.847590637207034
2020-06-02,Bihar,66.1,69.77905,-3.6790527343750057,3.6790527343750057
2020-06-03,Bihar,65.1,69.576454,-4.476454162597662,4.476454162597662
2020-06-04,Bihar,66.2,69.576454,-3.3764541625976534,3.3764541625976534
2020-06-05,Bihar,67.6,69.31994,-1.7199386596679744,1.7199386596679744
2020-07-01,Bihar,66.8,72.38079,-5.580790710449222,5.580790710449222
2020-07-02,Bihar,67.6,70.60655,-3.006552124023443,3.006552124023443
2020-07-03,Bihar,121.4,71.8711,49.528898620605474,49.528898620605474
2020-07-04,Bihar,117.0,115.7547,1.24530029296875,1.24530029296875
2020-07-05,Bihar,112.6,112.90883,-0.3088287353515682,0.3088287353515682
2020-08-01,Bihar,115.3,111.03205,4.267948913574216,4.267948913574216
2020-08-02,Bihar,116.8,112.43682,4.363179016113278,4.363179016113278
2020-08-03,Bihar,115.6,112.06661,3.5333877563476506,3.5333877563476506
2020-08-04,Bihar,112.6,111.435425,1.1645751953124943,1.1645751953124943
2020-08-05,Bihar,72.1,107.58091,-35.48090972900391,35.48090972900391
2020-09-01,Bihar,73.1,70.21394,2.886056518554682,2.886056518554682
2020-09-02,Bihar,73.5,72.81132,0.6886825561523438,0.6886825561523438
2020-09-03,Bihar,73.5,72.64497,0.8550262451171875,0.8550262451171875
2020-09-04,Bihar,67.3,73.30813,-6.008128356933597,6.008128356933597
2020-09-05,Bihar,64.8,68.15675,-3.3567535400390653,3.3567535400390653
2020-10-01,Bihar,71.1,68.03374,3.066262817382807,3.066262817382807
2020-10-02,Bihar,104.7,74.4923,30.207698059082034,30.207698059082034
2020-10-03,Bihar,92.6,103.02546,-10.425459289550787,10.425459289550787
2020-10-04,Bihar,99.3,91.886024,7.413975524902341,7.413975524902341
2020-10-05,Bihar,106.2,97.03627,9.16372985839844,9.16372985839844
2020-11-01,Bihar,107.8,100.52384,7.276158142089841,7.276158142089841
2020-11-02,Bihar,101.6,102.6286,-1.0286010742187557,1.0286010742187557
2020-11-03,Bihar,83.7,98.3276,-14.627598571777341,14.627598571777341
2020-11-04,Bihar,75.7,80.36732,-4.667317199707028,4.667317199707028
2020-11-05,Bihar,83.0,75.14644,7.8535614013671875,7.8535614013671875
2020-12-01,Bihar,82.9,82.03269,0.8673080444335994,0.8673080444335994
2020-12-02,Bihar,85.0,80.37983,4.620170593261719,4.620170593261719
2020-12-03,Bihar,85.4,82.4162,2.9838012695312557,2.9838012695312557
2020-12-04,Bihar,70.0,82.39423,-12.394233703613281,12.394233703613281
2020-12-05,Bihar,61.7,74.01591,-12.315907287597653,12.315907287597653
2020-02-28,Chandigarh,4.7,4.7015915,-0.0015914916992185724,0.0015914916992185724
2020-02-29,Chandigarh,4.7,5.2003098,-0.5003097534179686,0.5003097534179686
2020-03-01,Chandigarh,4.6,4.720341,-0.12034120559692418,0.12034120559692418
2020-03-02,Chandigarh,4.7,4.912948,-0.21294813156127912,0.21294813156127912
2020-03-03,Chandigarh,4.7,4.912948,-0.21294813156127912,0.21294813156127912
2020-03-04,Chandigarh,4.7,4.8387923,-0.13879232406616193,0.13879232406616193
2020-03-05,Chandigarh,4.6,4.8387923,-0.23879232406616246,0.23879232406616246
2020-03-13,Chandigarh,4.4,3.9265332,0.473466777801514,0.473466777801514
2020-03-14,Chandigarh,4.0,3.880743,0.11925697326660156,0.11925697326660156
2020-03-15,Chandigarh,6.5,4.0817885,2.4182114601135254,2.4182114601135254
2020-03-16,Chandigarh,6.0,7.015279,-1.0152788162231445,1.0152788162231445
2020-03-17,Chandigarh,5.6,5.8985267,-0.29852666854858434,0.29852666854858434
2020-03-18,Chandigarh,6.5,5.3733773,1.1266226768493652,1.1266226768493652
2020-03-19,Chandigarh,6.0,6.476327,-0.47632694244384766,0.47632694244384766
2020-03-20,Chandigarh,5.9,5.7011,0.19890012741088903,0.19890012741088903
2020-03-21,Chandigarh,5.5,5.8472104,-0.3472104072570801,0.3472104072570801
2020-03-22,Chandigarh,2.2,5.687151,-3.487150955200195,3.487150955200195
2020-03-23,Chandigarh,2.2,3.1362,-0.9361999511718748,0.9361999511718748
2020-03-24,Chandigarh,2.3,2.8568113,-0.5568112850189211,0.5568112850189211
2020-03-25,Chandigarh,2.3,2.7554078,-0.4554078102111818,0.4554078102111818
2020-03-26,Chandigarh,2.3,2.4815583,-0.18155832290649432,0.18155832290649432
2020-03-27,Chandigarh,2.3,2.716038,-0.4160379886627199,0.4160379886627199
2020-03-28,Chandigarh,2.3,4.090498,-1.7904979705810549,1.7904979705810549
2020-03-29,Chandigarh,3.5,5.5403867,-2.04038667678833,2.04038667678833
2020-03-30,Chandigarh,3.5,3.0466006,0.4533994197845459,0.4533994197845459
2020-03-31,Chandigarh,3.5,6.0510674,-2.551067352294922,2.551067352294922
2020-04-01,Chandigarh,3.5,3.8890123,-0.38901233673095703,0.38901233673095703
2020-04-02,Chandigarh,3.4,3.9434242,-0.5434242248535157,0.5434242248535157
2020-04-03,Chandigarh,3.3,3.7877247,-0.4877247333526613,0.4877247333526613
2020-04-04,Chandigarh,3.0,3.5432248,-0.5432248115539551,0.5432248115539551
2020-04-05,Chandigarh,3.1,3.5311747,-0.4311746597290038,0.4311746597290038
2020-04-13,Chandigarh,3.0,3.5611725,-0.5611724853515625,0.5611724853515625
2020-04-14,Chandigarh,3.3,3.5611725,-0.2611724853515627,0.2611724853515627
2020-04-15,Chandigarh,3.1,3.1860933,-0.08609333038330069,0.08609333038330069
2020-04-16,Chandigarh,3.3,3.4345682,-0.13456816673278826,0.13456816673278826
2020-04-17,Chandigarh,3.1,3.6270778,-0.52707781791687,0.52707781791687
2020-04-18,Chandigarh,2.8,3.6237216,-0.8237215995788576,0.8237215995788576
2020-04-19,Chandigarh,3.7,3.6644795,0.035520505905151545,0.035520505905151545
2020-04-20,Chandigarh,3.7,3.9396756,-0.23967556953430158,0.23967556953430158
2020-04-21,Chandigarh,3.6,4.0979376,-0.49793758392333975,0.49793758392333975
2020-04-22,Chandigarh,3.6,4.0237823,-0.42378225326538077,0.42378225326538077
2020-04-23,Chandigarh,3.7,4.0237823,-0.3237822532653807,0.3237822532653807
2020-04-24,Chandigarh,3.4,4.0417743,-0.6417742729187013,0.6417742729187013
2020-04-25,Chandigarh,3.2,3.7417743,-0.5417743206024168,0.5417743206024168
2020-04-26,Chandigarh,6.5,3.9813836,2.5186164379119873,2.5186164379119873
2020-04-27,Chandigarh,5.2,6.42355,-1.2235501289367674,1.2235501289367674
2020-04-28,Chandigarh,5.9,5.293494,0.6065057754516605,0.6065057754516605
2020-04-29,Chandigarh,5.7,5.7710004,-0.07100038528442365,0.07100038528442365
2020-04-30,Chandigarh,5.7,5.074751,0.6252490997314455,0.6252490997314455
2020-05-01,Chandigarh,5.7,5.8969913,-0.19699125289916974,0.19699125289916974
2020-05-02,Chandigarh,6.1,5.9514017,0.14859828948974574,0.14859828948974574
2020-05-03,Chandigarh,2.9,5.9693627,-3.069362735748291,3.069362735748291
2020-05-04,Chandigarh,3.0,3.8248124,-0.8248124122619629,0.8248124122619629
2020-05-05,Chandigarh,3.2,3.8736558,-0.6736557960510252,0.6736557960510252
2020-05-13,Chandigarh,3.3,3.869425,-0.5694250583648683,0.5694250583648683
2020-05-14,Chandigarh,3.2,3.869425,-0.669425058364868,0.669425058364868
2020-05-15,Chandigarh,3.3,3.5165112,-0.21651120185852069,0.21651120185852069
2020-05-16,Chandigarh,3.4,3.764986,-0.3649860382080079,0.3649860382080079
2020-05-17,Chandigarh,4.1,4.6595387,-0.5595387458801273,0.5595387458801273
2020-05-18,Chandigarh,4.2,4.3946705,-0.19467048645019513,0.19467048645019513
2020-05-19,Chandigarh,4.1,4.5471363,-0.44713630676269567,0.44713630676269567
2020-05-20,Chandigarh,4.1,4.3205147,-0.22051467895507848,0.22051467895507848
2020-05-21,Chandigarh,4.2,4.300659,-0.10065917968749982,0.10065917968749982
2020-05-22,Chandigarh,3.9,4.308107,-0.4081068992614747,0.4081068992614747
2020-05-23,Chandigarh,3.5,4.155641,-0.6556410789489746,0.6556410789489746
2020-06-01,Chandigarh,3.4,4.957342,-1.5573421478271485,1.5573421478271485
2020-06-02,Chandigarh,3.5,3.9935367,-0.49353671073913574,0.49353671073913574
2020-06-03,Chandigarh,3.2,3.919382,-0.7193820953369139,0.7193820953369139
2020-06-04,Chandigarh,3.5,3.919382,-0.41938209533691406,0.41938209533691406
2020-06-05,Chandigarh,3.6,3.6281567,-0.0281566619873046,0.0281566619873046
2020-07-01,Chandigarh,3.4,4.1680164,-0.7680164337158204,0.7680164337158204
2020-07-02,Chandigarh,3.1,3.922428,-0.8224278926849364,0.8224278926849364
2020-07-03,Chandigarh,6.2,3.6312025,2.568797540664673,2.568797540664673
2020-07-04,Chandigarh,6.5,5.686982,0.8130178451538086,0.8130178451538086
2020-07-05,Chandigarh,6.1,6.3422947,-0.24229469299316442,0.24229469299316442
2020-08-01,Chandigarh,5.7,5.862843,-0.16284303665161115,0.16284303665161115
2020-08-02,Chandigarh,5.9,5.8872423,0.012757682800293324,0.012757682800293324
2020-08-03,Chandigarh,5.9,5.880053,0.01994695663452184,0.01994695663452184
2020-08-04,Chandigarh,5.5,5.880053,-0.3800530433654785,0.3800530433654785
2020-08-05,Chandigarh,3.1,5.3582597,-2.258259677886963,2.258259677886963
2020-09-01,Chandigarh,3.4,3.7698612,-0.36986122131347665,0.36986122131347665
2020-09-02,Chandigarh,3.4,3.7501173,-0.35011730194091806,0.35011730194091806
2020-09-03,Chandigarh,3.3,3.7501173,-0.45011730194091815,0.45011730194091815
2020-09-04,Chandigarh,3.5,3.8614738,-0.36147379875183105,0.36147379875183105
2020-09-05,Chandigarh,3.5,3.8614738,-0.36147379875183105,0.36147379875183105
2020-10-01,Chandigarh,3.1,3.5159702,-0.415970230102539,0.415970230102539
2020-10-02,Chandigarh,7.2,3.6817384,3.5182616233825685,3.5182616233825685
2020-10-03,Chandigarh,7.2,6.923669,0.27633113861084,0.27633113861084
2020-10-04,Chandigarh,7.4,6.923669,0.4763311386108402,0.4763311386108402
2020-10-05,Chandigarh,6.1,6.8919864,-0.7919863700866703,0.7919863700866703
2020-11-01,Chandigarh,6.5,4.2863183,2.213681697845459,2.213681697845459
2020-11-02,Chandigarh,6.0,6.066009,-0.0660090446472168,0.0660090446472168
2020-11-03,Chandigarh,5.6,5.410697,0.1893030166625973,0.1893030166625973
2020-11-04,Chandigarh,3.3,4.8889036,-1.588903617858887,1.588903617858887
2020-11-05,Chandigarh,3.5,3.2807605,0.2192394733428955,0.2192394733428955
2020-12-01,Chandigarh,3.6,3.469214,0.13078603744506845,0.13078603744506845
2020-12-02,Chandigarh,3.7,3.7559216,-0.05592160224914533,0.05592160224914533
2020-12-03,Chandigarh,4.0,4.0050745,-0.005074501037597656,0.005074501037597656
2020-12-04,Chandigarh,4.0,4.230298,-0.23029804229736328,0.23029804229736328
2020-12-05,Chandigarh,3.5,4.230298,-0.7302980422973633,0.7302980422973633
2020-02-28,Chhattisgarh,95.0,92.59846,2.4015426635742188,2.4015426635742188
2020-02-29,Chhattisgarh,94.1,92.212616,1.8873840332031193,1.8873840332031193
2020-03-01,Chhattisgarh,75.2,90.068474,-14.868473815917966,14.868473815917966
2020-03-02,Chhattisgarh,75.8,76.5639,-0.7639038085937528,0.7639038085937528
2020-03-03,Chhattisgarh,74.2,77.948555,-3.7485549926757784,3.7485549926757784
2020-03-04,Chhattisgarh,69.7,76.12746,-6.42745666503906,6.42745666503906
2020-03-05,Chhattisgarh,67.7,72.97085,-5.270848083496091,5.270848083496091
2020-03-13,Chhattisgarh,72.9,67.036,5.863996887207037,5.863996887207037
2020-03-14,Chhattisgarh,74.7,71.63025,3.069750976562503,3.069750976562503
2020-03-15,Chhattisgarh,81.1,75.25573,5.844270324707026,5.844270324707026
2020-03-16,Chhattisgarh,77.9,81.14545,-3.2454467773437443,3.2454467773437443
2020-03-17,Chhattisgarh,79.0,79.09833,-0.09832763671875,0.09832763671875
2020-03-18,Chhattisgarh,82.5,78.9056,3.5943984985351562,3.5943984985351562
2020-03-19,Chhattisgarh,83.4,81.75563,1.6443695068359432,1.6443695068359432
2020-03-20,Chhattisgarh,87.3,82.05058,5.24941711425781,5.24941711425781
2020-03-21,Chhattisgarh,91.8,82.64521,9.154789733886716,9.154789733886716
2020-03-22,Chhattisgarh,70.5,87.889656,-17.38965606689453,17.38965606689453
2020-03-23,Chhattisgarh,73.8,72.78236,1.017643737792966,1.017643737792966
2020-03-24,Chhattisgarh,74.2,75.28972,-1.0897186279296847,1.0897186279296847
2020-03-25,Chhattisgarh,72.4,75.21557,-2.815568542480463,2.815568542480463
2020-03-26,Chhattisgarh,77.2,72.316605,4.88339538574219,4.88339538574219
2020-03-27,Chhattisgarh,75.1,76.6059,-1.505903625488287,1.505903625488287
2020-03-28,Chhattisgarh,76.0,80.718094,-4.7180938720703125,4.7180938720703125
2020-03-29,Chhattisgarh,75.7,82.123474,-6.423474121093747,6.423474121093747
2020-03-30,Chhattisgarh,75.0,78.5151,-3.5150985717773438,3.5150985717773438
2020-03-31,Chhattisgarh,75.9,80.604416,-4.704415893554682,4.704415893554682
2020-04-01,Chhattisgarh,74.8,79.11576,-4.315760803222659,4.315760803222659
2020-04-02,Chhattisgarh,73.8,77.33951,-3.539508056640628,3.539508056640628
2020-04-03,Chhattisgarh,70.9,77.32172,-6.421716308593744,6.421716308593744
2020-04-04,Chhattisgarh,72.5,73.79584,-1.29583740234375,1.29583740234375
2020-04-05,Chhattisgarh,89.5,73.78379,15.716209411621094,15.716209411621094
2020-04-13,Chhattisgarh,93.2,88.88247,4.317530822753909,4.317530822753909
2020-04-14,Chhattisgarh,93.0,90.51754,2.4824600219726562,2.4824600219726562
2020-04-15,Chhattisgarh,94.4,90.12891,4.271093750000006,4.271093750000006
2020-04-16,Chhattisgarh,95.0,90.46282,4.537178039550781,4.537178039550781
2020-04-17,Chhattisgarh,92.2,90.08913,2.1108734130859403,2.1108734130859403
2020-04-18,Chhattisgarh,94.0,89.749435,4.2505645751953125,4.2505645751953125
2020-04-19,Chhattisgarh,81.3,86.368965,-5.068965148925784,5.068965148925784
2020-04-20,Chhattisgarh,82.3,82.13076,0.1692398071289034,0.1692398071289034
2020-04-21,Chhattisgarh,81.0,82.11091,-1.1109085083007812,1.1109085083007812
2020-04-22,Chhattisgarh,83.4,81.21376,2.186239624023443,2.186239624023443
2020-04-23,Chhattisgarh,83.0,82.66955,0.33045196533203125,0.33045196533203125
2020-04-24,Chhattisgarh,80.7,81.69892,-0.9989212036132784,0.9989212036132784
2020-04-25,Chhattisgarh,82.0,80.77214,1.2278594970703125,1.2278594970703125
2020-04-26,Chhattisgarh,85.5,85.899765,-0.3997650146484375,0.3997650146484375
2020-04-27,Chhattisgarh,90.6,86.49015,4.109849548339838,4.109849548339838
2020-04-28,Chhattisgarh,92.1,88.48245,3.6175476074218693,3.6175476074218693
2020-04-29,Chhattisgarh,89.6,91.16945,-1.5694488525390682,1.5694488525390682
2020-04-30,Chhattisgarh,85.1,88.32152,-3.221517944335943,3.221517944335943
2020-05-01,Chhattisgarh,85.6,84.31576,1.2842422485351506,1.2842422485351506
2020-05-02,Chhattisgarh,90.0,84.37017,5.629829406738281,5.629829406738281
2020-05-03,Chhattisgarh,77.3,89.01309,-11.713092041015628,11.713092041015628
2020-05-04,Chhattisgarh,72.1,78.88643,-6.786428833007818,6.786428833007818
2020-05-05,Chhattisgarh,70.8,72.98471,-2.184710693359378,2.184710693359378
2020-05-13,Chhattisgarh,70.8,73.264015,-2.464015197753909,2.464015197753909
2020-05-14,Chhattisgarh,65.6,73.264015,-7.664015197753912,7.664015197753912
2020-05-15,Chhattisgarh,68.2,69.21267,-1.012669372558591,1.012669372558591
2020-05-16,Chhattisgarh,67.9,70.82309,-2.9230895996093693,2.9230895996093693
2020-05-17,Chhattisgarh,80.9,74.763695,6.136305236816412,6.136305236816412
2020-05-18,Chhattisgarh,77.7,82.02318,-4.323178100585935,4.323178100585935
2020-05-19,Chhattisgarh,74.1,79.2771,-5.177099609375006,5.177099609375006
2020-05-20,Chhattisgarh,75.6,75.64729,-0.047293090820318184,0.047293090820318184
2020-05-21,Chhattisgarh,71.8,76.83797,-5.037966918945315,5.037966918945315
2020-05-22,Chhattisgarh,72.8,72.81466,-0.014659118652346592,0.014659118652346592
2020-05-23,Chhattisgarh,69.3,75.2645,-5.964503479003909,5.964503479003909
2020-06-01,Chhattisgarh,71.7,74.9159,-3.2159011840820284,3.2159011840820284
2020-06-02,Chhattisgarh,71.9,73.25555,-1.355546569824213,1.355546569824213
2020-06-03,Chhattisgarh,71.5,73.55414,-2.05413818359375,2.05413818359375
2020-06-04,Chhattisgarh,73.1,73.78959,-0.6895889282226619,0.6895889282226619
2020-06-05,Chhattisgarh,72.8,75.948204,-3.1482040405273466,3.1482040405273466
2020-07-01,Chhattisgarh,72.5,77.23595,-4.7359466552734375,4.7359466552734375
2020-07-02,Chhattisgarh,73.0,73.88136,-0.8813629150390625,0.8813629150390625
2020-07-03,Chhattisgarh,90.0,77.11601,12.883987426757812,12.883987426757812
2020-07-04,Chhattisgarh,89.7,88.59231,1.107691955566409,1.107691955566409
2020-07-05,Chhattisgarh,84.9,88.59231,-3.692308044433588,3.692308044433588
2020-08-01,Chhattisgarh,88.5,84.22992,4.27008056640625,4.27008056640625
2020-08-02,Chhattisgarh,86.8,84.94628,1.8537185668945284,1.8537185668945284
2020-08-03,Chhattisgarh,85.2,84.397606,0.8023941040039091,0.8023941040039091
2020-08-04,Chhattisgarh,74.4,84.343994,-9.943994140624994,9.943994140624994
2020-08-05,Chhattisgarh,91.3,75.24942,16.050579833984372,16.050579833984372
2020-09-01,Chhattisgarh,86.2,89.055176,-2.855175781249997,2.855175781249997
2020-09-02,Chhattisgarh,84.3,83.60944,0.6905563354492159,0.6905563354492159
2020-09-03,Chhattisgarh,85.1,83.10537,1.9946304321289006,1.9946304321289006
2020-09-04,Chhattisgarh,83.5,83.62393,-0.123931884765625,0.123931884765625
2020-09-05,Chhattisgarh,72.2,83.11986,-10.919857788085935,10.919857788085935
2020-10-01,Chhattisgarh,81.2,73.84034,7.359660339355472,7.359660339355472
2020-10-02,Chhattisgarh,80.8,80.85396,-0.05395812988281534,0.05395812988281534
2020-10-03,Chhattisgarh,73.1,81.380554,-8.280554199218756,8.280554199218756
2020-10-04,Chhattisgarh,73.8,75.34632,-1.546321105957034,1.546321105957034
2020-10-05,Chhattisgarh,79.8,75.40598,4.394017028808591,4.394017028808591
2020-11-01,Chhattisgarh,81.1,77.798134,3.301866149902338,3.301866149902338
2020-11-02,Chhattisgarh,77.9,81.55997,-3.6599670410156193,3.6599670410156193
2020-11-03,Chhattisgarh,79.0,78.68544,0.3145599365234375,0.3145599365234375
2020-11-04,Chhattisgarh,99.0,79.56257,19.43743133544922,19.43743133544922
2020-11-05,Chhattisgarh,99.6,95.64608,3.9539199829101506,3.9539199829101506
2020-12-01,Chhattisgarh,100.4,96.69958,3.700422668457037,3.700422668457037
2020-12-02,Chhattisgarh,101.8,96.15757,5.642430114746091,5.642430114746091
2020-12-03,Chhattisgarh,103.0,98.314186,4.685813903808594,4.685813903808594
2020-12-04,Chhattisgarh,101.8,99.12423,2.6757705688476534,2.6757705688476534
2020-12-05,Chhattisgarh,102.4,98.554,3.845999145507818,3.845999145507818
2020-02-28,DNH,18.2,17.131266,1.0687343597412102,1.0687343597412102
2020-02-29,DNH,17.9,18.329065,-0.429065322875978,0.429065322875978
2020-03-01,DNH,18.6,18.011696,0.5883041381835952,0.5883041381835952
2020-03-02,DNH,18.9,18.984154,-0.08415374755859517,0.08415374755859517
2020-03-03,DNH,18.9,19.666267,-0.7662673950195327,0.7662673950195327
2020-03-04,DNH,19.0,19.592112,-0.5921115875244141,0.5921115875244141
2020-03-05,DNH,17.6,19.8985,-2.2985004425048814,2.2985004425048814
2020-03-13,DNH,18.6,16.690298,1.9097019195556655,1.9097019195556655
2020-03-14,DNH,18.8,18.087671,0.7123287200927741,0.7123287200927741
2020-03-15,DNH,18.6,18.509216,0.09078369140625142,0.09078369140625142
2020-03-16,DNH,18.6,19.200064,-0.6000637054443345,0.6000637054443345
2020-03-17,DNH,17.3,18.738626,-1.4386264801025384,1.4386264801025384
2020-03-18,DNH,18.2,17.935848,0.2641517639160149,0.2641517639160149
2020-03-19,DNH,18.6,17.935848,0.664151763916017,0.664151763916017
2020-03-20,DNH,18.7,18.541197,0.1588031768798821,0.1588031768798821
2020-03-21,DNH,18.7,18.58902,0.11098022460937429,0.11098022460937429
2020-03-22,DNH,1.8,18.822014,-17.022013854980468,17.022013854980468
2020-03-23,DNH,1.9,4.8373423,-2.9373422622680665,2.9373422622680665
2020-03-24,DNH,1.9,4.4096785,-2.5096784591674806,2.5096784591674806
2020-03-25,DNH,2.0,4.299925,-2.299924850463867,2.299924850463867
2020-03-26,DNH,2.0,4.026077,-2.0260767936706543,2.0260767936706543
2020-03-27,DNH,2.1,4.015951,-1.9159511566162108,1.9159511566162108
2020-03-28,DNH,2.2,9.3510475,-7.1510475158691404,7.1510475158691404
2020-03-29,DNH,17.7,11.0613,6.638699722290038,6.638699722290038
2020-03-30,DNH,17.6,17.108229,0.49177131652832173,0.49177131652832173
2020-03-31,DNH,18.0,19.10234,-1.1023406982421875,1.1023406982421875
2020-04-01,DNH,18.1,17.38131,0.7186904907226577,0.7186904907226577
2020-04-02,DNH,17.9,17.703146,0.19685401916503764,0.19685401916503764
2020-04-03,DNH,17.9,17.61628,0.28372039794921733,0.28372039794921733
2020-04-04,DNH,17.5,18.36818,-0.8681793212890625,0.8681793212890625
2020-04-05,DNH,17.9,17.919102,-0.019101715087892046,0.019101715087892046
2020-04-13,DNH,18.1,17.807804,0.2921958923339858,0.2921958923339858
2020-04-14,DNH,18.4,17.807804,0.592195892333983,0.592195892333983
2020-04-15,DNH,18.4,17.432724,0.9672760009765611,0.9672760009765611
2020-04-16,DNH,18.4,17.6812,0.7187999725341783,0.7187999725341783
2020-04-17,DNH,18.2,17.62921,0.5707904815673821,0.5707904815673821
2020-04-18,DNH,17.9,17.625853,0.2741474151611314,0.2741474151611314
2020-04-19,DNH,18.2,17.838991,0.3610088348388665,0.3610088348388665
2020-04-20,DNH,18.4,17.819923,0.5800765991210923,0.5800765991210923
2020-04-21,DNH,18.3,17.867748,0.43225173950195384,0.43225173950195384
2020-04-22,DNH,18.5,17.793592,0.7064075469970703,0.7064075469970703
2020-04-23,DNH,18.3,18.518858,-0.21885795593261648,0.21885795593261648
2020-04-24,DNH,18.1,17.673676,0.4263244628906264,0.4263244628906264
2020-04-25,DNH,18.0,17.638077,0.3619232177734375,0.3619232177734375
2020-04-26,DNH,17.6,18.129492,-0.529491806030272,0.529491806030272
2020-04-27,DNH,17.6,17.91515,-0.3151496887207017,0.3151496887207017
2020-04-28,DNH,17.5,17.581656,-0.08165550231933594,0.08165550231933594
2020-04-29,DNH,17.6,17.558142,0.041858291625977984,0.041858291625977984
2020-04-30,DNH,17.5,16.891903,0.6080970764160156,0.6080970764160156
2020-05-01,DNH,17.4,17.663898,-0.26389846801757955,0.26389846801757955
2020-05-02,DNH,17.1,17.985735,-0.8857349395751939,0.8857349395751939
2020-05-03,DNH,6.0,17.919102,-11.91910171508789,11.91910171508789
2020-05-04,DNH,6.7,8.072532,-1.3725317001342772,1.3725317001342772
2020-05-05,DNH,7.3,8.593182,-1.293181610107422,1.293181610107422
2020-05-13,DNH,7.5,8.680839,-1.1808385848999023,1.1808385848999023
2020-05-14,DNH,7.6,8.680839,-1.0808385848999027,1.0808385848999027
2020-05-15,DNH,7.9,8.531853,-0.6318527221679684,0.6318527221679684
2020-05-16,DNH,7.8,9.0407915,-1.2407915115356447,1.2407915115356447
2020-05-17,DNH,18.4,9.606833,8.793166542053221,8.793166542053221
2020-05-18,DNH,18.0,18.062576,-0.0625762939453125,0.0625762939453125
2020-05-19,DNH,18.1,18.127811,-0.027811431884764204,0.027811431884764204
2020-05-20,DNH,18.2,18.053656,0.14634437561035085,0.14634437561035085
2020-05-21,DNH,17.9,18.10148,-0.20148048400879048,0.20148048400879048
2020-05-22,DNH,18.0,17.738537,0.2614631652832031,0.2614631652832031
2020-05-23,DNH,17.7,17.738537,-0.038536834716797586,0.038536834716797586
2020-06-01,DNH,18.2,18.750021,-0.5500209808349616,0.5500209808349616
2020-06-02,DNH,18.5,18.053642,0.44635772705078125,0.44635772705078125
2020-06-03,DNH,18.8,18.704752,0.09524803161621165,0.09524803161621165
2020-06-04,DNH,18.9,18.704752,0.19524803161620952,0.19524803161620952
2020-06-05,DNH,18.7,19.095638,-0.3956382751464851,0.3956382751464851
2020-07-01,DNH,18.6,18.474688,0.1253124237060561,0.1253124237060561
2020-07-02,DNH,18.2,18.796524,-0.5965240478515632,0.5965240478515632
2020-07-03,DNH,17.4,18.08642,-0.686420059204103,0.686420059204103
2020-07-04,DNH,18.3,18.08642,0.21357994079589915,0.21357994079589915
2020-07-05,DNH,18.7,18.031837,0.668162536621093,0.668162536621093
2020-08-01,DNH,18.5,18.72012,-0.22011947631835938,0.22011947631835938
2020-08-02,DNH,18.6,18.987373,-0.38737335205077983,0.38737335205077983
2020-08-03,DNH,18.6,19.13633,-0.5363296508789048,0.5363296508789048
2020-08-04,DNH,18.2,19.13633,-0.936329650878907,0.936329650878907
2020-08-05,DNH,18.6,18.336908,0.26309165954589986,0.26309165954589986
2020-09-01,DNH,19.0,18.814493,0.18550682067871094,0.18550682067871094
2020-09-02,DNH,19.2,19.744287,-0.5442874908447273,0.5442874908447273
2020-09-03,DNH,19.5,19.744287,-0.24428749084472656,0.24428749084472656
2020-09-04,DNH,19.1,19.72407,-0.6240695953369126,0.6240695953369126
2020-09-05,DNH,19.1,19.72407,-0.6240695953369126,0.6240695953369126
2020-10-01,DNH,19.0,18.916298,0.08370208740234375,0.08370208740234375
2020-10-02,DNH,17.4,20.407766,-3.0077663421630874,3.0077663421630874
2020-10-03,DNH,17.8,19.051775,-1.2517749786376946,1.2517749786376946
2020-10-04,DNH,18.5,17.80735,0.6926498413085938,0.6926498413085938
2020-10-05,DNH,18.8,18.681572,0.11842803955078196,0.11842803955078196
2020-11-01,DNH,18.6,17.02251,1.5774894714355483,1.5774894714355483
2020-11-02,DNH,18.6,18.28717,0.3128295898437514,0.3128295898437514
2020-11-03,DNH,17.3,18.28717,-0.9871704101562493,0.9871704101562493
2020-11-04,DNH,17.3,17.48775,-0.1877490997314446,0.1877490997314446
2020-11-05,DNH,17.6,17.48775,0.11225090026855611,0.11225090026855611
2020-12-01,DNH,18.1,17.40878,0.691220855712892,0.691220855712892
2020-12-02,DNH,18.2,17.66291,0.537089538574218,0.537089538574218
2020-12-03,DNH,18.4,17.912066,0.48793449401855327,0.48793449401855327
2020-12-04,DNH,18.2,17.585459,0.6145412445068352,0.6145412445068352
2020-12-05,DNH,18.4,17.585459,0.8145412445068345,0.8145412445068345
2020-02-28,Delhi,110.5,112.308395,-1.8083953857421875,1.8083953857421875
2020-02-29,Delhi,99.6,110.62602,-11.026022338867193,11.026022338867193
2020-03-01,Delhi,73.8,100.66907,-26.869067382812503,26.869067382812503
2020-03-02,Delhi,74.5,71.27678,3.2232208251953125,3.2232208251953125
2020-03-03,Delhi,74.7,74.21195,0.4880477905273466,0.4880477905273466
2020-03-04,Delhi,77.5,74.1378,3.3621978759765625,3.3621978759765625
2020-03-05,Delhi,79.7,78.6039,1.0961029052734403,1.0961029052734403
2020-03-13,Delhi,72.7,76.03612,-3.3361175537109347,3.3361175537109347
2020-03-14,Delhi,69.3,75.002205,-5.702204895019534,5.702204895019534
2020-03-15,Delhi,126.4,74.35078,52.049223327636724,52.049223327636724
2020-03-16,Delhi,122.3,122.98664,-0.6866409301757841,0.6866409301757841
2020-03-17,Delhi,119.6,118.47143,1.1285720825195256,1.1285720825195256
2020-03-18,Delhi,130.2,111.987206,18.212794494628895,18.212794494628895
2020-03-19,Delhi,113.4,123.734825,-10.334825134277338,10.334825134277338
2020-03-20,Delhi,127.8,107.83072,19.969281005859372,19.969281005859372
2020-03-21,Delhi,135.5,121.51381,13.986190795898438,13.986190795898438
2020-03-22,Delhi,44.3,89.63014,-45.330142211914065,45.330142211914065
2020-03-23,Delhi,45.8,48.663025,-2.863024902343753,2.863024902343753
2020-03-24,Delhi,47.6,51.009125,-3.4091247558593736,3.4091247558593736
2020-03-25,Delhi,46.1,52.69295,-6.592951202392577,6.592951202392577
2020-03-26,Delhi,47.5,49.01722,-1.5172195434570312,1.5172195434570312
2020-03-27,Delhi,48.4,48.7683,-0.36829910278320455,0.36829910278320455
2020-03-28,Delhi,50.1,76.087944,-25.987944030761717,25.987944030761717
2020-03-29,Delhi,66.3,82.50432,-16.20431823730469,16.20431823730469
2020-03-30,Delhi,66.4,66.52636,-0.12635955810546307,0.12635955810546307
2020-03-31,Delhi,67.6,69.3527,-1.752699279785162,1.752699279785162
2020-04-01,Delhi,65.5,67.45562,-1.9556198120117188,1.9556198120117188
2020-04-02,Delhi,64.9,65.64727,-0.7472702026367131,0.7472702026367131
2020-04-03,Delhi,61.4,65.57397,-4.17396697998047,4.17396697998047
2020-04-04,Delhi,59.6,68.02241,-8.42240753173828,8.42240753173828
2020-04-05,Delhi,62.0,60.348095,1.6519050598144531,1.6519050598144531
2020-04-13,Delhi,63.2,69.479324,-6.27932434082031,6.27932434082031
2020-04-14,Delhi,63.8,69.479324,-5.679324340820315,5.679324340820315
2020-04-15,Delhi,63.3,69.34853,-6.048533630371097,6.048533630371097
2020-04-16,Delhi,64.0,69.392,-5.391998291015625,5.391998291015625
2020-04-17,Delhi,59.8,69.02254,-9.222537231445315,9.222537231445315
2020-04-18,Delhi,58.1,66.90284,-8.80283966064453,8.80283966064453
2020-04-19,Delhi,69.1,62.981037,6.118962860107416,6.118962860107416
2020-04-20,Delhi,69.4,73.59546,-4.195458984374994,4.195458984374994
2020-04-21,Delhi,69.1,72.13979,-3.0397933959960994,3.0397933959960994
2020-04-22,Delhi,68.7,71.06224,-2.3622406005859347,2.3622406005859347
2020-04-23,Delhi,70.0,71.06224,-1.0622406005859375,1.0622406005859375
2020-04-24,Delhi,65.8,71.44726,-5.647257995605472,5.647257995605472
2020-04-25,Delhi,63.1,67.833565,-4.73356475830078,4.73356475830078
2020-04-26,Delhi,135.5,69.22132,66.27867889404297,66.27867889404297
2020-04-27,Delhi,131.8,131.9809,-0.18089599609373863,0.18089599609373863
2020-04-28,Delhi,131.2,126.915146,4.284854125976551,4.284854125976551
2020-04-29,Delhi,134.4,127.35939,7.040609741210943,7.040609741210943
2020-04-30,Delhi,129.2,129.13606,0.06393737792967613,0.06393737792967613
2020-05-01,Delhi,129.0,118.382866,10.617134094238281,10.617134094238281
2020-05-02,Delhi,123.8,123.30549,0.4945114135742159,0.4945114135742159
2020-05-03,Delhi,64.8,87.44873,-22.648730468750003,22.648730468750003
2020-05-04,Delhi,61.2,66.87989,-5.679890441894528,5.679890441894528
2020-05-05,Delhi,65.8,66.81311,-1.0131103515625028,1.0131103515625028
2020-05-13,Delhi,68.5,66.33962,2.1603775024414062,2.1603775024414062
2020-05-14,Delhi,65.7,68.35661,-2.6566131591796847,2.6566131591796847
2020-05-15,Delhi,71.8,65.665,6.134999084472653,6.134999084472653
2020-05-16,Delhi,75.0,70.58379,4.416206359863281,4.416206359863281
2020-05-17,Delhi,70.7,80.31621,-9.616207885742185,9.616207885742185
2020-05-18,Delhi,69.8,75.06903,-5.269030761718753,5.269030761718753
2020-05-19,Delhi,71.7,75.103745,-3.4037445068359347,3.4037445068359347
2020-05-20,Delhi,70.7,72.81423,-2.114231872558591,2.114231872558591
2020-05-21,Delhi,73.4,72.531784,0.8682159423828182,0.8682159423828182
2020-05-22,Delhi,62.0,75.77235,-13.772346496582031,13.772346496582031
2020-05-23,Delhi,72.1,69.14845,2.951547241210932,2.951547241210932
2020-06-01,Delhi,60.8,74.889015,-14.089015197753909,14.089015197753909
2020-06-02,Delhi,62.5,68.751976,-6.251976013183594,6.251976013183594
2020-06-03,Delhi,62.6,69.48048,-6.88047637939453,6.88047637939453
2020-06-04,Delhi,63.5,69.48048,-5.980476379394531,5.980476379394531
2020-06-05,Delhi,65.0,69.22396,-4.223960876464844,4.223960876464844
2020-07-01,Delhi,62.0,70.42298,-8.422981262207031,8.422981262207031
2020-07-02,Delhi,59.3,69.51824,-10.218241882324222,10.218241882324222
2020-07-03,Delhi,122.8,67.71182,55.08817749023437,55.08817749023437
2020-07-04,Delhi,129.2,123.85677,5.343226623535145,5.343226623535145
2020-07-05,Delhi,130.3,125.474655,4.825344848632824,4.825344848632824
2020-08-01,Delhi,128.7,123.60933,5.090670776367176,5.090670776367176
2020-08-02,Delhi,128.5,123.76786,4.732139587402344,4.732139587402344
2020-08-03,Delhi,122.2,123.74956,-1.5495574951171847,1.5495574951171847
2020-08-04,Delhi,116.7,118.74045,-2.040447998046872,2.040447998046872
2020-08-05,Delhi,61.5,79.67394,-18.17394256591797,18.17394256591797
2020-09-01,Delhi,62.8,61.87696,0.9230392456054659,0.9230392456054659
2020-09-02,Delhi,63.9,63.254223,0.6457771301269517,0.6457771301269517
2020-09-03,Delhi,62.9,65.29438,-2.3943801879882827,2.3943801879882827
2020-09-04,Delhi,64.4,66.08911,-1.6891113281249943,1.6891113281249943
2020-09-05,Delhi,59.9,66.08911,-6.189111328125001,6.189111328125001
2020-10-01,Delhi,58.2,62.694733,-4.494732666015622,4.494732666015622
2020-10-02,Delhi,145.2,84.76418,60.435816955566395,60.435816955566395
2020-10-03,Delhi,147.1,146.02057,1.0794311523437443,1.0794311523437443
2020-10-04,Delhi,145.3,144.1368,1.1632049560546989,1.1632049560546989
2020-10-05,Delhi,139.2,144.36737,-5.167370605468761,5.167370605468761
2020-11-01,Delhi,126.4,124.52167,1.8783325195312557,1.8783325195312557
2020-11-02,Delhi,122.3,120.70623,1.5937698364257784,1.5937698364257784
2020-11-03,Delhi,119.6,111.330055,8.269944763183588,8.269944763183588
2020-11-04,Delhi,72.0,94.499725,-22.499725341796875,22.499725341796875
2020-11-05,Delhi,75.0,65.940346,9.059654235839844,9.059654235839844
2020-12-01,Delhi,77.3,73.10776,4.192242431640622,4.192242431640622
2020-12-02,Delhi,81.3,76.25463,5.045368957519528,5.045368957519528
2020-12-03,Delhi,85.6,82.76493,2.835069274902338,2.835069274902338
2020-12-04,Delhi,83.9,84.519615,-0.6196151733398381,0.6196151733398381
2020-12-05,Delhi,83.6,84.077675,-0.47767486572266193,0.47767486572266193
2020-02-28,Goa,10.7,10.259383,0.4406167984008782,0.4406167984008782
2020-02-29,Goa,11.2,11.457182,-0.2571819305419929,0.2571819305419929
2020-03-01,Goa,12.7,11.236681,1.463319015502929,1.463319015502929
2020-03-02,Goa,11.0,12.80105,-1.8010501861572266,1.8010501861572266
2020-03-03,Goa,10.4,11.387009,-0.9870086669921871,0.9870086669921871
2020-03-04,Goa,13.5,11.012618,2.487381935119629,2.487381935119629
2020-03-05,Goa,13.4,13.427491,-0.02749118804931605,0.02749118804931605
2020-03-13,Goa,13.6,12.319347,1.2806526184082028,1.2806526184082028
2020-03-14,Goa,12.2,12.4402895,-0.240289497375489,0.240289497375489
2020-03-15,Goa,10.0,12.115245,-2.1152448654174805,2.1152448654174805
2020-03-16,Goa,10.0,11.137808,-1.137807846069336,1.137807846069336
2020-03-17,Goa,10.5,10.676368,-0.17636775970458984,0.17636775970458984
2020-03-18,Goa,11.6,10.598855,1.001144981384277,1.001144981384277
2020-03-19,Goa,11.6,11.83862,-0.23862018585205114,0.23862018585205114
2020-03-20,Goa,11.6,11.718705,-0.11870517730712926,0.11870517730712926
2020-03-21,Goa,11.6,11.766526,-0.16652622222900426,0.16652622222900426
2020-03-22,Goa,6.8,11.99952,-5.199520301818848,5.199520301818848
2020-03-23,Goa,7.4,7.790414,-0.3904138565063473,0.3904138565063473
2020-03-24,Goa,7.3,8.253823,-0.9538232803344728,0.9538232803344728
2020-03-25,Goa,7.2,8.14407,-0.9440696716308592,0.9440696716308592
2020-03-26,Goa,7.2,7.870221,-0.6702211380004881,0.6702211380004881
2020-03-27,Goa,6.6,7.8312006,-1.2312005996704105,1.2312005996704105
2020-03-28,Goa,6.9,8.714584,-1.8145843505859371,1.8145843505859371
2020-03-29,Goa,12.1,10.145378,1.954621887207031,1.954621887207031
2020-03-30,Goa,12.7,11.544842,1.1551582336425774,1.1551582336425774
2020-03-31,Goa,12.7,14.47826,-1.7782600402832038,1.7782600402832038
2020-04-01,Goa,12.7,12.793279,-0.09327869415283274,0.09327869415283274
2020-04-02,Goa,12.6,13.01825,-0.41825046539306676,0.41825046539306676
2020-04-03,Goa,12.2,13.00046,-0.8004596710205085,0.8004596710205085
2020-04-04,Goa,12.2,12.95447,-0.7544696807861335,0.7544696807861335
2020-04-05,Goa,11.1,12.505393,-1.4053930282592777,1.4053930282592777
2020-04-13,Goa,11.1,11.0774355,0.022564506530761363,0.022564506530761363
2020-04-14,Goa,11.1,11.0774355,0.022564506530761363,0.022564506530761363
2020-04-15,Goa,11.1,10.702356,0.3976436614990231,0.3976436614990231
2020-04-16,Goa,12.1,10.950831,1.1491685867309567,1.1491685867309567
2020-04-17,Goa,9.9,12.215498,-2.3154979705810543,2.3154979705810543
2020-04-18,Goa,9.5,10.097077,-0.5970773696899414,0.5970773696899414
2020-04-19,Goa,10.8,10.310214,0.4897859573364265,0.4897859573364265
2020-04-20,Goa,11.7,11.089556,0.610444259643554,0.610444259643554
2020-04-21,Goa,12.3,12.076907,0.2230928421020515,0.2230928421020515
2020-04-22,Goa,12.3,12.4312725,-0.13127250671386648,0.13127250671386648
2020-04-23,Goa,12.3,12.4312725,-0.13127250671386648,0.13127250671386648
2020-04-24,Goa,12.3,12.3113575,-0.011357498168944602,0.011357498168944602
2020-04-25,Goa,12.3,12.27576,0.024240303039551492,0.024240303039551492
2020-04-26,Goa,12.3,12.409391,-0.10939140319824148,0.10939140319824148
2020-04-27,Goa,12.3,12.195047,0.10495262145996165,0.10495262145996165
2020-04-28,Goa,12.0,12.167941,-0.16794109344482422,0.16794109344482422
2020-04-29,Goa,11.9,12.144426,-0.24442634582519496,0.24442634582519496
2020-04-30,Goa,11.9,11.101063,0.7989372253417972,0.7989372253417972
2020-05-01,Goa,11.9,11.96993,-0.06992969512939418,0.06992969512939418
2020-05-02,Goa,11.9,12.194901,-0.29490146636962855,0.29490146636962855
2020-05-03,Goa,9.4,12.128267,-2.7282672882080075,2.7282672882080075
2020-05-04,Goa,10.5,10.583109,-0.08310890197753906,0.08310890197753906
2020-05-05,Goa,10.6,11.081282,-0.48128166198730504,0.48128166198730504
2020-05-13,Goa,10.4,11.00328,-0.6032796859741207,0.6032796859741207
2020-05-14,Goa,10.6,10.703045,-0.10304489135742223,0.10304489135742223
2020-05-15,Goa,10.6,10.650367,-0.0503667831420902,0.0503667831420902
2020-05-16,Goa,10.4,10.898842,-0.4988418579101559,0.4988418579101559
2020-05-17,Goa,9.5,11.438577,-1.9385766983032227,1.9385766983032227
2020-05-18,Goa,10.0,10.316251,-0.3162508010864258,0.3162508010864258
2020-05-19,Goa,10.0,10.814424,-0.8144235610961914,0.8144235610961914
2020-05-20,Goa,9.8,10.740268,-0.9402677536010735,0.9402677536010735
2020-05-21,Goa,9.6,10.289916,-0.689916038513184,0.689916038513184
2020-05-22,Goa,9.6,10.144898,-0.5448984146118168,0.5448984146118168
2020-05-23,Goa,8.3,10.144898,-1.8448984146118157,1.8448984146118157
2020-06-01,Goa,12.4,9.962084,2.43791618347168,2.43791618347168
2020-06-02,Goa,12.4,12.737316,-0.3373161315917965,0.3373161315917965
2020-06-03,Goa,12.4,12.66316,-0.26316032409667933,0.26316032409667933
2020-06-04,Goa,12.4,12.66316,-0.26316032409667933,0.26316032409667933
2020-06-05,Goa,12.5,12.371936,0.12806415557861328,0.12806415557861328
2020-07-01,Goa,12.3,12.529962,-0.22996158599853445,0.22996158599853445
2020-07-02,Goa,12.3,12.708943,-0.4089433670043938,0.4089433670043938
2020-07-03,Goa,8.8,12.366323,-3.5663234710693352,3.5663234710693352
2020-07-04,Goa,8.8,9.553029,-0.7530290603637688,0.7530290603637688
2020-07-05,Goa,8.8,9.4984455,-0.6984455108642571,0.6984455108642571
2020-08-01,Goa,10.2,9.828293,0.3717071533203118,0.3717071533203118
2020-08-02,Goa,10.2,10.92512,-0.7251203536987312,0.7251203536987312
2020-08-03,Goa,10.2,11.074075,-0.8740747451782234,0.8740747451782234
2020-08-04,Goa,10.2,11.074075,-0.8740747451782234,0.8740747451782234
2020-08-05,Goa,10.9,10.999919,-0.09991893768310511,0.09991893768310511
2020-09-01,Goa,11.0,11.149338,-0.1493377685546875,0.1493377685546875
2020-09-02,Goa,11.0,11.300154,-0.3001537322998047,0.3001537322998047
2020-09-03,Goa,10.4,11.300154,-0.9001537322998043,0.9001537322998043
2020-09-04,Goa,10.4,10.979704,-0.5797039031982418,0.5797039031982418
2020-09-05,Goa,10.4,10.979704,-0.5797039031982418,0.5797039031982418
2020-10-01,Goa,9.2,10.268794,-1.0687940597534187,1.0687940597534187
2020-10-02,Goa,10.0,9.975378,0.024621963500976562,0.024621963500976562
2020-10-03,Goa,10.0,10.473551,-0.47355079650878906,0.47355079650878906
2020-10-04,Goa,10.0,10.418967,-0.41896724700927734,0.41896724700927734
2020-10-05,Goa,10.0,10.567922,-0.5679216384887695,0.5679216384887695
2020-11-01,Goa,10.0,9.00573,0.9942703247070312,0.9942703247070312
2020-11-02,Goa,10.0,10.22492,-0.22492027282714844,0.22492027282714844
2020-11-03,Goa,10.5,10.22492,0.27507972717285156,0.27507972717285156
2020-11-04,Goa,12.0,10.150764,1.8492355346679688,1.8492355346679688
2020-11-05,Goa,12.0,11.819051,0.18094921112060547,0.18094921112060547
2020-12-01,Goa,12.0,11.836944,0.1630563735961914,0.1630563735961914
2020-12-02,Goa,12.0,11.994209,0.00579071044921875,0.00579071044921875
2020-12-03,Goa,12.0,12.243363,-0.2433633804321289,0.2433633804321289
2020-12-04,Goa,12.0,12.223148,-0.22314834594726562,0.22314834594726562
2020-12-05,Goa,12.0,12.171753,-0.1717529296875,0.1717529296875
2020-02-28,Gujarat,370.7,368.67282,2.0271789550781136,2.0271789550781136
2020-02-29,Gujarat,364.2,354.64322,9.556781005859364,9.556781005859364
2020-03-01,Gujarat,318.9,336.25858,-17.358575439453148,17.358575439453148
2020-03-02,Gujarat,324.5,312.62833,11.871673583984375,11.871673583984375
2020-03-03,Gujarat,320.9,319.27872,1.6212829589843523,1.6212829589843523
2020-03-04,Gujarat,317.8,321.33508,-3.5350830078124886,3.5350830078124886
2020-03-05,Gujarat,313.9,319.8701,-5.970086669921898,5.970086669921898
2020-03-13,Gujarat,327.6,317.99945,9.600549316406273,9.600549316406273
2020-03-14,Gujarat,326.9,330.06516,-3.1651550292968977,3.1651550292968977
2020-03-15,Gujarat,322.7,326.01263,-3.3126342773437614,3.3126342773437614
2020-03-16,Gujarat,321.8,329.8054,-8.005389404296864,8.005389404296864
2020-03-17,Gujarat,305.1,329.8904,-24.790411376953102,24.790411376953102
2020-03-18,Gujarat,331.7,306.98056,24.719439697265614,24.719439697265614
2020-03-19,Gujarat,340.4,330.94397,9.456030273437477,9.456030273437477
2020-03-20,Gujarat,344.5,339.1458,5.35418701171875,5.35418701171875
2020-03-21,Gujarat,354.4,344.0634,10.336614990234352,10.336614990234352
2020-03-22,Gujarat,231.4,351.29697,-119.89696655273437,119.89696655273437
2020-03-23,Gujarat,240.2,259.68655,-19.486553955078136,19.486553955078136
2020-03-24,Gujarat,242.8,249.51768,-6.717684936523426,6.717684936523426
2020-03-25,Gujarat,241.1,250.33646,-9.23645629882813,9.23645629882813
2020-03-26,Gujarat,243.8,240.43845,3.3615539550781364,3.3615539550781364
2020-03-27,Gujarat,246.0,249.10365,-3.1036529541015625,3.1036529541015625
2020-03-28,Gujarat,247.4,269.47867,-22.07866821289062,22.07866821289062
2020-03-29,Gujarat,284.8,279.92505,4.874951171875011,4.874951171875011
2020-03-30,Gujarat,289.3,293.38974,-4.089739990234364,4.089739990234364
2020-03-31,Gujarat,293.8,297.52618,-3.7261840820312386,3.7261840820312386
2020-04-01,Gujarat,285.2,279.87936,5.320635986328114,5.320635986328114
2020-04-02,Gujarat,285.4,288.23224,-2.8322387695312727,2.8322387695312727
2020-04-03,Gujarat,292.8,286.86807,5.931927490234386,5.931927490234386
2020-04-04,Gujarat,287.8,286.86807,0.9319274902343864,0.9319274902343864
2020-04-05,Gujarat,317.1,284.83426,32.2657409667969,32.2657409667969
2020-04-13,Gujarat,327.0,316.63443,10.365570068359375,10.365570068359375
2020-04-14,Gujarat,330.1,322.11078,7.989221191406273,7.989221191406273
2020-04-15,Gujarat,336.8,329.6535,7.146496582031261,7.146496582031261
2020-04-16,Gujarat,337.4,333.2948,4.105200195312477,4.105200195312477
2020-04-17,Gujarat,332.8,330.5456,2.2544067382812614,2.2544067382812614
2020-04-18,Gujarat,325.8,329.82697,-4.026965332031239,4.026965332031239
2020-04-19,Gujarat,326.3,330.0252,-3.7252075195312386,3.7252075195312386
2020-04-20,Gujarat,332.1,330.69302,1.4069763183593977,1.4069763183593977
2020-04-21,Gujarat,327.1,339.60587,-12.505865478515602,12.505865478515602
2020-04-22,Gujarat,320.1,331.03555,-10.935552978515602,10.935552978515602
2020-04-23,Gujarat,320.1,331.03555,-10.935552978515602,10.935552978515602
2020-04-24,Gujarat,314.9,329.4986,-14.598596191406273,14.598596191406273
2020-04-25,Gujarat,301.0,328.42996,-27.429962158203125,27.429962158203125
2020-04-26,Gujarat,390.7,310.42093,80.27907104492186,80.27907104492186
2020-04-27,Gujarat,394.8,383.74957,11.050427246093761,11.050427246093761
2020-04-28,Gujarat,387.9,375.10202,12.797979736328102,12.797979736328102
2020-04-29,Gujarat,395.0,380.01624,14.9837646484375,14.9837646484375
2020-04-30,Gujarat,400.8,374.53842,26.261578369140636,26.261578369140636
2020-05-01,Gujarat,398.1,377.2476,20.852410888671898,20.852410888671898
2020-05-02,Gujarat,387.1,373.82123,13.278771972656273,13.278771972656273
2020-05-03,Gujarat,289.9,348.88983,-58.98983154296877,58.98983154296877
2020-05-04,Gujarat,294.1,289.97708,4.122918701171898,4.122918701171898
2020-05-05,Gujarat,294.8,284.31793,10.482067871093761,10.482067871093761
2020-05-13,Gujarat,300.2,302.34338,-2.1433837890625114,2.1433837890625114
2020-05-14,Gujarat,303.6,302.2859,1.3141113281250227,1.3141113281250227
2020-05-15,Gujarat,304.0,307.33322,-3.333221435546875,3.333221435546875
2020-05-16,Gujarat,302.8,306.79074,-3.9907409667968636,3.9907409667968636
2020-05-17,Gujarat,332.1,326.83783,5.262170410156273,5.262170410156273
2020-05-18,Gujarat,333.9,336.49548,-2.5954833984375227,2.5954833984375227
2020-05-19,Gujarat,332.6,335.6242,-3.0242065429687273,3.0242065429687273
2020-05-20,Gujarat,337.0,335.55005,1.449951171875,1.449951171875
2020-05-21,Gujarat,337.3,335.74976,1.5502441406250114,1.5502441406250114
2020-05-22,Gujarat,333.9,330.48212,3.4178833007812273,3.4178833007812273
2020-05-23,Gujarat,318.9,330.203,-11.303002929687523,11.303002929687523
2020-06-01,Gujarat,330.3,315.56427,14.735729980468761,14.735729980468761
2020-06-02,Gujarat,331.3,326.6662,4.633801269531261,4.633801269531261
2020-06-03,Gujarat,330.8,326.93115,3.8688476562500114,3.8688476562500114
2020-06-04,Gujarat,336.3,328.25912,8.040875244140636,8.040875244140636
2020-06-05,Gujarat,331.9,327.7798,4.120214843749977,4.120214843749977
2020-07-01,Gujarat,325.8,328.8306,-3.0305969238281136,3.0305969238281136
2020-07-02,Gujarat,312.0,318.43546,-6.435455322265625,6.435455322265625
2020-07-03,Gujarat,289.7,313.21527,-23.51527099609376,23.51527099609376
2020-07-04,Gujarat,297.9,289.03827,8.861730957031227,8.861730957031227
2020-07-05,Gujarat,296.8,305.03717,-8.237170410156239,8.237170410156239
2020-08-01,Gujarat,288.7,300.35248,-11.652478027343761,11.652478027343761
2020-08-02,Gujarat,292.4,289.2986,3.1013854980468523,3.1013854980468523
2020-08-03,Gujarat,294.3,289.35123,4.948773193359386,4.948773193359386
2020-08-04,Gujarat,276.3,286.03394,-9.733935546874989,9.733935546874989
2020-08-05,Gujarat,360.1,287.34848,72.75151977539065,72.75151977539065
2020-09-01,Gujarat,363.1,343.42636,19.673638916015648,19.673638916015648
2020-09-02,Gujarat,356.5,360.15607,-3.65606689453125,3.65606689453125
2020-09-03,Gujarat,354.3,343.53326,10.766735839843761,10.766735839843761
2020-09-04,Gujarat,345.3,350.1666,-4.866595458984364,4.866595458984364
2020-09-05,Gujarat,344.0,345.94894,-1.948944091796875,1.948944091796875
2020-10-01,Gujarat,335.6,336.10132,-0.5013183593749773,0.5013183593749773
2020-10-02,Gujarat,330.7,311.24457,19.45543212890624,19.45543212890624
2020-10-03,Gujarat,339.0,328.63058,10.369415283203125,10.369415283203125
2020-10-04,Gujarat,331.1,338.911,-7.811010742187477,7.811010742187477
2020-10-05,Gujarat,318.1,327.21878,-9.118780517578102,9.118780517578102
2020-11-01,Gujarat,322.7,316.8858,5.814196777343739,5.814196777343739
2020-11-02,Gujarat,321.8,316.7179,5.082104492187511,5.082104492187511
2020-11-03,Gujarat,305.1,316.48676,-11.386755371093727,11.386755371093727
2020-11-04,Gujarat,359.3,304.69614,54.603863525390636,54.603863525390636
2020-11-05,Gujarat,366.9,344.7367,22.163305664062477,22.163305664062477
2020-12-01,Gujarat,370.5,355.0039,15.49609375,15.49609375
2020-12-02,Gujarat,377.4,358.56195,18.838049316406227,18.838049316406227
2020-12-03,Gujarat,379.8,372.4274,7.372601318359386,7.372601318359386
2020-12-04,Gujarat,377.2,368.43234,8.767657470703114,8.767657470703114
2020-12-05,Gujarat,362.5,363.2186,-0.718597412109375,0.718597412109375
2020-02-28,HP,28.6,27.426674,1.1733261108398452,1.1733261108398452
2020-02-29,HP,25.8,28.901844,-3.1018440246582024,3.1018440246582024
2020-03-01,HP,30.8,25.768858,5.0311420440673835,5.0311420440673835
2020-03-02,HP,31.3,30.371159,0.9288414001464851,0.9288414001464851
2020-03-03,HP,27.9,31.251837,-3.3518367767334,3.3518367767334
2020-03-04,HP,28.8,27.502172,1.2978275299072273,1.2978275299072273
2020-03-05,HP,30.2,28.31634,1.8836605072021477,1.8836605072021477
2020-03-13,HP,30.3,28.464293,1.8357074737548835,1.8357074737548835
2020-03-14,HP,28.4,28.585234,-0.1852336883544936,0.1852336883544936
2020-03-15,HP,29.9,27.56185,2.3381504058837876,2.3381504058837876
2020-03-16,HP,29.9,29.387085,0.5129150390624986,0.5129150390624986
2020-03-17,HP,25.0,28.925648,-3.925647735595703,3.925647735595703
2020-03-18,HP,28.1,24.983694,3.1163059234619155,3.1163059234619155
2020-03-19,HP,28.2,27.050013,1.1499874114990227,1.1499874114990227
2020-03-20,HP,29.8,27.539248,2.260752487182618,2.260752487182618
2020-03-21,HP,29.0,28.708363,0.2916374206542969,0.2916374206542969
2020-03-22,HP,11.9,28.204647,-16.304647064208986,16.304647064208986
2020-03-23,HP,12.4,16.020535,-3.620534515380859,3.620534515380859
2020-03-24,HP,12.6,13.53023,-0.9302295684814457,0.9302295684814457
2020-03-25,HP,13.3,13.358879,-0.05887908935546804,0.05887908935546804
2020-03-26,HP,13.1,13.515452,-0.4154523849487308,0.4154523849487308
2020-03-27,HP,13.2,13.407358,-0.20735816955566477,0.20735816955566477
2020-03-28,HP,13.0,19.040237,-6.0402374267578125,6.0402374267578125
2020-03-29,HP,26.4,18.142502,8.257498168945311,8.257498168945311
2020-03-30,HP,27.2,24.595535,2.604464721679687,2.604464721679687
2020-03-31,HP,27.9,29.405088,-1.5050884246826186,1.5050884246826186
2020-04-01,HP,26.5,27.755472,-1.255472183227539,1.255472183227539
2020-04-02,HP,27.2,27.06793,0.1320697784423821,0.1320697784423821
2020-04-03,HP,27.4,27.477856,-0.0778556823730483,0.0778556823730483
2020-04-04,HP,25.9,27.477856,-1.5778556823730483,1.5778556823730483
2020-04-05,HP,27.7,25.676264,2.0237361907958977,2.0237361907958977
2020-04-13,HP,28.2,27.321125,0.8788749694824212,0.8788749694824212
2020-04-14,HP,29.3,28.135292,1.1647079467773445,1.1647079467773445
2020-04-15,HP,28.2,28.15789,0.04210968017578054,0.04210968017578054
2020-04-16,HP,28.7,28.008688,0.6913120269775384,0.6913120269775384
2020-04-17,HP,28.0,27.956697,0.04330253601074219,0.04330253601074219
2020-04-18,HP,25.1,27.139174,-2.0391735076904283,2.0391735076904283
2020-04-19,HP,29.0,25.545591,3.454408645629883,3.454408645629883
2020-04-20,HP,30.4,28.54509,1.854910278320311,1.854910278320311
2020-04-21,HP,29.7,30.10822,-0.40821914672851634,0.40821914672851634
2020-04-22,HP,26.2,29.242373,-3.0423725128173835,3.0423725128173835
2020-04-23,HP,26.2,25.82939,0.3706104278564446,0.3706104278564446
2020-04-24,HP,28.6,25.456839,3.1431613922119155,3.1431613922119155
2020-04-25,HP,27.6,27.885866,-0.2858661651611314,0.2858661651611314
2020-04-26,HP,30.3,27.358927,2.9410732269287116,2.9410732269287116
2020-04-27,HP,28.1,29.884832,-1.784832382202147,1.784832382202147
2020-04-28,HP,30.4,27.062897,3.3371032714843736,3.3371032714843736
2020-04-29,HP,29.0,30.111582,-1.111581802368164,1.111581802368164
2020-04-30,HP,30.6,27.86236,2.73763999938965,2.73763999938965
2020-05-01,HP,30.1,30.043592,0.056407546997071734,0.056407546997071734
2020-05-02,HP,26.8,30.098005,-3.298005294799804,3.298005294799804
2020-05-03,HP,16.1,26.639618,-10.539617919921874,10.539617919921874
2020-05-04,HP,17.6,20.015236,-2.415235900878905,2.415235900878905
2020-05-05,HP,18.4,19.078838,-0.6788383483886733,0.6788383483886733
2020-05-13,HP,19.9,18.931488,0.9685119628906236,0.9685119628906236
2020-05-14,HP,17.4,21.192621,-3.792621231079103,3.792621231079103
2020-05-15,HP,19.2,19.778053,-0.578053283691407,0.578053283691407
2020-05-16,HP,19.6,20.865608,-1.2656082153320298,1.2656082153320298
2020-05-17,HP,30.2,21.746696,8.45330352783203,8.45330352783203
2020-05-18,HP,30.7,29.787262,0.9127380371093743,0.9127380371093743
2020-05-19,HP,30.1,30.473358,-0.3733581542968736,0.3733581542968736
2020-05-20,HP,30.5,30.399202,0.10079765319824219,0.10079765319824219
2020-05-21,HP,31.1,30.379347,0.7206531524658217,0.7206531524658217
2020-05-22,HP,30.3,30.897083,-0.5970832824707024,0.5970832824707024
2020-05-23,HP,27.5,30.016405,-2.5164051055908203,2.5164051055908203
2020-06-01,HP,28.3,28.089722,0.2102783203125007,0.2102783203125007
2020-06-02,HP,28.4,28.18525,0.21475067138671733,0.21475067138671733
2020-06-03,HP,29.6,28.111094,1.4889064788818374,1.4889064788818374
2020-06-04,HP,29.9,29.300064,0.5999359130859361,0.5999359130859361
2020-06-05,HP,30.4,29.008837,1.3911632537841783,1.3911632537841783
2020-07-01,HP,30.0,30.040388,-0.04038810729980469,0.04038810729980469
2020-07-02,HP,26.4,29.303108,-2.9031082153320327,2.9031082153320327
2020-07-03,HP,29.5,25.393883,4.106117248535156,4.106117248535156
2020-07-04,HP,30.7,28.220589,2.479411315917968,2.479411315917968
2020-07-05,HP,30.7,29.803574,0.8964263916015618,0.8964263916015618
2020-08-01,HP,29.9,29.979431,-0.07943115234375142,0.07943115234375142
2020-08-02,HP,30.8,29.242151,1.5578487396240241,1.5578487396240241
2020-08-03,HP,31.1,29.996645,1.1033550262451186,1.1033550262451186
2020-08-04,HP,28.2,30.877323,-2.6773231506347663,2.6773231506347663
2020-08-05,HP,27.5,27.941826,-0.44182586669921875,0.44182586669921875
2020-09-01,HP,28.4,26.902239,1.4977611541748033,1.4977611541748033
2020-09-02,HP,28.2,27.941826,0.25817413330078054,0.25817413330078054
2020-09-03,HP,29.4,27.941826,1.4581741333007798,1.4581741333007798
2020-09-04,HP,29.6,28.45086,1.1491409301757827,1.1491409301757827
2020-09-05,HP,30.5,29.242151,1.2578487396240234,1.2578487396240234
2020-10-01,HP,27.5,29.688341,-2.1883411407470703,2.1883411407470703
2020-10-02,HP,29.6,26.814116,2.7858844757080092,2.7858844757080092
2020-10-03,HP,30.6,29.062416,1.5375839233398452,1.5375839233398452
2020-10-04,HP,31.8,29.854109,1.945891189575196,1.945891189575196
2020-10-05,HP,30.0,30.697588,-0.6975879669189453,0.6975879669189453
2020-11-01,HP,29.9,26.069431,3.830568695068358,3.830568695068358
2020-11-02,HP,29.9,28.735594,1.1644062042236314,1.1644062042236314
2020-11-03,HP,25.0,28.735594,-3.735593795776367,3.735593795776367
2020-11-04,HP,24.9,24.8636,0.03640022277831889,0.03640022277831889
2020-11-05,HP,24.7,24.8636,-0.1635997772216804,0.1635997772216804
2020-12-01,HP,25.4,24.555946,0.8440536499023423,0.8440536499023423
2020-12-02,HP,25.8,25.285204,0.5147960662841804,0.5147960662841804
2020-12-03,HP,26.2,25.534359,0.6656410217285149,0.6656410217285149
2020-12-04,HP,27.0,25.579111,1.420888900756836,1.420888900756836
2020-12-05,HP,24.3,26.948809,-2.6488086700439446,2.6488086700439446
2020-02-28,Haryana,162.0,157.09213,4.907867431640625,4.907867431640625
2020-02-29,Haryana,158.8,157.84631,0.9536865234375114,0.9536865234375114
2020-03-01,Haryana,125.7,163.9264,-38.22640686035156,38.22640686035156
2020-03-02,Haryana,124.7,123.31197,1.388026428222659,1.388026428222659
2020-03-03,Haryana,120.2,123.967186,-3.767185974121091,3.767185974121091
2020-03-04,Haryana,126.5,122.62651,3.8734893798828125,3.8734893798828125
2020-03-05,Haryana,129.7,125.47784,4.22216339111327,4.22216339111327
2020-03-13,Haryana,128.5,122.06547,6.434532165527344,6.434532165527344
2020-03-14,Haryana,114.1,119.66145,-5.561453247070318,5.561453247070318
2020-03-15,Haryana,205.8,124.028824,81.77117614746095,81.77117614746095
2020-03-16,Haryana,210.4,206.08443,4.315573120117193,4.315573120117193
2020-03-17,Haryana,199.5,204.98021,-5.4802093505859375,5.4802093505859375
2020-03-18,Haryana,214.9,195.0941,19.805899047851568,19.805899047851568
2020-03-19,Haryana,207.9,208.83015,-0.9301544189453068,0.9301544189453068
2020-03-20,Haryana,210.1,202.38785,7.712152099609369,7.712152099609369
2020-03-21,Haryana,214.6,203.68202,10.917977905273432,10.917977905273432
2020-03-22,Haryana,74.2,157.1742,-82.9741943359375,82.9741943359375
2020-03-23,Haryana,75.8,70.54505,5.254948425292966,5.254948425292966
2020-03-24,Haryana,73.2,78.570244,-5.370243835449216,5.370243835449216
2020-03-25,Haryana,70.3,73.7151,-3.4151031494140653,3.4151031494140653
2020-03-26,Haryana,73.8,68.589355,5.210644531249997,5.210644531249997
2020-03-27,Haryana,76.7,71.53324,5.166758728027347,5.166758728027347
2020-03-28,Haryana,79.3,81.74348,-2.443476867675784,2.443476867675784
2020-03-29,Haryana,115.6,120.25247,-4.652471923828131,4.652471923828131
2020-03-30,Haryana,118.0,121.54476,-3.5447616577148438,3.5447616577148438
2020-03-31,Haryana,119.6,128.44421,-8.844213867187506,8.844213867187506
2020-04-01,Haryana,112.8,122.75995,-9.959948730468753,9.959948730468753
2020-04-02,Haryana,114.7,122.20661,-7.506611633300778,7.506611633300778
2020-04-03,Haryana,114.3,114.83356,-0.5335571289062528,0.5335571289062528
2020-04-04,Haryana,102.6,112.34036,-9.74036254882813,9.74036254882813
2020-04-05,Haryana,107.6,99.980644,7.619355773925776,7.619355773925776
2020-04-13,Haryana,116.5,104.20662,12.293380737304688,12.293380737304688
2020-04-14,Haryana,121.2,106.26835,14.931651306152347,14.931651306152347
2020-04-15,Haryana,125.1,111.99587,13.1041275024414,13.1041275024414
2020-04-16,Haryana,125.6,121.201485,4.398515319824213,4.398515319824213
2020-04-17,Haryana,124.3,121.30336,2.9966400146484347,2.9966400146484347
2020-04-18,Haryana,116.8,127.34136,-10.541361999511722,10.541361999511722
2020-04-19,Haryana,123.4,124.04303,-0.6430297851562443,0.6430297851562443
2020-04-20,Haryana,126.5,133.48941,-6.989410400390625,6.989410400390625
2020-04-21,Haryana,125.3,132.49944,-7.19943542480469,7.19943542480469
2020-04-22,Haryana,129.7,131.43361,-1.7336090087890739,1.7336090087890739
2020-04-23,Haryana,115.0,132.01753,-17.017532348632812,17.017532348632812
2020-04-24,Haryana,120.0,127.14344,-7.143440246582031,7.143440246582031
2020-04-25,Haryana,111.6,129.1052,-17.50519409179688,17.50519409179688
2020-04-26,Haryana,189.3,117.03156,72.26843719482423,72.26843719482423
2020-04-27,Haryana,184.2,185.36499,-1.1649902343750114,1.1649902343750114
2020-04-28,Haryana,189.4,179.32622,10.073782348632818,10.073782348632818
2020-04-29,Haryana,185.1,186.14972,-1.0497192382812557,1.0497192382812557
2020-04-30,Haryana,183.5,185.90436,-2.40435791015625,2.40435791015625
2020-05-01,Haryana,187.4,176.5225,10.877493286132818,10.877493286132818
2020-05-02,Haryana,179.9,184.53477,-4.634774780273432,4.634774780273432
2020-05-03,Haryana,89.5,150.18582,-60.685821533203125,60.685821533203125
2020-05-04,Haryana,91.0,97.21472,-6.2147216796875,6.2147216796875
2020-05-05,Haryana,108.2,96.26578,11.934222412109378,11.934222412109378
2020-05-13,Haryana,106.9,111.941124,-5.041123962402338,5.041123962402338
2020-05-14,Haryana,109.1,114.7415,-5.641500854492193,5.641500854492193
2020-05-15,Haryana,120.2,113.818016,6.381983947753909,6.381983947753909
2020-05-16,Haryana,126.3,121.16339,5.136608886718747,5.136608886718747
2020-05-17,Haryana,123.6,129.3061,-5.706106567382818,5.706106567382818
2020-05-18,Haryana,128.5,128.80496,-0.304962158203125,0.304962158203125
2020-05-19,Haryana,131.6,130.0614,1.5385986328124943,1.5385986328124943
2020-05-20,Haryana,131.6,134.47105,-2.871054077148443,2.871054077148443
2020-05-21,Haryana,133.0,134.20032,-1.2003173828125,1.2003173828125
2020-05-22,Haryana,131.6,136.05424,-4.454244995117193,4.454244995117193
2020-05-23,Haryana,122.9,134.93204,-12.03203735351562,12.03203735351562
2020-06-01,Haryana,109.1,133.81346,-24.713461303710943,24.713461303710943
2020-06-02,Haryana,115.8,119.88196,-4.081958007812503,4.081958007812503
2020-06-03,Haryana,118.6,119.57087,-0.9708694458007869,0.9708694458007869
2020-06-04,Haryana,119.4,122.19776,-2.7977615356445256,2.7977615356445256
2020-06-05,Haryana,121.6,120.90024,0.6997619628906193,0.6997619628906193
2020-07-01,Haryana,120.5,126.03955,-5.53955078125,5.53955078125
2020-07-02,Haryana,109.0,128.66006,-19.660064697265625,19.660064697265625
2020-07-03,Haryana,204.6,128.63467,75.96532592773437,75.96532592773437
2020-07-04,Haryana,215.7,202.94922,12.750781249999989,12.750781249999989
2020-07-05,Haryana,217.8,215.09544,2.704556274414074,2.704556274414074
2020-08-01,Haryana,208.0,212.77489,-4.7748870849609375,4.7748870849609375
2020-08-02,Haryana,209.3,204.5079,4.792095947265636,4.792095947265636
2020-08-03,Haryana,209.1,204.61865,4.481347656249994,4.481347656249994
2020-08-04,Haryana,198.2,206.63235,-8.432354736328136,8.432354736328136
2020-08-05,Haryana,110.4,159.63379,-49.233789062499994,49.233789062499994
2020-09-01,Haryana,119.5,104.43018,15.069816589355469,15.069816589355469
2020-09-02,Haryana,114.0,120.10442,-6.104423522949219,6.104423522949219
2020-09-03,Haryana,97.2,117.595985,-20.395985412597653,20.395985412597653
2020-09-04,Haryana,87.6,111.65508,-24.055082702636724,24.055082702636724
2020-09-05,Haryana,99.1,87.578125,11.521874999999994,11.521874999999994
2020-10-01,Haryana,93.2,101.484566,-8.284565734863278,8.284565734863278
2020-10-02,Haryana,228.1,128.80907,99.29093322753906,99.29093322753906
2020-10-03,Haryana,223.9,227.13036,-3.230355834960932,3.230355834960932
2020-10-04,Haryana,237.2,224.78874,12.411257934570301,12.411257934570301
2020-10-05,Haryana,208.2,235.83226,-27.63226013183595,27.63226013183595
2020-11-01,Haryana,205.8,202.31949,3.4805114746093864,3.4805114746093864
2020-11-02,Haryana,210.4,208.18413,2.215872192382818,2.215872192382818
2020-11-03,Haryana,199.5,205.94514,-6.4451446533203125,6.4451446533203125
2020-11-04,Haryana,117.9,162.66496,-44.76496276855468,44.76496276855468
2020-11-05,Haryana,124.0,112.57442,11.425582885742188,11.425582885742188
2020-12-01,Haryana,126.0,119.885086,6.1149139404296875,6.1149139404296875
2020-12-02,Haryana,127.3,122.8061,4.493901062011716,4.493901062011716
2020-12-03,Haryana,129.7,125.617905,4.082095336914051,4.082095336914051
2020-12-04,Haryana,128.4,125.461494,2.9385055541992244,2.9385055541992244
2020-12-05,Haryana,111.2,125.59562,-14.395619201660153,14.395619201660153
2020-02-28,J&K,43.4,44.66851,-1.2685104370117202,1.2685104370117202
2020-02-29,J&K,46.5,45.85115,0.6488494873046875,0.6488494873046875
2020-03-01,J&K,52.0,45.20763,6.792369842529297,6.792369842529297
2020-03-02,J&K,49.9,48.084564,1.8154357910156236,1.8154357910156236
2020-03-03,J&K,51.9,47.967514,3.932485961914061,3.932485961914061
2020-03-04,J&K,53.8,47.89336,5.906639862060544,5.906639862060544
2020-03-05,J&K,53.2,54.26129,-1.0612915039062472,1.0612915039062472
2020-03-13,J&K,52.5,52.15861,0.3413887023925781,0.3413887023925781
2020-03-14,J&K,47.6,52.279556,-4.679556274414061,4.679556274414061
2020-03-15,J&K,41.9,45.731007,-3.8310066223144545,3.8310066223144545
2020-03-16,J&K,41.0,43.61055,-2.6105499267578125,2.6105499267578125
2020-03-17,J&K,43.0,42.065784,0.9342155456542969,0.9342155456542969
2020-03-18,J&K,44.1,42.80492,1.2950798034667983,1.2950798034667983
2020-03-19,J&K,40.8,43.759083,-2.959082794189456,2.959082794189456
2020-03-20,J&K,42.0,41.650436,0.3495635986328125,0.3495635986328125
2020-03-21,J&K,42.4,42.5149,-0.11490020751953267,0.11490020751953267
2020-03-22,J&K,40.7,42.73443,-2.034428405761716,2.034428405761716
2020-03-23,J&K,40.6,41.878864,-1.2788642883300767,1.2788642883300767
2020-03-24,J&K,43.4,41.7776,1.6224006652832017,1.6224006652832017
2020-03-25,J&K,42.9,43.438656,-0.5386558532714858,0.5386558532714858
2020-03-26,J&K,41.2,42.436523,-1.2365234374999972,1.2365234374999972
2020-03-27,J&K,41.7,41.458,0.2419998168945341,0.2419998168945341
2020-03-28,J&K,43.7,43.566093,0.1339065551757841,0.1339065551757841
2020-03-29,J&K,43.6,46.705845,-3.105844879150389,3.105844879150389
2020-03-30,J&K,43.3,43.494442,-0.19444198608398722,0.19444198608398722
2020-03-31,J&K,40.1,46.32079,-6.220789337158202,6.220789337158202
2020-04-01,J&K,17.8,41.387005,-23.58700485229492,23.58700485229492
2020-04-02,J&K,18.9,21.743916,-2.8439155578613295,2.8439155578613295
2020-04-03,J&K,24.5,22.582829,1.9171714782714844,1.9171714782714844
2020-04-04,J&K,31.3,27.006376,4.2936237335205085,4.2936237335205085
2020-04-05,J&K,48.5,34.151638,14.34836196899414,14.34836196899414
2020-04-13,J&K,48.4,44.750793,3.6492065429687486,3.6492065429687486
2020-04-14,J&K,46.9,44.91561,1.9843887329101548,1.9843887329101548
2020-04-15,J&K,46.0,44.54053,1.4594688415527344,1.4594688415527344
2020-04-16,J&K,47.9,44.47623,3.423769378662108,3.423769378662108
2020-04-17,J&K,46.4,45.093323,1.3066772460937486,1.3066772460937486
2020-04-18,J&K,45.3,44.528732,0.7712677001953097,0.7712677001953097
2020-04-19,J&K,49.6,43.19078,6.409219360351564,6.409219360351564
2020-04-20,J&K,50.8,45.873177,4.926823425292966,4.926823425292966
2020-04-21,J&K,51.0,46.008965,4.991035461425781,4.991035461425781
2020-04-22,J&K,29.2,46.24454,-17.04454116821289,17.04454116821289
2020-04-23,J&K,35.9,32.26524,3.6347602844238267,3.6347602844238267
2020-04-24,J&K,42.8,37.827656,4.972344207763669,4.972344207763669
2020-04-25,J&K,46.4,42.893402,3.5065979003906236,3.5065979003906236
2020-04-26,J&K,42.6,45.613995,-3.0139945983886705,3.0139945983886705
2020-04-27,J&K,42.4,42.959618,-0.5596176147460952,0.5596176147460952
2020-04-28,J&K,47.6,42.467064,5.132936096191408,5.132936096191408
2020-04-29,J&K,47.5,47.082542,0.41745758056640625,0.41745758056640625
2020-04-30,J&K,47.9,46.50963,1.390371704101561,1.390371704101561
2020-05-01,J&K,47.5,47.082684,0.4173164367675781,0.4173164367675781
2020-05-02,J&K,46.0,46.445366,-0.44536590576171875,0.44536590576171875
2020-05-03,J&K,37.8,45.803932,-8.003932189941409,8.003932189941409
2020-05-04,J&K,38.7,40.98221,-2.282208251953122,2.282208251953122
2020-05-05,J&K,40.7,40.917248,-0.21724777221679403,0.21724777221679403
2020-05-13,J&K,39.2,41.95502,-2.755020904541013,2.755020904541013
2020-05-14,J&K,41.9,40.704662,1.1953376770019517,1.1953376770019517
2020-05-15,J&K,44.1,42.636055,1.4639450073242202,1.4639450073242202
2020-05-16,J&K,42.9,43.83869,-0.9386917114257827,0.9386917114257827
2020-05-17,J&K,50.2,46.24395,3.956050109863284,3.956050109863284
2020-05-18,J&K,53.6,47.692432,5.907567596435548,5.907567596435548
2020-05-19,J&K,50.2,54.01781,-3.8178108215332003,3.8178108215332003
2020-05-20,J&K,49.7,47.575726,2.124274444580081,2.124274444580081
2020-05-21,J&K,51.1,47.623547,3.4764533996582045,3.4764533996582045
2020-05-22,J&K,50.7,47.2606,3.439398956298831,3.439398956298831
2020-05-23,J&K,49.9,47.2606,2.6393989562988267,2.6393989562988267
2020-06-01,J&K,44.3,48.838116,-4.538115692138675,4.538115692138675
2020-06-02,J&K,44.4,45.02831,-0.6283088684082045,0.6283088684082045
2020-06-03,J&K,45.3,44.855057,0.44494323730468466,0.44494323730468466
2020-06-04,J&K,46.4,44.855057,1.544943237304686,1.544943237304686
2020-06-05,J&K,45.9,45.573093,0.32690658569335795,0.32690658569335795
2020-07-01,J&K,46.4,46.50468,-0.1046806335449233,0.1046806335449233
2020-07-02,J&K,45.4,45.28767,0.1123298645019517,0.1123298645019517
2020-07-03,J&K,39.5,44.235832,-4.735832214355469,4.735832214355469
2020-07-04,J&K,41.2,40.90659,0.2934104919433622,0.2934104919433622
2020-07-05,J&K,40.3,42.197105,-1.8971054077148466,1.8971054077148466
2020-08-01,J&K,38.6,42.160126,-3.5601257324218736,3.5601257324218736
2020-08-02,J&K,39.8,40.50535,-0.7053482055664091,0.7053482055664091
2020-08-03,J&K,40.2,42.44476,-2.2447593688964815,2.2447593688964815
2020-08-04,J&K,39.3,42.44476,-3.144759368896487,3.144759368896487
2020-08-05,J&K,46.8,40.319256,6.480744171142575,6.480744171142575
2020-09-01,J&K,46.9,45.073715,1.826284790039061,1.826284790039061
2020-09-02,J&K,45.4,46.0054,-0.6054016113281264,0.6054016113281264
2020-09-03,J&K,45.7,44.421345,1.2786552429199247,1.2786552429199247
2020-09-04,J&K,46.8,44.5327,2.2673004150390597,2.2673004150390597
2020-09-05,J&K,49.2,45.541958,3.6580421447753935,3.6580421447753935
2020-10-01,J&K,47.4,47.829033,-0.42903289794922017,0.42903289794922017
2020-10-02,J&K,44.4,45.720875,-1.3208747863769545,1.3208747863769545
2020-10-03,J&K,45.6,44.286366,1.3136344909667983,1.3136344909667983
2020-10-04,J&K,45.9,44.23178,1.6682189941406236,1.6682189941406236
2020-10-05,J&K,41.6,45.009777,-3.4097770690917955,3.4097770690917955
2020-11-01,J&K,41.9,42.534233,-0.6342330932617202,0.6342330932617202
2020-11-02,J&K,41.0,42.527596,-1.5275955200195312,1.5275955200195312
2020-11-03,J&K,43.0,41.710953,1.2890472412109375,1.2890472412109375
2020-11-04,J&K,44.5,42.39236,2.1076393127441406,2.1076393127441406
2020-11-05,J&K,45.4,43.7817,1.6182998657226548,1.6182998657226548
2020-12-01,J&K,45.4,44.771084,0.6289161682128892,0.6289161682128892
2020-12-02,J&K,45.2,44.060547,1.1394531250000028,1.1394531250000028
2020-12-03,J&K,45.2,44.3097,0.8902999877929716,0.8902999877929716
2020-12-04,J&K,43.0,44.421055,-1.4210548400878906,1.4210548400878906
2020-12-05,J&K,42.6,43.15448,-0.5544799804687486,0.5544799804687486
2020-02-28,Jharkhand,26.8,25.741014,1.0589855194091804,1.0589855194091804
2020-02-29,Jharkhand,28.9,26.585854,2.3141464233398423,2.3141464233398423
2020-03-01,Jharkhand,24.6,27.985703,-3.385702514648436,3.385702514648436
2020-03-02,Jharkhand,24.2,24.592594,-0.39259414672851634,0.39259414672851634
2020-03-03,Jharkhand,25.6,24.370853,1.2291465759277358,1.2291465759277358
2020-03-04,Jharkhand,23.9,25.26099,-1.360990142822267,1.360990142822267
2020-03-05,Jharkhand,24.4,24.296698,0.10330238342285014,0.10330238342285014
2020-03-13,Jharkhand,24.6,23.056812,1.5431877136230483,1.5431877136230483
2020-03-14,Jharkhand,24.0,23.399494,0.6005058288574219,0.6005058288574219
2020-03-15,Jharkhand,23.4,23.490812,-0.09081230163574361,0.09081230163574361
2020-03-16,Jharkhand,22.6,23.626099,-1.0260986328124986,1.0260986328124986
2020-03-17,Jharkhand,21.5,23.054556,-1.554555892944336,1.554555892944336
2020-03-18,Jharkhand,23.5,22.320469,1.1795310974121094,1.1795310974121094
2020-03-19,Jharkhand,23.2,23.05415,0.14585037231445241,0.14585037231445241
2020-03-20,Jharkhand,22.8,22.927126,-0.1271259307861321,0.1271259307861321
2020-03-21,Jharkhand,22.6,22.837273,-0.23727264404296733,0.23727264404296733
2020-03-22,Jharkhand,22.7,23.12485,-0.4248493194580085,0.4248493194580085
2020-03-23,Jharkhand,22.7,22.979948,-0.2799480438232429,0.2799480438232429
2020-03-24,Jharkhand,22.9,23.176468,-0.2764678955078139,0.2764678955078139
2020-03-25,Jharkhand,20.5,22.874527,-2.3745269775390625,2.3745269775390625
2020-03-26,Jharkhand,21.0,21.339188,-0.3391876220703125,0.3391876220703125
2020-03-27,Jharkhand,22.3,22.099733,0.2002666473388679,0.2002666473388679
2020-03-28,Jharkhand,22.6,24.42855,-1.8285507202148423,1.8285507202148423
2020-03-29,Jharkhand,23.6,25.96731,-2.367309951782225,2.367309951782225
2020-03-30,Jharkhand,24.0,23.142128,0.8578720092773438,0.8578720092773438
2020-03-31,Jharkhand,24.0,26.22314,-2.2231407165527344,2.2231407165527344
2020-04-01,Jharkhand,23.7,24.077545,-0.3775451660156257,0.3775451660156257
2020-04-02,Jharkhand,23.9,23.860825,0.03917541503906108,0.03917541503906108
2020-04-03,Jharkhand,23.4,24.0977,-0.6977001190185561,0.6977001190185561
2020-04-04,Jharkhand,23.4,23.49393,-0.09393081665039205,0.09393081665039205
2020-04-05,Jharkhand,22.8,23.48188,-0.6818801879882805,0.6818801879882805
2020-04-13,Jharkhand,23.7,23.401777,0.2982227325439446,0.2982227325439446
2020-04-14,Jharkhand,23.5,23.809587,-0.3095874786376953,0.3095874786376953
2020-04-15,Jharkhand,23.9,23.1368,0.7631992340087876,0.7631992340087876
2020-04-16,Jharkhand,23.5,23.93765,-0.4376506805419922,0.4376506805419922
2020-04-17,Jharkhand,23.6,23.333286,0.2667137145996108,0.2667137145996108
2020-04-18,Jharkhand,23.6,23.627636,-0.027635955810545454,0.027635955810545454
2020-04-19,Jharkhand,22.8,23.895357,-1.095357131958007,1.095357131958007
2020-04-20,Jharkhand,23.6,23.413897,0.1861034393310561,0.1861034393310561
2020-04-21,Jharkhand,23.7,23.801851,-0.10185127258300852,0.10185127258300852
2020-04-22,Jharkhand,23.6,23.727695,-0.1276954650878892,0.1276954650878892
2020-04-23,Jharkhand,20.8,23.727695,-2.92769546508789,2.92769546508789
2020-04-24,Jharkhand,20.0,21.782597,-1.7825965881347656,1.7825965881347656
2020-04-25,Jharkhand,22.1,21.7496,0.35040054321289205,0.35040054321289205
2020-04-26,Jharkhand,19.6,22.801403,-3.2014030456542955,3.2014030456542955
2020-04-27,Jharkhand,24.8,21.066185,3.733815002441407,3.733815002441407
2020-04-28,Jharkhand,26.7,24.000566,2.699433517456054,2.699433517456054
2020-04-29,Jharkhand,27.5,25.888184,1.61181640625,1.61181640625
2020-04-30,Jharkhand,25.8,25.94107,-0.1410705566406243,0.1410705566406243
2020-05-01,Jharkhand,26.8,25.44389,1.3561103820800788,1.3561103820800788
2020-05-02,Jharkhand,27.0,26.356388,0.6436119079589844,0.6436119079589844
2020-05-03,Jharkhand,23.7,26.75068,-3.0506809234619148,3.0506809234619148
2020-05-04,Jharkhand,23.5,23.96918,-0.4691791534423828,0.4691791534423828
2020-05-05,Jharkhand,22.6,23.671473,-1.0714725494384751,1.0714725494384751
2020-05-13,Jharkhand,18.1,23.584034,-5.484033966064452,5.484033966064452
2020-05-14,Jharkhand,21.5,20.114862,1.3851375579833984,1.3851375579833984
2020-05-15,Jharkhand,22.9,22.06142,0.8385795593261705,0.8385795593261705
2020-05-16,Jharkhand,22.8,23.325045,-0.5250446319580071,0.5250446319580071
2020-05-17,Jharkhand,25.8,26.640966,-0.8409664154052727,0.8409664154052727
2020-05-18,Jharkhand,25.2,25.383268,-0.1832683563232429,0.1832683563232429
2020-05-19,Jharkhand,25.2,25.136827,0.06317253112792898,0.06317253112792898
2020-05-20,Jharkhand,25.1,25.062672,0.037328338623048296,0.037328338623048296
2020-05-21,Jharkhand,25.7,24.776714,0.9232856750488274,0.9232856750488274
2020-05-22,Jharkhand,25.4,24.878136,0.5218643188476548,0.5218643188476548
2020-05-23,Jharkhand,25.4,24.878136,0.5218643188476548,0.5218643188476548
2020-06-01,Jharkhand,23.7,26.058773,-2.358773040771485,2.358773040771485
2020-06-02,Jharkhand,23.6,23.859545,-0.2595447540283189,0.2595447540283189
2020-06-03,Jharkhand,23.8,23.836784,-0.03678436279296804,0.03678436279296804
2020-06-04,Jharkhand,24.4,23.836784,0.5632156372070298,0.5632156372070298
2020-06-05,Jharkhand,23.8,23.800224,-0.00022430419921803946,0.00022430419921803946
2020-07-01,Jharkhand,23.8,23.89061,-0.09060974121093679,0.09060974121093679
2020-07-02,Jharkhand,24.3,23.877161,0.42283897399902415,0.42283897399902415
2020-07-03,Jharkhand,24.2,23.840601,0.3593990325927727,0.3593990325927727
2020-07-04,Jharkhand,25.4,23.840601,1.559399032592772,1.559399032592772
2020-07-05,Jharkhand,25.1,24.804893,0.29510650634765767,0.29510650634765767
2020-08-01,Jharkhand,25.4,24.750774,0.6492256164550767,0.6492256164550767
2020-08-02,Jharkhand,25.9,25.08656,0.8134407043457017,0.8134407043457017
2020-08-03,Jharkhand,24.5,25.180933,-0.6809329986572266,0.6809329986572266
2020-08-04,Jharkhand,23.2,24.386986,-1.1869857788085945,1.1869857788085945
2020-08-05,Jharkhand,24.2,23.550005,0.649995040893554,0.649995040893554
2020-09-01,Jharkhand,22.9,24.178694,-1.278693771362306,1.278693771362306
2020-09-02,Jharkhand,21.7,23.550005,-1.850004959106446,1.850004959106446
2020-09-03,Jharkhand,20.3,22.823433,-2.5234329223632805,2.5234329223632805
2020-09-04,Jharkhand,21.0,21.958023,-0.9580230712890625,0.9580230712890625
2020-09-05,Jharkhand,20.9,22.770218,-1.870217895507814,1.870217895507814
2020-10-01,Jharkhand,22.5,21.76056,0.73944091796875,0.73944091796875
2020-10-02,Jharkhand,23.4,23.247057,0.15294303894042827,0.15294303894042827
2020-10-03,Jharkhand,20.2,23.35716,-3.1571605682373054,3.1571605682373054
2020-10-04,Jharkhand,21.9,21.811285,0.08871498107910014,0.08871498107910014
2020-10-05,Jharkhand,22.7,22.684856,0.015143585205077414,0.015143585205077414
2020-11-01,Jharkhand,23.4,22.166763,1.233236694335936,1.233236694335936
2020-11-02,Jharkhand,22.6,23.194908,-0.5949081420898423,0.5949081420898423
2020-11-03,Jharkhand,21.5,23.084805,-1.5848045349121094,1.5848045349121094
2020-11-04,Jharkhand,22.8,22.354074,0.44592552185058665,0.44592552185058665
2020-11-05,Jharkhand,24.3,22.977652,1.3223484039306648,1.3223484039306648
2020-12-01,Jharkhand,26.3,23.884497,2.4155033111572273,2.4155033111572273
2020-12-02,Jharkhand,25.2,24.81258,0.38741989135742116,0.38741989135742116
2020-12-03,Jharkhand,24.0,24.815292,-0.8152923583984375,0.8152923583984375
2020-12-04,Jharkhand,19.3,24.077225,-4.777224731445312,4.777224731445312
2020-12-05,Jharkhand,17.7,21.358482,-3.6584823608398445,3.6584823608398445
2020-02-28,Karnataka,232.3,229.10463,3.195370483398449,3.195370483398449
2020-02-29,Karnataka,214.9,229.95746,-15.057458496093744,15.057458496093744
2020-03-01,Karnataka,213.2,199.61098,13.589022827148426,13.589022827148426
2020-03-02,Karnataka,215.4,203.19026,12.209738159179693,12.209738159179693
2020-03-03,Karnataka,216.7,205.55978,11.140216064453114,11.140216064453114
2020-03-04,Karnataka,225.6,205.48563,20.11437377929687,20.11437377929687
2020-03-05,Karnataka,226.8,219.21785,7.582150268554699,7.582150268554699
2020-03-13,Karnataka,222.3,218.09785,4.202145385742199,4.202145385742199
2020-03-14,Karnataka,207.3,212.18182,-4.881823730468739,4.881823730468739
2020-03-15,Karnataka,191.5,204.14453,-12.64453125,12.64453125
2020-03-16,Karnataka,183.5,189.30838,-5.808380126953125,5.808380126953125
2020-03-17,Karnataka,172.9,185.22893,-12.328927612304682,12.328927612304682
2020-03-18,Karnataka,188.5,174.7929,13.707107543945312,13.707107543945312
2020-03-19,Karnataka,195.2,188.67851,6.521487426757801,6.521487426757801
2020-03-20,Karnataka,188.8,193.21228,-4.412280273437489,4.412280273437489
2020-03-21,Karnataka,190.0,189.29208,0.707916259765625,0.707916259765625
2020-03-22,Karnataka,214.5,192.66017,21.839828491210938,21.839828491210938
2020-03-23,Karnataka,199.8,212.13203,-12.332034301757801,12.332034301757801
2020-03-24,Karnataka,182.0,197.58461,-15.584609985351562,15.584609985351562
2020-03-25,Karnataka,187.8,190.0712,-2.2711975097656136,2.2711975097656136
2020-03-26,Karnataka,186.6,189.38277,-2.782766723632818,2.782766723632818
2020-03-27,Karnataka,184.1,189.76404,-5.664038085937506,5.664038085937506
2020-03-28,Karnataka,197.1,197.05789,0.042108154296869316,0.042108154296869316
2020-03-29,Karnataka,159.9,209.32138,-49.42138061523437,49.42138061523437
2020-03-30,Karnataka,165.2,163.94414,1.2558624267578011,1.2558624267578011
2020-03-31,Karnataka,171.6,173.6453,-2.0452941894531307,2.0452941894531307
2020-04-01,Karnataka,171.4,179.85902,-8.459024047851557,8.459024047851557
2020-04-02,Karnataka,168.5,180.15144,-11.651443481445312,11.651443481445312
2020-04-03,Karnataka,166.9,174.60876,-7.708764648437494,7.708764648437494
2020-04-04,Karnataka,155.8,171.94011,-16.140109252929676,16.140109252929676
2020-04-05,Karnataka,237.1,170.14748,66.95252380371093,66.95252380371093
2020-04-13,Karnataka,239.4,234.69919,4.700811767578131,4.700811767578131
2020-04-14,Karnataka,242.5,232.41998,10.08001708984375,10.08001708984375
2020-04-15,Karnataka,240.4,242.67267,-2.2726684570312443,2.2726684570312443
2020-04-16,Karnataka,243.4,237.56348,5.836523437500006,5.836523437500006
2020-04-17,Karnataka,244.0,243.27069,0.72930908203125,0.72930908203125
2020-04-18,Karnataka,231.5,242.16182,-10.661819458007812,10.661819458007812
2020-04-19,Karnataka,213.1,217.57799,-4.477987670898443,4.477987670898443
2020-04-20,Karnataka,218.6,210.63243,7.967568969726557,7.967568969726557
2020-04-21,Karnataka,223.4,213.60022,9.799780273437506,9.799780273437506
2020-04-22,Karnataka,223.3,219.34732,3.9526794433593864,3.9526794433593864
2020-04-23,Karnataka,229.9,220.29361,9.60639038085938,9.60639038085938
2020-04-24,Karnataka,215.2,222.78572,-7.585720825195324,7.585720825195324
2020-04-25,Karnataka,205.1,210.20482,-5.104818725585943,5.104818725585943
2020-04-26,Karnataka,175.5,205.33037,-29.830368041992188,29.830368041992188
2020-04-27,Karnataka,197.4,175.72264,21.677359008789068,21.677359008789068
2020-04-28,Karnataka,199.3,197.4602,1.8397949218750114,1.8397949218750114
2020-04-29,Karnataka,175.5,197.43861,-21.938613891601562,21.938613891601562
2020-04-30,Karnataka,179.1,173.49786,5.602136230468744,5.602136230468744
2020-05-01,Karnataka,180.8,181.26279,-0.46278686523436363,0.46278686523436363
2020-05-02,Karnataka,173.7,184.62854,-10.928540039062511,10.928540039062511
2020-05-03,Karnataka,184.0,190.27893,-6.2789306640625,6.2789306640625
2020-05-04,Karnataka,195.8,187.59921,8.200787353515636,8.200787353515636
2020-05-05,Karnataka,204.2,194.57408,9.625918579101551,9.625918579101551
2020-05-13,Karnataka,204.0,205.4924,-1.492401123046875,1.492401123046875
2020-05-14,Karnataka,205.2,205.33104,-0.13103942871094887,0.13103942871094887
2020-05-15,Karnataka,199.3,207.89326,-8.593264770507801,8.593264770507801
2020-05-16,Karnataka,205.6,199.33495,6.265054321289057,6.265054321289057
2020-05-17,Karnataka,233.6,211.60553,21.994470214843744,21.994470214843744
2020-05-18,Karnataka,233.9,233.50641,0.3935913085937557,0.3935913085937557
2020-05-19,Karnataka,239.1,232.58574,6.514260864257807,6.514260864257807
2020-05-20,Karnataka,239.5,231.92265,7.5773468017578125,7.5773468017578125
2020-05-21,Karnataka,238.3,230.03708,8.262921142578136,8.262921142578136
2020-05-22,Karnataka,230.7,229.40176,1.2982360839843636,1.2982360839843636
2020-05-23,Karnataka,214.3,221.3936,-7.093600463867176,7.093600463867176
2020-06-01,Karnataka,167.4,195.38844,-27.988442993164057,27.988442993164057
2020-06-02,Karnataka,165.0,171.22852,-6.228515625,6.228515625
2020-06-03,Karnataka,172.9,166.63333,6.266668701171881,6.266668701171881
2020-06-04,Karnataka,174.5,175.59259,-1.09259033203125,1.09259033203125
2020-06-05,Karnataka,179.9,175.02902,4.870977783203131,4.870977783203131
2020-07-01,Karnataka,177.1,180.10257,-3.0025695800781307,3.0025695800781307
2020-07-02,Karnataka,169.7,176.66147,-6.961468505859386,6.961468505859386
2020-07-03,Karnataka,171.9,190.403,-18.502999877929682,18.502999877929682
2020-07-04,Karnataka,174.9,192.00749,-17.107492065429682,17.107492065429682
2020-07-05,Karnataka,172.6,198.73476,-26.134756469726568,26.134756469726568
2020-08-01,Karnataka,170.5,200.33417,-29.83416748046875,29.83416748046875
2020-08-02,Karnataka,179.2,200.60156,-21.40156250000001,21.40156250000001
2020-08-03,Karnataka,177.7,196.56378,-18.86378173828126,18.86378173828126
2020-08-04,Karnataka,167.9,190.75502,-22.855020141601557,22.855020141601557
2020-08-05,Karnataka,237.2,188.9032,48.29680175781249,48.29680175781249
2020-09-01,Karnataka,245.1,231.0271,14.072900390624994,14.072900390624994
2020-09-02,Karnataka,244.5,244.09164,0.408355712890625,0.408355712890625
2020-09-03,Karnataka,251.9,244.44278,7.457220458984381,7.457220458984381
2020-09-04,Karnataka,248.5,247.87799,0.62200927734375,0.62200927734375
2020-09-05,Karnataka,247.7,246.86154,0.8384582519531136,0.8384582519531136
2020-10-01,Karnataka,237.4,237.77127,-0.3712707519531193,0.3712707519531193
2020-10-02,Karnataka,184.6,220.88138,-36.28137817382813,36.28137817382813
2020-10-03,Karnataka,192.6,187.35449,5.245507812499994,5.245507812499994
2020-10-04,Karnataka,195.9,190.20712,5.692877197265631,5.692877197265631
2020-10-05,Karnataka,195.4,194.28926,1.1107391357421932,1.1107391357421932
2020-11-01,Karnataka,191.5,190.22177,1.278228759765625,1.278228759765625
2020-11-02,Karnataka,183.5,186.42717,-2.9271697998046875,2.9271697998046875
2020-11-03,Karnataka,172.9,184.91277,-12.012765502929682,12.012765502929682
2020-11-04,Karnataka,243.7,188.51866,55.18133850097655,55.18133850097655
2020-11-05,Karnataka,247.8,242.73396,5.066036987304699,5.066036987304699
2020-12-01,Karnataka,248.6,240.79886,7.801141357421869,7.801141357421869
2020-12-02,Karnataka,246.5,246.52774,-0.027740478515625,0.027740478515625
2020-12-03,Karnataka,242.8,244.71132,-1.9113189697265511,1.9113189697265511
2020-12-04,Karnataka,226.7,243.98212,-17.28211669921876,17.28211669921876
2020-12-05,Karnataka,218.6,223.54443,-4.944433593750006,4.944433593750006
2020-02-28,Kerala,84.6,81.35412,3.2458816528320256,3.2458816528320256
2020-02-29,Kerala,78.8,84.376114,-5.576113891601565,5.576113891601565
2020-03-01,Kerala,73.7,80.6362,-6.936199951171872,6.936199951171872
2020-03-02,Kerala,74.4,74.45339,-0.053392028808588066,0.053392028808588066
2020-03-03,Kerala,66.7,74.41868,-7.718678283691403,7.718678283691403
2020-03-04,Kerala,73.0,68.4535,4.546501159667969,4.546501159667969
2020-03-05,Kerala,73.4,74.23323,-0.8332305908203068,0.8332305908203068
2020-03-13,Kerala,70.9,71.25611,-0.35611114501952557,0.35611114501952557
2020-03-14,Kerala,63.2,69.62793,-6.427929687499997,6.427929687499997
2020-03-15,Kerala,72.8,67.52372,5.276280212402341,5.276280212402341
2020-03-16,Kerala,72.7,73.566475,-0.8664749145507784,0.8664749145507784
2020-03-17,Kerala,65.4,73.41488,-8.014878845214838,8.014878845214838
2020-03-18,Kerala,69.2,67.5108,1.6891967773437528,1.6891967773437528
2020-03-19,Kerala,68.6,69.21795,-0.6179489135742244,0.6179489135742244
2020-03-20,Kerala,66.1,68.8454,-2.7453979492187557,2.7453979492187557
2020-03-21,Kerala,67.2,66.808556,0.3914443969726591,0.3914443969726591
2020-03-22,Kerala,65.5,68.3626,-2.8626022338867188,2.8626022338867188
2020-03-23,Kerala,64.7,67.25526,-2.5552566528320284,2.5552566528320284
2020-03-24,Kerala,62.8,66.009346,-3.209346008300784,3.209346008300784
2020-03-25,Kerala,63.8,66.68099,-2.8809921264648466,2.8809921264648466
2020-03-26,Kerala,64.2,66.170784,-1.9707839965820284,1.9707839965820284
2020-03-27,Kerala,62.9,65.6933,-2.7932983398437514,2.7932983398437514
2020-03-28,Kerala,66.8,67.690285,-0.8902847290039091,0.8902847290039091
2020-03-29,Kerala,66.9,71.32942,-4.429421997070307,4.429421997070307
2020-03-30,Kerala,69.4,67.63138,1.7686218261718807,1.7686218261718807
2020-03-31,Kerala,71.0,73.49159,-2.4915924072265625,2.4915924072265625
2020-04-01,Kerala,70.7,71.485794,-0.7857940673828097,0.7857940673828097
2020-04-02,Kerala,71.5,71.362144,0.13785552978515625,0.13785552978515625
2020-04-03,Kerala,69.6,71.41065,-1.810652160644537,1.810652160644537
2020-04-04,Kerala,62.4,70.79193,-8.391931152343751,8.391931152343751
2020-04-05,Kerala,76.4,68.03678,8.36321868896485,8.36321868896485
2020-04-13,Kerala,78.9,75.70875,3.1912521362304744,3.1912521362304744
2020-04-14,Kerala,79.2,78.99164,0.20836181640625284,0.20836181640625284
2020-04-15,Kerala,79.5,78.61656,0.8834381103515625,0.8834381103515625
2020-04-16,Kerala,80.4,78.93444,1.465559387207037,1.465559387207037
2020-04-17,Kerala,78.3,80.587776,-2.287776184082034,2.287776184082034
2020-04-18,Kerala,72.3,78.66117,-6.361170959472659,6.361170959472659
2020-04-19,Kerala,71.1,71.559654,-0.45965423583984943,0.45965423583984943
2020-04-20,Kerala,73.6,71.37577,2.224229431152338,2.224229431152338
2020-04-21,Kerala,74.5,73.80576,0.6942367553710938,0.6942367553710938
2020-04-22,Kerala,74.9,73.73161,1.1683868408203182,1.1683868408203182
2020-04-23,Kerala,74.8,73.73161,1.0683868408203097,1.0683868408203097
2020-04-24,Kerala,73.4,73.192474,0.20752563476563068,0.20752563476563068
2020-04-25,Kerala,66.6,71.94601,-5.346006774902349,5.346006774902349
2020-04-26,Kerala,79.6,67.73381,11.866189575195307,11.866189575195307
2020-04-27,Kerala,82.5,77.851974,4.6480255126953125,4.6480255126953125
2020-04-28,Kerala,75.9,81.00062,-5.100617980957026,5.100617980957026
2020-04-29,Kerala,77.8,75.80234,1.9976623535156222,1.9976623535156222
2020-04-30,Kerala,79.1,76.76054,2.339463806152338,2.339463806152338
2020-05-01,Kerala,78.7,79.1158,-0.41579895019530966,0.41579895019530966
2020-05-02,Kerala,65.8,79.07335,-13.27334899902344,13.27334899902344
2020-05-03,Kerala,69.1,68.02188,1.0781188964843693,1.0781188964843693
2020-05-04,Kerala,74.0,69.832504,4.1674957275390625,4.1674957275390625
2020-05-05,Kerala,72.4,73.64208,-1.242082214355463,1.242082214355463
2020-05-13,Kerala,68.1,71.25479,-3.1547912597656307,3.1547912597656307
2020-05-14,Kerala,69.8,69.89506,-0.09505767822265909,0.09505767822265909
2020-05-15,Kerala,71.3,69.98306,1.3169372558593722,1.3169372558593722
2020-05-16,Kerala,72.7,70.62258,2.077418518066409,2.077418518066409
2020-05-17,Kerala,73.3,76.62969,-3.3296920776367216,3.3296920776367216
2020-05-18,Kerala,74.3,73.62304,0.6769607543945284,0.6769607543945284
2020-05-19,Kerala,75.6,73.68413,1.9158721923828068,1.9158721923828068
2020-05-20,Kerala,75.4,75.0726,0.3273986816406307,0.3273986816406307
2020-05-21,Kerala,75.4,74.88616,0.5138381958007869,0.5138381958007869
2020-05-22,Kerala,73.4,73.763084,-0.36308441162108807,0.36308441162108807
2020-05-23,Kerala,67.0,72.46705,-5.467048645019531,5.467048645019531
2020-06-01,Kerala,70.0,70.0661,-0.06610107421875,0.06610107421875
2020-06-02,Kerala,69.8,70.777664,-0.9776641845703153,0.9776641845703153
2020-06-03,Kerala,70.2,70.703514,-0.5035140991210909,0.5035140991210909
2020-06-04,Kerala,69.8,70.703514,-0.9035140991210966,0.9035140991210966
2020-06-05,Kerala,68.7,70.72213,-2.022129821777341,2.022129821777341
2020-07-01,Kerala,69.8,69.64137,0.15862731933593466,0.15862731933593466
2020-07-02,Kerala,64.7,70.12367,-5.42367248535156,5.42367248535156
2020-07-03,Kerala,64.9,67.2907,-2.390702819824213,2.390702819824213
2020-07-04,Kerala,65.9,67.51838,-1.6183792114257756,1.6183792114257756
2020-07-05,Kerala,65.2,67.51838,-2.3183792114257784,2.3183792114257784
2020-08-01,Kerala,65.1,68.09648,-2.996481323242193,2.996481323242193
2020-08-02,Kerala,65.5,67.52097,-2.0209732055664062,2.0209732055664062
2020-08-03,Kerala,67.0,67.17141,-0.17140960693359375,0.17140960693359375
2020-08-04,Kerala,62.6,68.07502,-5.47501983642578,5.47501983642578
2020-08-05,Kerala,78.9,67.09726,11.80274047851563,11.80274047851563
2020-09-01,Kerala,79.9,79.51348,0.38651885986328693,0.38651885986328693
2020-09-02,Kerala,80.0,78.94199,1.0580062866210938,1.0580062866210938
2020-09-03,Kerala,79.2,78.94199,0.2580062866210966,0.2580062866210966
2020-09-04,Kerala,79.4,78.90287,0.49712982177734943,0.49712982177734943
2020-09-05,Kerala,79.5,78.90287,0.5971298217773438,0.5971298217773438
2020-10-01,Kerala,73.9,79.63885,-5.738847351074213,5.738847351074213
2020-10-02,Kerala,76.4,73.27429,3.1257080078125057,3.1257080078125057
2020-10-03,Kerala,77.1,75.479385,1.6206146240234318,1.6206146240234318
2020-10-04,Kerala,75.2,75.479385,-0.27938537597655966,0.27938537597655966
2020-10-05,Kerala,73.4,74.6647,-1.2647033691406193,1.2647033691406193
2020-11-01,Kerala,72.8,72.11311,0.6868865966796847,0.6868865966796847
2020-11-02,Kerala,72.7,73.277725,-0.5777252197265597,0.5777252197265597
2020-11-03,Kerala,65.4,72.34952,-6.949517822265619,6.949517822265619
2020-11-04,Kerala,84.7,67.37701,17.322993469238284,17.322993469238284
2020-11-05,Kerala,85.3,82.30338,2.996617126464841,2.996617126464841
2020-12-01,Kerala,86.4,83.33601,3.063986206054693,3.063986206054693
2020-12-02,Kerala,84.7,82.9114,1.788600158691409,1.788600158691409
2020-12-03,Kerala,83.9,83.16055,0.7394470214843807,0.7394470214843807
2020-12-04,Kerala,85.1,82.372734,2.7272659301757756,2.7272659301757756
2020-12-05,Kerala,78.7,83.12143,-4.421429443359372,4.421429443359372
2020-02-28,MP,213.2,213.90485,-0.7048461914062614,0.7048461914062614
2020-02-29,MP,206.1,213.8188,-7.718801879882818,7.718801879882818
2020-03-01,MP,238.3,214.95085,23.349148559570324,23.349148559570324
2020-03-02,MP,242.4,232.71086,9.689138793945318,9.689138793945318
2020-03-03,MP,227.7,242.99745,-15.297451782226574,15.297451782226574
2020-03-04,MP,231.1,223.80782,7.292184448242182,7.292184448242182
2020-03-05,MP,236.6,223.80782,12.792184448242182,12.792184448242182
2020-03-13,MP,239.8,227.98195,11.818051147460949,11.818051147460949
2020-03-14,MP,243.1,231.40178,11.698220825195307,11.698220825195307
2020-03-15,MP,157.7,237.11937,-79.41936950683595,79.41936950683595
2020-03-16,MP,154.9,161.56273,-6.662728881835932,6.662728881835932
2020-03-17,MP,157.1,156.9022,0.19779357910155682,0.19779357910155682
2020-03-18,MP,160.3,162.31123,-2.011233520507801,2.011233520507801
2020-03-19,MP,165.3,163.43518,1.8648193359375114,1.8648193359375114
2020-03-20,MP,174.2,165.6453,8.554705810546864,8.554705810546864
2020-03-21,MP,180.9,176.33936,4.560644531250006,4.560644531250006
2020-03-22,MP,164.4,191.05037,-26.650369262695307,26.650369262695307
2020-03-23,MP,166.2,175.9655,-9.765499877929699,9.765499877929699
2020-03-24,MP,169.0,178.45612,-9.45611572265625,9.45611572265625
2020-03-25,MP,168.2,180.73474,-12.534741210937511,12.534741210937511
2020-03-26,MP,171.8,171.88383,-0.08383483886717613,0.08383483886717613
2020-03-27,MP,174.0,174.54721,-0.547210693359375,0.547210693359375
2020-03-28,MP,176.4,182.887,-6.486993408203119,6.486993408203119
2020-03-29,MP,189.7,195.63054,-5.930538940429699,5.930538940429699
2020-03-30,MP,196.9,189.78835,7.111654663085943,7.111654663085943
2020-03-31,MP,203.4,196.80225,6.597753906250006,6.597753906250006
2020-04-01,MP,199.3,204.39883,-5.098834228515614,5.098834228515614
2020-04-02,MP,196.2,198.31046,-2.1104553222656364,2.1104553222656364
2020-04-03,MP,202.3,195.099,7.201000976562511,7.201000976562511
2020-04-04,MP,204.4,203.81561,0.5843872070312557,0.5843872070312557
2020-04-05,MP,210.6,204.99812,5.601876831054682,5.601876831054682
2020-04-13,MP,216.8,207.82741,8.972592163085949,8.972592163085949
2020-04-14,MP,218.2,213.66635,4.533648681640614,4.533648681640614
2020-04-15,MP,219.5,212.79979,6.7002105712890625,6.7002105712890625
2020-04-16,MP,219.1,220.43057,-1.3305725097656307,1.3305725097656307
2020-04-17,MP,216.5,219.71313,-3.213134765625,3.213134765625
2020-04-18,MP,217.7,212.85707,4.842929077148426,4.842929077148426
2020-04-19,MP,237.7,214.80653,22.893466186523426,22.893466186523426
2020-04-20,MP,239.3,230.00873,9.291271972656261,9.291271972656261
2020-04-21,MP,236.5,230.34436,6.1556396484375,6.1556396484375
2020-04-22,MP,213.7,231.3887,-17.688702392578136,17.688702392578136
2020-04-23,MP,226.3,213.61032,12.689678955078136,12.689678955078136
2020-04-24,MP,230.6,221.30046,9.299539184570307,9.299539184570307
2020-04-25,MP,231.0,222.646,8.35400390625,8.35400390625
2020-04-26,MP,216.9,222.73323,-5.833230590820307,5.833230590820307
2020-04-27,MP,223.0,212.38937,10.610626220703125,10.610626220703125
2020-04-28,MP,227.5,218.17014,9.329864501953125,9.329864501953125
2020-04-29,MP,227.6,221.95824,5.641763305664057,5.641763305664057
2020-04-30,MP,223.5,219.09164,4.408355712890625,4.408355712890625
2020-05-01,MP,219.8,211.74036,8.059643554687511,8.059643554687511
2020-05-02,MP,219.9,216.2782,3.6218017578125057,3.6218017578125057
2020-05-03,MP,191.0,218.87163,-27.871627807617188,27.871627807617188
2020-05-04,MP,178.5,189.8842,-11.384201049804688,11.384201049804688
2020-05-05,MP,174.6,181.9139,-7.313894653320318,7.313894653320318
2020-05-13,MP,181.1,176.95076,4.149240112304682,4.149240112304682
2020-05-14,MP,186.8,186.68628,0.11372070312501137,0.11372070312501137
2020-05-15,MP,197.2,190.73634,6.463656616210926,6.463656616210926
2020-05-16,MP,197.3,199.03314,-1.7331420898437386,1.7331420898437386
2020-05-17,MP,270.1,205.12546,64.97454223632815,64.97454223632815
2020-05-18,MP,265.0,264.52393,0.47607421875,0.47607421875
2020-05-19,MP,262.7,260.49326,2.2067443847656136,2.2067443847656136
2020-05-20,MP,267.7,254.55574,13.144259643554676,13.144259643554676
2020-05-21,MP,267.7,260.3384,7.361590576171864,7.361590576171864
2020-05-22,MP,266.9,257.62192,9.278082275390602,9.278082275390602
2020-05-23,MP,261.6,245.55379,16.04621276855471,16.04621276855471
2020-06-01,MP,248.2,218.63046,29.569537353515614,29.569537353515614
2020-06-02,MP,250.3,223.95892,26.34107666015626,26.34107666015626
2020-06-03,MP,251.9,231.03142,20.868582153320318,20.868582153320318
2020-06-04,MP,253.1,230.50313,22.596871948242182,22.596871948242182
2020-06-05,MP,253.3,229.29202,24.007977294921886,24.007977294921886
2020-07-01,MP,255.1,245.17552,9.924478149414057,9.924478149414057
2020-07-02,MP,252.3,260.88345,-8.583453369140614,8.583453369140614
2020-07-03,MP,186.4,249.34476,-62.94475708007812,62.94475708007812
2020-07-04,MP,185.2,208.1373,-22.937298583984386,22.937298583984386
2020-07-05,MP,186.3,197.12405,-10.824053955078114,10.824053955078114
2020-08-01,MP,188.2,190.56166,-2.361660766601574,2.361660766601574
2020-08-02,MP,195.1,192.46194,2.6380554199218693,2.6380554199218693
2020-08-03,MP,192.3,194.6881,-2.388095092773426,2.388095092773426
2020-08-04,MP,180.0,190.87962,-10.879623413085938,10.879623413085938
2020-08-05,MP,226.7,191.04134,35.658663940429676,35.658663940429676
2020-09-01,MP,234.3,224.78847,9.511532592773449,9.511532592773449
2020-09-02,MP,232.1,233.2485,-1.1485046386718807,1.1485046386718807
2020-09-03,MP,232.0,231.92215,0.077850341796875,0.077850341796875
2020-09-04,MP,220.7,233.27759,-12.577587890625011,12.577587890625011
2020-09-05,MP,221.5,220.1477,1.352294921875,1.352294921875
2020-10-01,MP,221.0,217.4711,3.528900146484375,3.528900146484375
2020-10-02,MP,172.7,216.05621,-43.35621337890626,43.35621337890626
2020-10-03,MP,167.2,174.09447,-6.894467163085949,6.894467163085949
2020-10-04,MP,156.6,170.77646,-14.17645874023438,14.17645874023438
2020-10-05,MP,161.1,156.75069,4.349313354492182,4.349313354492182
2020-11-01,MP,157.7,160.53331,-2.833309936523449,2.833309936523449
2020-11-02,MP,154.9,162.59395,-7.693948364257807,7.693948364257807
2020-11-03,MP,157.1,157.05927,0.040734863281244316,0.040734863281244316
2020-11-04,MP,205.9,173.06337,32.83663024902344,32.83663024902344
2020-11-05,MP,206.3,207.77489,-1.4748870849609261,1.4748870849609261
2020-12-01,MP,208.1,206.45065,1.6493469238281193,1.6493469238281193
2020-12-02,MP,209.8,207.91217,1.8878295898437614,1.8878295898437614
2020-12-03,MP,205.2,209.61717,-4.417172241210949,4.417172241210949
2020-12-04,MP,203.3,206.39995,-3.099948120117176,3.099948120117176
2020-12-05,MP,200.1,205.90858,-5.808584594726568,5.808584594726568
2020-02-28,Maharashtra,491.6,497.5336,-5.933599853515602,5.933599853515602
2020-02-29,Maharashtra,479.3,493.54025,-14.240252685546864,14.240252685546864
2020-03-01,Maharashtra,422.9,432.67838,-9.778375244140648,9.778375244140648
2020-03-02,Maharashtra,437.2,428.94247,8.257525634765614,8.257525634765614
2020-03-03,Maharashtra,436.9,444.24478,-7.344781494140648,7.344781494140648
2020-03-04,Maharashtra,428.4,445.0721,-16.672113037109398,16.672113037109398
2020-03-05,Maharashtra,427.0,430.04163,-3.0416259765625,3.0416259765625
2020-03-13,Maharashtra,434.1,428.70895,5.391046142578148,5.391046142578148
2020-03-14,Maharashtra,425.1,434.74838,-9.648382568359352,9.648382568359352
2020-03-15,Maharashtra,386.3,438.24915,-51.94914550781249,51.94914550781249
2020-03-16,Maharashtra,382.6,409.07663,-26.476629638671852,26.476629638671852
2020-03-17,Maharashtra,367.1,399.65897,-32.5589660644531,32.5589660644531
2020-03-18,Maharashtra,392.3,395.196,-2.8960144042968636,2.8960144042968636
2020-03-19,Maharashtra,402.8,408.3309,-5.530902099609364,5.530902099609364
2020-03-20,Maharashtra,403.7,411.2821,-7.582104492187511,7.582104492187511
2020-03-21,Maharashtra,403.8,420.0866,-16.28660888671874,16.28660888671874
2020-03-22,Maharashtra,376.6,419.398,-42.79801025390623,42.79801025390623
2020-03-23,Maharashtra,377.2,393.8825,-16.68250732421876,16.68250732421876
2020-03-24,Maharashtra,381.2,381.5967,-0.39671020507813637,0.39671020507813637
2020-03-25,Maharashtra,378.2,388.98706,-10.787060546875011,10.787060546875011
2020-03-26,Maharashtra,383.2,388.1983,-4.998303222656261,4.998303222656261
2020-03-27,Maharashtra,383.1,400.0691,-16.969091796874977,16.969091796874977
2020-03-28,Maharashtra,387.1,413.32056,-26.220556640624977,26.220556640624977
2020-03-29,Maharashtra,388.4,413.02005,-24.620050048828148,24.620050048828148
2020-03-30,Maharashtra,395.1,402.78214,-7.682135009765602,7.682135009765602
2020-03-31,Maharashtra,400.2,407.96127,-7.761273193359386,7.761273193359386
2020-04-01,Maharashtra,397.7,404.68173,-6.981732177734386,6.981732177734386
2020-04-02,Maharashtra,387.1,401.1332,-14.033209228515602,14.033209228515602
2020-04-03,Maharashtra,389.0,401.05524,-12.05523681640625,12.05523681640625
2020-04-04,Maharashtra,378.3,403.58673,-25.28673095703124,25.28673095703124
2020-04-05,Maharashtra,435.0,391.24426,43.7557373046875,43.7557373046875
2020-04-13,Maharashtra,443.0,435.90353,7.096466064453125,7.096466064453125
2020-04-14,Maharashtra,441.4,439.24664,2.1533569335937273,2.1533569335937273
2020-04-15,Maharashtra,443.0,439.9669,3.033111572265625,3.033111572265625
2020-04-16,Maharashtra,439.5,444.174,-4.67401123046875,4.67401123046875
2020-04-17,Maharashtra,442.2,444.20474,-2.0047424316406364,2.0047424316406364
2020-04-18,Maharashtra,429.6,439.33832,-9.738317871093727,9.738317871093727
2020-04-19,Maharashtra,408.3,438.79514,-30.495135498046864,30.495135498046864
2020-04-20,Maharashtra,421.6,419.55322,2.0467773437500227,2.0467773437500227
2020-04-21,Maharashtra,424.1,431.40866,-7.308660888671852,7.308660888671852
2020-04-22,Maharashtra,414.1,431.1102,-17.010198974609352,17.010198974609352
2020-04-23,Maharashtra,400.0,420.79773,-20.7977294921875,20.7977294921875
2020-04-24,Maharashtra,389.6,414.20667,-24.606665039062477,24.606665039062477
2020-04-25,Maharashtra,381.5,403.91943,-22.41943359375,22.41943359375
2020-04-26,Maharashtra,500.4,401.12885,99.27115478515623,99.27115478515623
2020-04-27,Maharashtra,495.4,497.0889,-1.6888977050781477,1.6888977050781477
2020-04-28,Maharashtra,492.8,490.47202,2.3279846191406364,2.3279846191406364
2020-04-29,Maharashtra,494.2,492.08527,2.1147338867187386,2.1147338867187386
2020-04-30,Maharashtra,485.7,482.05087,3.6491271972656136,3.6491271972656136
2020-05-01,Maharashtra,472.7,463.69122,9.008776855468739,9.008776855468739
2020-05-02,Maharashtra,461.6,467.36734,-5.767340087890602,5.767340087890602
2020-05-03,Maharashtra,414.1,443.6156,-29.515600585937477,29.515600585937477
2020-05-04,Maharashtra,416.5,413.80133,2.69866943359375,2.69866943359375
2020-05-05,Maharashtra,421.3,414.07306,7.226940917968761,7.226940917968761
2020-05-13,Maharashtra,431.5,430.09207,1.407928466796875,1.407928466796875
2020-05-14,Maharashtra,427.2,429.5791,-2.3791015625000114,2.3791015625000114
2020-05-15,Maharashtra,428.6,430.74072,-2.1407226562499773,2.1407226562499773
2020-05-16,Maharashtra,432.1,426.2229,5.877099609375023,5.877099609375023
2020-05-17,Maharashtra,459.1,457.65265,1.4473510742187727,1.4473510742187727
2020-05-18,Maharashtra,464.5,457.74097,6.759033203125,6.759033203125
2020-05-19,Maharashtra,464.8,459.11887,5.681134033203136,5.681134033203136
2020-05-20,Maharashtra,463.7,459.87454,3.8254577636718636,3.8254577636718636
2020-05-21,Maharashtra,452.7,460.5297,-7.829693603515636,7.829693603515636
2020-05-22,Maharashtra,449.6,450.9452,-1.3451904296874773,1.3451904296874773
2020-05-23,Maharashtra,428.1,451.35876,-23.258764648437477,23.258764648437477
2020-06-01,Maharashtra,437.4,420.28186,17.118139648437477,17.118139648437477
2020-06-02,Maharashtra,439.8,431.20624,8.593762207031261,8.593762207031261
2020-06-03,Maharashtra,445.8,431.9764,13.823590087890636,13.823590087890636
2020-06-04,Maharashtra,449.6,445.47375,4.126245117187523,4.126245117187523
2020-06-05,Maharashtra,441.9,431.8306,10.069403076171852,10.069403076171852
2020-07-01,Maharashtra,434.6,428.4546,6.145410156250023,6.145410156250023
2020-07-02,Maharashtra,421.6,442.06488,-20.464880371093727,20.464880371093727
2020-07-03,Maharashtra,369.2,432.25937,-63.059368896484386,63.059368896484386
2020-07-04,Maharashtra,395.5,388.67407,6.825927734375,6.825927734375
2020-07-05,Maharashtra,395.5,408.1441,-12.64410400390625,12.64410400390625
2020-08-01,Maharashtra,399.6,398.40765,1.1923461914062727,1.1923461914062727
2020-08-02,Maharashtra,397.8,407.1371,-9.337084960937489,9.337084960937489
2020-08-03,Maharashtra,390.6,403.07315,-12.473150634765602,12.473150634765602
2020-08-04,Maharashtra,381.2,406.2714,-25.071392822265636,25.071392822265636
2020-08-05,Maharashtra,476.6,393.6245,82.97548828125002,82.97548828125002
2020-09-01,Maharashtra,490.8,463.77243,27.027569580078136,27.027569580078136
2020-09-02,Maharashtra,490.1,489.64923,0.45076904296877274,0.45076904296877274
2020-09-03,Maharashtra,491.6,494.34756,-2.7475646972656023,2.7475646972656023
2020-09-04,Maharashtra,486.1,497.46494,-11.364935302734352,11.364935302734352
2020-09-05,Maharashtra,486.1,473.2754,12.824609375000023,12.824609375000023
2020-10-01,Maharashtra,471.5,463.34454,8.15545654296875,8.15545654296875
2020-10-02,Maharashtra,376.7,440.14334,-63.443341064453136,63.443341064453136
2020-10-03,Maharashtra,380.3,388.99496,-8.694964599609364,8.694964599609364
2020-10-04,Maharashtra,387.0,394.95358,-7.953582763671875,7.953582763671875
2020-10-05,Maharashtra,392.8,406.10693,-13.306933593749989,13.306933593749989
2020-11-01,Maharashtra,386.3,393.96512,-7.665118408203114,7.665118408203114
2020-11-02,Maharashtra,382.6,400.89413,-18.294134521484352,18.294134521484352
2020-11-03,Maharashtra,367.1,389.742,-22.642004394531227,22.642004394531227
2020-11-04,Maharashtra,477.1,381.19833,95.90166625976565,95.90166625976565
2020-11-05,Maharashtra,485.9,463.86197,22.038031005859352,22.038031005859352
2020-12-01,Maharashtra,494.1,464.0589,30.041101074218773,30.041101074218773
2020-12-02,Maharashtra,492.8,490.0276,2.7724121093750114,2.7724121093750114
2020-12-03,Maharashtra,472.8,492.2713,-19.47130126953124,19.47130126953124
2020-12-04,Maharashtra,475.3,475.8781,-0.5781127929687386,0.5781127929687386
2020-12-05,Maharashtra,470.5,471.00818,-0.5081787109375,0.5081787109375
2020-02-28,Manipur,2.5,1.8458918,0.6541081666946411,0.6541081666946411
2020-02-29,Manipur,2.6,3.097074,-0.4970740318298339,0.4970740318298339
2020-03-01,Manipur,2.6,2.6911566,-0.09115662574768058,0.09115662574768058
2020-03-02,Manipur,2.6,2.8672986,-0.26729860305786124,0.26729860305786124
2020-03-03,Manipur,2.6,2.8672986,-0.26729860305786124,0.26729860305786124
2020-03-04,Manipur,2.7,2.793143,-0.09314303398132306,0.09314303398132306
2020-03-05,Manipur,2.7,2.9151444,-0.2151444435119627,0.2151444435119627
2020-03-13,Manipur,2.7,1.9969248,0.7030752420425417,0.7030752420425417
2020-03-14,Manipur,2.6,2.117867,0.48213300704956064,0.48213300704956064
2020-03-15,Manipur,2.6,2.477951,0.12204895019531259,0.12204895019531259
2020-03-16,Manipur,2.3,3.1142154,-0.8142153739929201,0.8142153739929201
2020-03-17,Manipur,2.4,2.4587584,-0.05875835418701181,0.05875835418701181
2020-03-18,Manipur,2.3,2.412187,-0.11218709945678729,0.11218709945678729
2020-03-19,Manipur,2.5,2.3812466,0.11875343322753906,0.11875343322753906
2020-03-20,Manipur,2.6,2.3977633,0.2022367477416993,0.2022367477416993
2020-03-21,Manipur,2.4,2.4354925,-0.03549251556396493,0.03549251556396493
2020-03-22,Manipur,2.3,2.5599933,-0.25999326705932635,0.25999326705932635
2020-03-23,Manipur,2.4,2.4355466,-0.03554663658142099,0.03554663658142099
2020-03-24,Manipur,2.3,2.3652222,-0.065222215652466,0.065222215652466
2020-03-25,Manipur,2.2,2.260126,-0.060126113891601385,0.060126113891601385
2020-03-26,Manipur,2.8,2.212159,0.5878410816192625,0.5878410816192625
2020-03-27,Manipur,2.1,2.6498806,-0.5498806476593017,0.5498806476593017
2020-03-28,Manipur,2.1,3.4345443,-1.3345443248748778,1.3345443248748778
2020-03-29,Manipur,2.5,4.973303,-2.4733028411865234,2.4733028411865234
2020-03-30,Manipur,2.6,1.8882961,0.7117038726806642,0.7117038726806642
2020-03-31,Manipur,2.5,4.772226,-2.272225856781006,2.272225856781006
2020-04-01,Manipur,2.5,2.6579218,-0.15792179107666016,0.15792179107666016
2020-04-02,Manipur,2.4,2.6958678,-0.29586777687072763,0.29586777687072763
2020-04-03,Manipur,2.3,2.5725849,-0.27258486747741717,0.27258486747741717
2020-04-04,Manipur,2.3,2.5416443,-0.241644334793091,0.241644334793091
2020-04-05,Manipur,2.5,2.5295942,-0.02959418296813965,0.02959418296813965
2020-04-13,Manipur,2.6,2.6960242,-0.09602417945861808,0.09602417945861808
2020-04-14,Manipur,2.6,2.753609,-0.15360894203186026,0.15360894203186026
2020-04-15,Manipur,2.5,2.3785298,0.12147021293640137,0.12147021293640137
2020-04-16,Manipur,2.5,2.5694199,-0.06941986083984375,0.06941986083984375
2020-04-17,Manipur,2.4,2.5174296,-0.11742959022521982,0.11742959022521982
2020-04-18,Manipur,2.4,2.4085817,-0.00858173370361337,0.00858173370361337
2020-04-19,Manipur,2.9,2.6763034,0.2236966133117675,0.2236966133117675
2020-04-20,Manipur,2.8,3.0280845,-0.22808451652526873,0.22808451652526873
2020-04-21,Manipur,2.9,3.008229,-0.10822901725769052,0.10822901725769052
2020-04-22,Manipur,2.9,2.9340734,-0.03407344818115243,0.03407344818115243
2020-04-23,Manipur,2.5,2.9340734,-0.43407344818115234,0.43407344818115234
2020-04-24,Manipur,2.8,2.4942179,0.3057821273803709,0.3057821273803709
2020-04-25,Manipur,2.8,2.814158,-0.014157962799072443,0.014157962799072443
2020-04-26,Manipur,2.4,3.053768,-0.6537679195404054,0.6537679195404054
2020-04-27,Manipur,2.5,2.3594096,0.14059042930603027,0.14059042930603027
2020-04-28,Manipur,2.8,2.437795,0.3622050762176512,0.3622050762176512
2020-04-29,Manipur,2.7,2.7876034,-0.08760337829589826,0.08760337829589826
2020-04-30,Manipur,2.4,1.9810107,0.41898932456970206,0.41898932456970206
2020-05-01,Manipur,2.3,2.534639,-0.2346388816833498,0.2346388816833498
2020-05-02,Manipur,2.2,2.5416443,-0.34164433479309064,0.34164433479309064
2020-05-03,Manipur,2.3,2.5295942,-0.22959418296813983,0.22959418296813983
2020-05-04,Manipur,2.5,2.6677902,-0.16779017448425293,0.16779017448425293
2020-05-05,Manipur,2.4,2.8042223,-0.40422234535217294,0.40422234535217294
2020-05-13,Manipur,2.3,2.516377,-0.2163769721984865,0.2163769721984865
2020-05-14,Manipur,2.2,2.3965654,-0.19656543731689435,0.19656543731689435
2020-05-15,Manipur,2.2,2.0436516,0.1563484191894533,0.1563484191894533
2020-05-16,Manipur,2.3,2.2921264,0.007873582839965643,0.007873582839965643
2020-05-17,Manipur,2.7,3.1866808,-0.48668079376220685,0.48668079376220685
2020-05-18,Manipur,2.7,2.8239625,-0.12396245002746564,0.12396245002746564
2020-05-19,Manipur,2.7,2.9128335,-0.21283345222473127,0.21283345222473127
2020-05-20,Manipur,2.7,2.838678,-0.13867788314819318,0.13867788314819318
2020-05-21,Manipur,2.3,2.8188224,-0.5188223838806154,0.5188223838806154
2020-05-22,Manipur,2.4,2.3577857,0.04221429824829093,0.04221429824829093
2020-05-23,Manipur,2.1,2.3887262,-0.28872623443603507,0.28872623443603507
2020-06-01,Manipur,2.4,3.5452662,-1.1452661514282227,1.1452661514282227
2020-06-02,Manipur,2.3,2.6404896,-0.3404895782470705,0.3404895782470705
2020-06-03,Manipur,2.5,2.5353935,-0.035393476486206055,0.035393476486206055
2020-06-04,Manipur,2.3,2.6718256,-0.37182564735412615,0.37182564735412615
2020-06-05,Manipur,2.4,2.155297,0.24470295906066886,0.24470295906066886
2020-07-01,Manipur,2.2,2.5312903,-0.331290292739868,0.331290292739868
2020-07-02,Manipur,2.5,2.5382957,-0.038295745849609375,0.038295745849609375
2020-07-03,Manipur,2.4,2.3835025,0.01649751663207999,0.01649751663207999
2020-07-04,Manipur,2.5,2.2780108,0.22198915481567383,0.22198915481567383
2020-07-05,Manipur,2.6,2.4723735,0.12762651443481454,0.12762651443481454
2020-08-01,Manipur,2.5,2.7222836,-0.22228360176086426,0.22228360176086426
2020-08-02,Manipur,2.5,2.7026448,-0.20264482498168945,0.20264482498168945
2020-08-03,Manipur,2.6,2.7970164,-0.19701638221740714,0.19701638221740714
2020-08-04,Manipur,2.5,2.8546011,-0.3546011447906494,0.3546011447906494
2020-08-05,Manipur,2.7,2.7228608,-0.022860813140868963,0.022860813140868963
2020-09-01,Manipur,2.5,2.9386566,-0.4386565685272217,0.4386565685272217
2020-09-02,Manipur,2.8,2.7228608,0.07713918685913068,0.07713918685913068
2020-09-03,Manipur,2.6,3.042801,-0.4428009033203124,0.4428009033203124
2020-09-04,Manipur,2.6,2.7602296,-0.16022958755493155,0.16022958755493155
2020-09-05,Manipur,2.7,2.7602296,-0.06022958755493146,0.06022958755493146
2020-10-01,Manipur,2.7,2.6847656,0.015234422683715998,0.015234422683715998
2020-10-02,Manipur,2.5,2.7024956,-0.20249557495117188,0.20249557495117188
2020-10-03,Manipur,2.6,2.5229094,0.07709059715271005,0.07709059715271005
2020-10-04,Manipur,2.4,2.5804942,-0.18049416542053232,0.18049416542053232
2020-10-05,Manipur,2.5,2.5117893,-0.011789321899414062,0.011789321899414062
2020-11-01,Manipur,2.6,1.4426178,1.1573822259902955,1.1573822259902955
2020-11-02,Manipur,2.3,2.3852444,-0.08524436950683612,0.08524436950683612
2020-11-03,Manipur,2.4,2.1912274,0.20877256393432608,0.20877256393432608
2020-11-04,Manipur,2.3,2.1480124,0.1519876003265379,0.1519876003265379
2020-11-05,Manipur,2.1,2.1170719,-0.017071866989135653,0.017071866989135653
2020-12-01,Manipur,2.1,2.1950161,-0.09501614570617667,0.09501614570617667
2020-12-02,Manipur,2.4,2.1588066,0.24119343757629386,0.24119343757629386
2020-12-03,Manipur,2.3,2.4834552,-0.18345518112182635,0.18345518112182635
2020-12-04,Manipur,2.5,2.4322987,0.06770133972167969,0.06770133972167969
2020-12-05,Manipur,2.5,2.5687308,-0.06873083114624023,0.06873083114624023
2020-02-28,Meghalaya,5.2,5.172543,0.0274569511413576,0.0274569511413576
2020-02-29,Meghalaya,4.9,6.0060997,-1.106099700927734,1.106099700927734
2020-03-01,Meghalaya,6.3,4.990278,1.3097222328186033,1.3097222328186033
2020-03-02,Meghalaya,6.4,6.794203,-0.39420280456542933,0.39420280456542933
2020-03-03,Meghalaya,6.5,6.794203,-0.2942028045654297,0.2942028045654297
2020-03-04,Meghalaya,6.4,6.720047,-0.32004699707031214,0.32004699707031214
2020-03-05,Meghalaya,6.5,6.720047,-0.2200469970703125,0.2200469970703125
2020-03-13,Meghalaya,6.3,5.801829,0.49817113876342756,0.49817113876342756
2020-03-14,Meghalaya,6.4,5.9227705,0.4772294998168949,0.4772294998168949
2020-03-15,Meghalaya,5.8,6.4048557,-0.6048557281494142,0.6048557281494142
2020-03-16,Meghalaya,5.6,6.385807,-0.785807037353516,0.785807037353516
2020-03-17,Meghalaya,5.9,5.4767303,0.42326965332031286,0.42326965332031286
2020-03-18,Meghalaya,5.6,5.8743396,-0.274339580535889,0.274339580535889
2020-03-19,Meghalaya,6.0,5.426703,0.5732970237731934,0.5732970237731934
2020-03-20,Meghalaya,6.4,5.754425,0.6455749511718754,0.6455749511718754
2020-03-21,Meghalaya,5.3,6.4388647,-1.1388647079467775,1.1388647079467775
2020-03-22,Meghalaya,3.5,5.6234927,-2.12349271774292,2.12349271774292
2020-03-23,Meghalaya,3.6,3.8453743,-0.24537434577941886,0.24537434577941886
2020-03-24,Meghalaya,3.5,4.04411,-0.5441098213195801,0.5441098213195801
2020-03-25,Meghalaya,3.6,3.6699538,-0.06995382308959952,0.06995382308959952
2020-03-26,Meghalaya,3.3,3.9219887,-0.6219887256622316,0.6219887256622316
2020-03-27,Meghalaya,3.7,3.4373713,0.262628746032715,0.262628746032715
2020-03-28,Meghalaya,3.7,5.1118326,-1.4118326187133787,1.4118326187133787
2020-03-29,Meghalaya,5.8,6.650592,-0.8505918502807619,0.8505918502807619
2020-03-30,Meghalaya,5.8,5.1403785,0.6596215248107908,0.6596215248107908
2020-03-31,Meghalaya,6.0,7.9667253,-1.9667253494262695,1.9667253494262695
2020-04-01,Meghalaya,5.7,5.8211327,-0.1211326599121092,0.1211326599121092
2020-04-02,Meghalaya,6.0,5.829067,0.17093276977539062,0.17093276977539062
2020-04-03,Meghalaya,6.4,5.841287,0.5587128639221195,0.5587128639221195
2020-04-04,Meghalaya,6.3,6.4965997,-0.1965996742248537,0.1965996742248537
2020-04-05,Meghalaya,6.5,6.4845495,0.015450477600097656,0.015450477600097656
2020-04-13,Meghalaya,6.4,6.514548,-0.11454782485961879,0.11454782485961879
2020-04-14,Meghalaya,6.4,6.6805143,-0.28051433563232386,0.28051433563232386
2020-04-15,Meghalaya,6.6,6.305434,0.29456577301025355,0.29456577301025355
2020-04-16,Meghalaya,6.7,6.5539093,0.14609069824218768,0.14609069824218768
2020-04-17,Meghalaya,6.6,6.5019193,0.09808073043823207,0.09808073043823207
2020-04-18,Meghalaya,6.3,6.5750303,-0.2750303268432619,0.2750303268432619
2020-04-19,Meghalaya,6.2,6.842752,-0.6427519798278807,0.6427519798278807
2020-04-20,Meghalaya,6.3,6.1137886,0.1862113952636717,0.1862113952636717
2020-04-21,Meghalaya,6.2,6.7492456,-0.5492456436157225,0.5492456436157225
2020-04-22,Meghalaya,6.2,6.0197773,0.18022270202636737,0.18022270202636737
2020-04-23,Meghalaya,6.4,6.0197773,0.38022270202636754,0.38022270202636754
2020-04-24,Meghalaya,6.1,6.555175,-0.45517482757568395,0.45517482757568395
2020-04-25,Meghalaya,6.2,5.8998623,0.30013771057128924,0.30013771057128924
2020-04-26,Meghalaya,5.9,6.1394725,-0.2394724845886227,0.2394724845886227
2020-04-27,Meghalaya,5.8,5.8705454,-0.07054538726806658,0.07054538726806658
2020-04-28,Meghalaya,6.0,5.843439,0.15656089782714844,0.15656089782714844
2020-04-29,Meghalaya,6.0,5.8733077,0.1266922950744629,0.1266922950744629
2020-04-30,Meghalaya,5.8,5.207069,0.5929310798645018,0.5929310798645018
2020-05-01,Meghalaya,5.9,6.045775,-0.14577493667602504,0.14577493667602504
2020-05-02,Meghalaya,6.0,6.0837207,-0.08372068405151367,0.08372068405151367
2020-05-03,Meghalaya,4.0,6.0716705,-2.0716705322265625,2.0716705322265625
2020-05-04,Meghalaya,4.3,4.491485,-0.19148511886596697,0.19148511886596697
2020-05-05,Meghalaya,4.3,4.6439505,-0.34395046234130877,0.34395046234130877
2020-05-13,Meghalaya,4.4,4.4615974,-0.06159744262695277,0.06159744262695277
2020-05-14,Meghalaya,4.6,4.584212,0.015788173675536754,0.015788173675536754
2020-05-15,Meghalaya,4.8,4.39803,0.4019701957702635,0.4019701957702635
2020-05-16,Meghalaya,4.9,4.8741355,0.02586450576782262,0.02586450576782262
2020-05-17,Meghalaya,6.7,5.76869,0.9313098907470705,0.9313098907470705
2020-05-18,Meghalaya,6.5,6.717737,-0.21773719787597656,0.21773719787597656
2020-05-19,Meghalaya,6.6,6.717737,-0.11773719787597692,0.11773719787597692
2020-05-20,Meghalaya,6.9,6.6435814,0.256418609619141,0.256418609619141
2020-05-21,Meghalaya,6.7,6.623726,0.07627410888671893,0.07627410888671893
2020-05-22,Meghalaya,6.7,6.4787083,0.22129173278808612,0.22129173278808612
2020-05-23,Meghalaya,6.4,6.4787083,-0.07870826721191371,0.07870826721191371
2020-06-01,Meghalaya,6.0,7.710742,-1.7107419967651367,1.7107419967651367
2020-06-02,Meghalaya,6.0,6.075158,-0.07515811920166016,0.07515811920166016
2020-06-03,Meghalaya,6.0,6.0010023,-0.0010023117065429688,0.0010023117065429688
2020-06-04,Meghalaya,5.9,6.0284867,-0.12848672866821254,0.12848672866821254
2020-06-05,Meghalaya,6.0,5.786244,0.21375608444213867,0.21375608444213867
2020-07-01,Meghalaya,6.0,6.1312966,-0.13129663467407227,0.13129663467407227
2020-07-02,Meghalaya,6.1,6.1692424,-0.0692423820495609,0.0692423820495609
2020-07-03,Meghalaya,5.0,5.878017,-0.8780169486999512,0.8780169486999512
2020-07-04,Meghalaya,4.9,4.9055457,-0.005545711517333629,0.005545711517333629
2020-07-05,Meghalaya,5.1,4.9055457,0.19445428848266566,0.19445428848266566
2020-08-01,Meghalaya,5.3,5.5737233,-0.27372331619262713,0.27372331619262713
2020-08-02,Meghalaya,5.3,5.584184,-0.2841841697692873,0.2841841697692873
2020-08-03,Meghalaya,5.3,5.6785564,-0.37855644226074237,0.37855644226074237
2020-08-04,Meghalaya,5.3,5.6785564,-0.37855644226074237,0.37855644226074237
2020-08-05,Meghalaya,5.6,5.6044006,-0.004400634765625355,0.004400634765625355
2020-09-01,Meghalaya,5.7,5.6406107,0.05938930511474627,0.05938930511474627
2020-09-02,Meghalaya,5.5,6.022026,-0.5220260620117188,0.5220260620117188
2020-09-03,Meghalaya,5.9,5.6044006,0.29559936523437536,0.29559936523437536
2020-09-04,Meghalaya,5.7,6.031821,-0.33182077407836896,0.33182077407836896
2020-09-05,Meghalaya,5.9,6.0018096,-0.1018095970153805,0.1018095970153805
2020-10-01,Meghalaya,5.7,5.8343563,-0.13435630798339826,0.13435630798339826
2020-10-02,Meghalaya,5.6,5.8220744,-0.2220744132995609,0.2220744132995609
2020-10-03,Meghalaya,6.0,5.404449,0.5955510139465332,0.5955510139465332
2020-10-04,Meghalaya,6.2,5.8520856,0.34791440963745135,0.34791440963745135
2020-10-05,Meghalaya,5.9,5.946458,-0.04645786285400355,0.04645786285400355
2020-11-01,Meghalaya,5.8,4.771795,1.0282052040100096,1.0282052040100096
2020-11-02,Meghalaya,5.6,5.656837,-0.0568369865417484,0.0568369865417484
2020-11-03,Meghalaya,5.9,5.2092004,0.6907996177673343,0.6907996177673343
2020-11-04,Meghalaya,4.9,5.582681,-0.6826811790466305,0.6826811790466305
2020-11-05,Meghalaya,5.3,4.61021,0.6897900581359862,0.6897900581359862
2020-12-01,Meghalaya,5.4,5.346414,0.053585910797119496,0.053585910797119496
2020-12-02,Meghalaya,5.4,5.310204,0.0897959709167484,0.0897959709167484
2020-12-03,Meghalaya,5.4,5.5593586,-0.15935859680175746,0.15935859680175746
2020-12-04,Meghalaya,5.7,5.539142,0.16085786819458026,0.16085786819458026
2020-12-05,Meghalaya,5.8,5.9567676,-0.15676755905151385,0.15676755905151385
2020-02-28,Mizoram,1.6,1.1993175,0.40068254470825204,0.40068254470825204
2020-02-29,Mizoram,1.7,2.4336224,-0.7336223602294922,0.7336223602294922
2020-03-01,Mizoram,1.8,1.9869976,-0.18699760437011714,0.18699760437011714
2020-03-02,Mizoram,1.7,2.1631398,-0.463139820098877,0.463139820098877
2020-03-03,Mizoram,1.8,2.216053,-0.4160530090332031,0.4160530090332031
2020-03-04,Mizoram,1.8,2.0889843,-0.2889842510223388,0.2889842510223388
2020-03-05,Mizoram,1.6,2.1418974,-0.541897439956665,0.541897439956665
2020-03-13,Mizoram,1.6,1.1538863,0.446113681793213,0.446113681793213
2020-03-14,Mizoram,1.5,1.2219155,0.27808451652526855,0.27808451652526855
2020-03-15,Mizoram,2.0,1.7040011,0.2959989309310913,0.2959989309310913
2020-03-16,Mizoram,1.7,2.5456824,-0.845682430267334,0.845682430267334
2020-03-17,Mizoram,1.4,2.0994992,-0.6994992256164552,0.6994992256164552
2020-03-18,Mizoram,1.7,1.6926724,0.007327628135681108,0.007327628135681108
2020-03-19,Mizoram,1.8,1.8711036,-0.07110364437103267,0.07110364437103267
2020-03-20,Mizoram,1.7,1.7511885,-0.051188516616821333,0.051188516616821333
2020-03-21,Mizoram,1.7,1.7842462,-0.08424620628356938,0.08424620628356938
2020-03-22,Mizoram,1.5,2.0189106,-0.5189106464385986,0.5189106464385986
2020-03-23,Mizoram,1.5,1.8556129,-0.3556128740310669,0.3556128740310669
2020-03-24,Mizoram,1.5,1.754348,-0.2543480396270752,0.2543480396270752
2020-03-25,Mizoram,1.6,1.6801924,-0.08019235134124747,0.08019235134124747
2020-03-26,Mizoram,1.6,1.6322252,-0.03222515583038321,0.03222515583038321
2020-03-27,Mizoram,1.5,1.6135749,-0.11357486248016357,0.11357486248016357
2020-03-28,Mizoram,1.5,2.9880364,-1.4880363941192627,1.4880363941192627
2020-03-29,Mizoram,1.6,4.5267954,-2.9267953872680663,2.9267953872680663
2020-03-30,Mizoram,1.6,1.2608018,0.3391982078552247,0.3391982078552247
2020-03-31,Mizoram,1.7,4.0871477,-2.3871477127075194,2.3871477127075194
2020-04-01,Mizoram,1.7,2.0113478,-0.311347770690918,0.311347770690918
2020-04-02,Mizoram,2.0,2.0492938,-0.04929375648498535,0.04929375648498535
2020-04-03,Mizoram,2.1,2.1671283,-0.0671283245086669,0.0671283245086669
2020-04-04,Mizoram,1.6,2.318011,-0.7180110454559325,0.7180110454559325
2020-04-05,Mizoram,1.6,2.1005442,-0.5005442142486571,0.5005442142486571
2020-04-13,Mizoram,1.8,1.9796585,-0.1796584844589233,0.1796584844589233
2020-04-14,Mizoram,1.7,2.0494494,-0.3494494438171387,0.3494494438171387
2020-04-15,Mizoram,1.8,1.7272836,0.07271640300750737,0.07271640300750737
2020-04-16,Mizoram,1.7,1.922845,-0.22284500598907475,0.22284500598907475
2020-04-17,Mizoram,1.6,1.9237686,-0.32376863956451407,0.32376863956451407
2020-04-18,Mizoram,1.4,1.7977078,-0.39770779609680185,0.39770779609680185
2020-04-19,Mizoram,2.1,1.9567897,0.14321026802062997,0.14321026802062997
2020-04-20,Mizoram,1.9,2.1971962,-0.29719624519348153,0.29719624519348153
2020-04-21,Mizoram,1.8,2.2576077,-0.4576076984405517,0.4576076984405517
2020-04-22,Mizoram,2.0,2.0204723,-0.020472288131713867,0.020472288131713867
2020-04-23,Mizoram,1.8,2.1560984,-0.35609836578369136,0.35609836578369136
2020-04-24,Mizoram,1.8,1.9985265,-0.19852645397186275,0.19852645397186275
2020-04-25,Mizoram,1.7,1.9005568,-0.20055680274963383,0.20055680274963383
2020-04-26,Mizoram,1.8,2.140167,-0.34016699790954585,0.34016699790954585
2020-04-27,Mizoram,1.9,1.8183262,0.08167376518249503,0.08167376518249503
2020-04-28,Mizoram,1.7,1.9091439,-0.2091439247131348,0.2091439247131348
2020-04-29,Mizoram,1.7,1.8740026,-0.17400257587432866,0.17400257587432866
2020-04-30,Mizoram,1.8,1.15485,0.6451499938964844,0.6451499938964844
2020-05-01,Mizoram,1.7,1.9935564,-0.29355638027191167,0.29355638027191167
2020-05-02,Mizoram,1.6,2.0844157,-0.48441567420959464,0.48441567420959464
2020-05-03,Mizoram,1.5,1.9496615,-0.4496614933013916,0.4496614933013916
2020-05-04,Mizoram,1.5,2.0878575,-0.5878574848175049,0.5878574848175049
2020-05-05,Mizoram,1.3,2.0878575,-0.7878574848175048,0.7878574848175048
2020-05-13,Mizoram,1.6,1.7486606,-0.14866056442260733,0.14866056442260733
2020-05-14,Mizoram,1.7,1.9055028,-0.20550279617309575,0.20550279617309575
2020-05-15,Mizoram,1.5,1.6223799,-0.12237989902496338,0.12237989902496338
2020-05-16,Mizoram,1.7,1.8010641,-0.10106413364410405,0.10106413364410405
2020-05-17,Mizoram,1.7,2.76541,-1.0654099464416504,1.0654099464416504
2020-05-18,Mizoram,1.7,2.0866728,-0.38667278289794926,0.38667278289794926
2020-05-19,Mizoram,1.8,2.0866728,-0.2866727828979492,0.2866727828979492
2020-05-20,Mizoram,1.6,2.0125172,-0.41251721382141104,0.41251721382141104
2020-05-21,Mizoram,1.6,1.9757838,-0.3757838249206542,0.3757838249206542
2020-05-22,Mizoram,1.7,1.7778522,-0.07785217761993413,0.07785217761993413
2020-05-23,Mizoram,1.6,1.8476431,-0.24764313697814933,0.24764313697814933
2020-06-01,Mizoram,1.6,3.0098872,-1.4098872184753417,1.4098872184753417
2020-06-02,Mizoram,1.7,2.0296164,-0.32961635589599614,0.32961635589599614
2020-06-03,Mizoram,1.7,2.0252516,-0.32525162696838383,0.32525162696838383
2020-06-04,Mizoram,1.8,2.0252516,-0.22525162696838374,0.22525162696838374
2020-06-05,Mizoram,1.8,1.734026,0.06597404479980473,0.06597404479980473
2020-07-01,Mizoram,1.8,2.131992,-0.3319921016693115,0.3319921016693115
2020-07-02,Mizoram,1.7,2.169938,-0.46993808746337895,0.46993808746337895
2020-07-03,Mizoram,1.7,1.8787124,-0.17871241569519047,0.17871241569519047
2020-07-04,Mizoram,1.7,1.8257992,-0.1257992267608643,0.1257992267608643
2020-07-05,Mizoram,1.8,1.8257992,-0.025799226760864213,0.025799226760864213
2020-08-01,Mizoram,1.9,2.0181248,-0.11812481880187997,0.11812481880187997
2020-08-02,Mizoram,1.9,2.173994,-0.2739940643310548,0.2739940643310548
2020-08-03,Mizoram,1.9,2.2683656,-0.36836562156677255,0.36836562156677255
2020-08-04,Mizoram,1.8,2.2683656,-0.4683656215667724,0.4683656215667724
2020-08-05,Mizoram,1.6,2.1292,-0.529199981689453,0.529199981689453
2020-09-01,Mizoram,1.6,2.0956187,-0.49561872482299796,0.49561872482299796
2020-09-02,Mizoram,1.7,2.006496,-0.3064959526062012,0.3064959526062012
2020-09-03,Mizoram,1.6,2.0762868,-0.47628679275512686,0.47628679275512686
2020-09-04,Mizoram,1.7,1.9862798,-0.286279845237732,0.286279845237732
2020-09-05,Mizoram,1.6,2.0560708,-0.4560708045959472,0.4560708045959472
2020-10-01,Mizoram,1.7,1.7888135,-0.08881347179412846,0.08881347179412846
2020-10-02,Mizoram,1.9,1.8763342,0.023665809631347567,0.023665809631347567
2020-10-03,Mizoram,1.7,1.9413449,-0.2413448572158814,0.2413448572158814
2020-10-04,Mizoram,1.7,1.9292477,-0.2292477369308472,0.2292477369308472
2020-10-05,Mizoram,1.7,1.9707059,-0.2707058668136597,0.2707058668136597
2020-11-01,Mizoram,2.0,0.79604304,1.203956961631775,1.203956961631775
2020-11-02,Mizoram,1.7,1.8167112,-0.11671118736267094,0.11671118736267094
2020-11-03,Mizoram,1.4,1.8319683,-0.4319683074951173,0.4319683074951173
2020-11-04,Mizoram,1.5,1.4284983,0.0715017318725586,0.0715017318725586
2020-11-05,Mizoram,1.7,1.5371385,0.16286153793334956,0.16286153793334956
2020-12-01,Mizoram,1.8,1.8182985,-0.018298459053039506,0.018298459053039506
2020-12-02,Mizoram,1.6,1.7820886,-0.18208863735198966,0.18208863735198966
2020-12-03,Mizoram,1.5,2.0143661,-0.5143661499023438,0.5143661499023438
2020-12-04,Mizoram,1.6,1.9412369,-0.34123685359954825,0.34123685359954825
2020-12-05,Mizoram,1.6,1.9412369,-0.34123685359954825,0.34123685359954825
2020-02-28,Nagaland,2.3,1.5760348,0.7239652156829832,0.7239652156829832
2020-02-29,Nagaland,2.0,2.8717706,-0.8717706203460693,0.8717706203460693
2020-03-01,Nagaland,2.2,2.363715,-0.16371493339538556,0.16371493339538556
2020-03-02,Nagaland,2.2,2.5844107,-0.3844106674194334,0.3844106674194334
2020-03-03,Nagaland,2.2,2.5844107,-0.3844106674194334,0.3844106674194334
2020-03-04,Nagaland,2.3,2.510255,-0.21025509834289569,0.21025509834289569
2020-03-05,Nagaland,2.2,2.510255,-0.31025509834289533,0.31025509834289533
2020-03-13,Nagaland,2.4,1.5920355,0.8079644680023192,0.8079644680023192
2020-03-14,Nagaland,2.3,1.7439182,0.5560818195343016,0.5560818195343016
2020-03-15,Nagaland,2.2,2.195063,0.004936885833740412,0.004936885833740412
2020-03-16,Nagaland,2.0,2.8313274,-0.8313274383544922,0.8313274383544922
2020-03-17,Nagaland,2.1,2.3253336,-0.22533359527587882,0.22533359527587882
2020-03-18,Nagaland,2.3,2.2478218,0.0521781921386717,0.0521781921386717
2020-03-19,Nagaland,2.3,2.2923756,0.00762443542480451,0.00762443542480451
2020-03-20,Nagaland,2.2,2.17246,0.027539920806884943,0.027539920806884943
2020-03-21,Nagaland,2.2,2.1526046,0.04739542007446307,0.04739542007446307
2020-03-22,Nagaland,2.1,2.4401817,-0.3401817321777343,0.3401817321777343
2020-03-23,Nagaland,2.1,2.3021219,-0.202121877670288,0.202121877670288
2020-03-24,Nagaland,2.0,2.200857,-0.20085692405700684,0.20085692405700684
2020-03-25,Nagaland,2.1,2.1267014,-0.02670135498046866,0.02670135498046866
2020-03-26,Nagaland,2.2,2.0787342,0.12126584053039569,0.12126584053039569
2020-03-27,Nagaland,2.1,2.1046374,-0.004637384414672763,0.004637384414672763
2020-03-28,Nagaland,2.1,3.4345443,-1.3345443248748778,1.3345443248748778
2020-03-29,Nagaland,2.3,4.973303,-2.6733028411865236,2.6733028411865236
2020-03-30,Nagaland,2.3,1.751864,0.5481360435485838,0.5481360435485838
2020-03-31,Nagaland,2.1,4.57821,-2.47820987701416,2.47820987701416
2020-04-01,Nagaland,2.0,2.3880649,-0.3880648612976074,0.3880648612976074
2020-04-02,Nagaland,2.2,2.4260108,-0.22601084709167463,0.22601084709167463
2020-04-03,Nagaland,2.2,2.4527733,-0.252773332595825,0.252773332595825
2020-04-04,Nagaland,2.0,2.4527733,-0.4527733325958252,0.4527733325958252
2020-04-05,Nagaland,2.1,2.3961694,-0.29616942405700675,0.29616942405700675
2020-04-13,Nagaland,2.2,2.4261672,-0.22616724967956525,0.22616724967956525
2020-04-14,Nagaland,2.0,2.470721,-0.4707210063934326,0.4707210063934326
2020-04-15,Nagaland,1.9,2.051088,-0.1510880947113038,0.1510880947113038
2020-04-16,Nagaland,1.9,2.2289467,-0.3289466857910157,0.3289466857910157
2020-04-17,Nagaland,1.9,2.078987,-0.17898688316345224,0.17898688316345224
2020-04-18,Nagaland,1.8,2.0756307,-0.2756306648254394,0.2756306648254394
2020-04-19,Nagaland,2.1,2.2783422,-0.17834224700927725,0.17834224700927725
2020-04-20,Nagaland,2.2,2.3403175,-0.14031748771667463,0.14031748771667463
2020-04-21,Nagaland,2.2,2.3727772,-0.17277722358703596,0.17277722358703596
2020-04-22,Nagaland,2.1,2.3888302,-0.28883018493652335,0.28883018493652335
2020-04-23,Nagaland,2.2,2.3442764,-0.14427642822265607,0.14427642822265607
2020-04-24,Nagaland,2.1,2.2689147,-0.16891469955444327,0.16891469955444327
2020-04-25,Nagaland,2.1,2.224361,-0.12436094284057608,0.12436094284057608
2020-04-26,Nagaland,2.1,2.463971,-0.3639708995819091,0.3639708995819091
2020-04-27,Nagaland,2.1,2.1950443,-0.09504427909851065,0.09504427909851065
2020-04-28,Nagaland,2.1,2.167938,-0.06793799400329581,0.06793799400329581
2020-04-29,Nagaland,2.2,2.1978064,0.002193641662597834,0.002193641662597834
2020-04-30,Nagaland,2.1,1.5761213,0.5238786697387696,0.5238786697387696
2020-05-01,Nagaland,2.1,2.3702736,-0.27027359008789054,0.27027359008789054
2020-05-02,Nagaland,2.3,2.4082196,-0.10821957588195819,0.10821957588195819
2020-05-03,Nagaland,2.1,2.4407232,-0.34072318077087393,0.34072318077087393
2020-05-04,Nagaland,2.1,2.5343654,-0.43436541557312003,0.43436541557312003
2020-05-05,Nagaland,2.0,2.5343654,-0.5343654155731201,0.5343654155731201
2020-05-13,Nagaland,2.1,2.3520117,-0.25201168060302725,0.25201168060302725
2020-05-14,Nagaland,2.0,2.3520117,-0.35201168060302734,0.35201168060302734
2020-05-15,Nagaland,2.1,1.9990977,0.10090229511260995,0.10090229511260995
2020-05-16,Nagaland,2.2,2.2475727,-0.047572660446166815,0.047572660446166815
2020-05-17,Nagaland,2.3,3.1866808,-0.8866807937622072,0.8866807937622072
2020-05-18,Nagaland,2.3,2.507944,-0.20794410705566424,0.20794410705566424
2020-05-19,Nagaland,2.4,2.507944,-0.10794410705566415,0.10794410705566415
2020-05-20,Nagaland,2.3,2.464729,-0.16472907066345233,0.16472907066345233
2020-05-21,Nagaland,2.1,2.413933,-0.31393303871154776,0.31393303871154776
2020-05-22,Nagaland,2.2,2.224361,-0.024360942840575994,0.024360942840575994
2020-05-23,Nagaland,2.2,2.2689147,-0.06891469955444318,0.06891469955444318
2020-06-01,Nagaland,2.2,3.500949,-1.300948905944824,1.300948905944824
2020-06-02,Nagaland,2.2,2.520678,-0.32067804336547834,0.32067804336547834
2020-06-03,Nagaland,2.2,2.4465225,-0.24652247428894025,0.24652247428894025
2020-06-04,Nagaland,2.2,2.4465225,-0.24652247428894025,0.24652247428894025
2020-06-05,Nagaland,2.2,2.155297,0.04470295906066912,0.04470295906066912
2020-07-01,Nagaland,2.2,2.5003498,-0.3003497600555418,0.3003497600555418
2020-07-02,Nagaland,2.2,2.5382957,-0.3382957458496092,0.3382957458496092
2020-07-03,Nagaland,2.0,2.2470703,-0.2470703125,0.2470703125
2020-07-04,Nagaland,2.4,2.2025166,0.1974834442138671,0.1974834442138671
2020-07-05,Nagaland,2.2,2.2780108,-0.078010845184326,0.078010845184326
2020-08-01,Nagaland,2.5,2.4393957,0.06060433387756348,0.06060433387756348
2020-08-02,Nagaland,2.3,2.6137738,-0.313773822784424,0.313773822784424
2020-08-03,Nagaland,2.3,2.5717132,-0.27171320915222186,0.27171320915222186
2020-08-04,Nagaland,2.2,2.5717132,-0.3717132091522215,0.3717132091522215
2020-08-05,Nagaland,2.1,2.4975576,-0.3975576400756835,0.3975576400756835
2020-09-01,Nagaland,2.2,2.4892135,-0.28921346664428693,0.28921346664428693
2020-09-02,Nagaland,2.2,2.4975576,-0.2975576400756834,0.2975576400756834
2020-09-03,Nagaland,2.1,2.4975576,-0.3975576400756835,0.3975576400756835
2020-09-04,Nagaland,2.2,2.432788,-0.23278789520263654,0.23278789520263654
2020-09-05,Nagaland,2.2,2.4773417,-0.27734165191650373,0.27734165191650373
2020-10-01,Nagaland,2.2,2.2798762,-0.07987623214721662,0.07987623214721662
2020-10-02,Nagaland,2.3,2.2976062,0.00239377021789533,0.00239377021789533
2020-10-03,Nagaland,2.2,2.2976062,-0.09760622978210431,0.09760622978210431
2020-10-04,Nagaland,2.6,2.2976062,0.3023937702178956,0.3023937702178956
2020-10-05,Nagaland,2.5,2.5859947,-0.08599472045898438,0.08599472045898438
2020-11-01,Nagaland,2.2,1.3537467,0.8462533473968508,0.8462533473968508
2020-11-02,Nagaland,2.0,2.1023564,-0.1023564338684082,0.1023564338684082
2020-11-03,Nagaland,2.1,2.0578027,0.04219732284545907,0.04219732284545907
2020-11-04,Nagaland,1.9,1.9836471,-0.08364710807800302,0.08364710807800302
2020-11-05,Nagaland,1.9,1.9130309,-0.013030862808227628,0.013030862808227628
2020-12-01,Nagaland,2.0,2.0264304,-0.026430368423461914,0.026430368423461914
2020-12-02,Nagaland,2.1,2.0608366,0.03916344642639169,0.03916344642639169
2020-12-03,Nagaland,2.0,2.407961,-0.4079608917236328,0.4079608917236328
2020-12-04,Nagaland,2.0,2.387745,-0.3877449035644531,0.3877449035644531
2020-12-05,Nagaland,2.1,2.387745,-0.28774490356445304,0.28774490356445304
2020-02-28,Odisha,87.7,81.81205,5.887950134277347,5.887950134277347
2020-02-29,Odisha,83.5,87.1952,-3.6951980590820312,3.6951980590820312
2020-03-01,Odisha,64.2,84.9104,-20.710400390624997,20.710400390624997
2020-03-02,Odisha,66.0,70.239586,-4.239585876464844,4.239585876464844
2020-03-03,Odisha,64.6,69.95579,-5.355787658691412,5.355787658691412
2020-03-04,Odisha,65.2,70.40638,-5.206379699707028,5.206379699707028
2020-03-05,Odisha,65.4,70.07345,-4.673448181152338,4.673448181152338
2020-03-13,Odisha,65.2,66.54903,-1.3490264892578097,1.3490264892578097
2020-03-14,Odisha,65.0,65.87971,-0.8797073364257812,0.8797073364257812
2020-03-15,Odisha,81.0,70.112305,10.8876953125,10.8876953125
2020-03-16,Odisha,79.7,80.92933,-1.2293289184570284,1.2293289184570284
2020-03-17,Odisha,80.6,78.77687,1.8231292724609318,1.8231292724609318
2020-03-18,Odisha,84.0,80.62261,3.3773880004882812,3.3773880004882812
2020-03-19,Odisha,85.1,82.43925,2.660752868652338,2.660752868652338
2020-03-20,Odisha,89.5,82.66787,6.832130432128906,6.832130432128906
2020-03-21,Odisha,88.3,87.186264,1.1137359619140597,1.1137359619140597
2020-03-22,Odisha,69.1,84.41731,-15.317312622070318,15.317312622070318
2020-03-23,Odisha,71.4,71.62016,-0.22016296386718182,0.22016296386718182
2020-03-24,Odisha,69.4,72.65847,-3.258470153808588,3.258470153808588
2020-03-25,Odisha,63.8,72.181175,-8.381175231933597,8.381175231933597
2020-03-26,Odisha,63.0,67.93736,-4.9373626708984375,4.9373626708984375
2020-03-27,Odisha,69.4,67.245804,2.154196166992193,2.154196166992193
2020-03-28,Odisha,70.5,76.54492,-6.044921875,6.044921875
2020-03-29,Odisha,78.9,77.593506,1.3064941406250057,1.3064941406250057
2020-03-30,Odisha,75.9,80.019066,-4.119065856933588,4.119065856933588
2020-03-31,Odisha,74.4,80.62021,-6.220208740234369,6.220208740234369
2020-04-01,Odisha,71.2,77.50501,-6.305012512207028,6.305012512207028
2020-04-02,Odisha,66.3,73.10567,-6.805667114257815,6.805667114257815
2020-04-03,Odisha,60.4,69.745865,-9.345864868164064,9.345864868164064
2020-04-04,Odisha,72.0,68.68632,3.3136825561523438,3.3136825561523438
2020-04-05,Odisha,88.8,73.12264,15.677357482910153,15.677357482910153
2020-04-13,Odisha,81.4,85.32145,-3.9214492797851506,3.9214492797851506
2020-04-14,Odisha,79.0,83.07846,-4.078460693359375,4.078460693359375
2020-04-15,Odisha,78.6,79.853355,-1.2533554077148494,1.2533554077148494
2020-04-16,Odisha,80.9,80.10183,0.7981704711914119,0.7981704711914119
2020-04-17,Odisha,85.1,81.106514,3.993486022949213,3.993486022949213
2020-04-18,Odisha,83.3,83.891396,-0.5913955688476591,0.5913955688476591
2020-04-19,Odisha,74.2,82.35605,-8.156048583984372,8.156048583984372
2020-04-20,Odisha,72.9,75.6781,-2.7781005859374943,2.7781005859374943
2020-04-21,Odisha,74.8,75.623535,-0.8235351562500028,0.8235351562500028
2020-04-22,Odisha,73.6,75.549385,-1.949385070800787,1.949385070800787
2020-04-23,Odisha,74.9,75.549385,-0.6493850708007756,0.6493850708007756
2020-04-24,Odisha,72.4,75.21155,-2.8115478515624943,2.8115478515624943
2020-04-25,Odisha,72.1,72.7617,-0.6617034912109432,0.6617034912109432
2020-04-26,Odisha,80.5,74.6994,5.80059814453125,5.80059814453125
2020-04-27,Odisha,88.1,81.231636,6.868363952636713,6.868363952636713
2020-04-28,Odisha,89.1,84.11217,4.987832641601557,4.987832641601557
2020-04-29,Odisha,81.3,89.67767,-8.377673339843753,8.377673339843753
2020-04-30,Odisha,89.4,82.51308,6.886923217773443,6.886923217773443
2020-05-01,Odisha,88.0,88.70711,-0.7071075439453125,0.7071075439453125
2020-05-02,Odisha,91.6,84.86876,6.731240844726557,6.731240844726557
2020-05-03,Odisha,78.2,89.35609,-11.156086730957028,11.156086730957028
2020-05-04,Odisha,76.2,79.8444,-3.6443984985351534,3.6443984985351534
2020-05-05,Odisha,80.6,77.28501,3.314988708496088,3.314988708496088
2020-05-13,Odisha,69.7,81.987305,-12.287304687499997,12.287304687499997
2020-05-14,Odisha,72.6,72.353065,0.24693450927733807,0.24693450927733807
2020-05-15,Odisha,73.6,74.390884,-0.7908843994140682,0.7908843994140682
2020-05-16,Odisha,74.7,74.24121,0.45878906250000284,0.45878906250000284
2020-05-17,Odisha,76.0,78.648766,-2.6487655639648438,2.6487655639648438
2020-05-18,Odisha,69.9,77.65075,-7.750749206542963,7.750749206542963
2020-05-19,Odisha,68.9,72.72176,-3.821763610839838,3.821763610839838
2020-05-20,Odisha,71.0,71.550476,-0.55047607421875,0.55047607421875
2020-05-21,Odisha,72.0,72.89036,-0.8903579711914062,0.8903579711914062
2020-05-22,Odisha,77.0,72.7617,4.2382965087890625,4.2382965087890625
2020-05-23,Odisha,84.3,77.159096,7.140904235839841,7.140904235839841
2020-06-01,Odisha,85.4,86.56309,-1.1630874633789006,1.1630874633789006
2020-06-02,Odisha,86.0,84.68498,1.3150177001953125,1.3150177001953125
2020-06-03,Odisha,79.4,84.61083,-5.210832214355463,5.210832214355463
2020-06-04,Odisha,75.1,80.178955,-5.078955078125006,5.078955078125006
2020-06-05,Odisha,75.8,76.62603,-0.8260299682617216,0.8260299682617216
2020-07-01,Odisha,74.0,79.520294,-5.520294189453125,5.520294189453125
2020-07-02,Odisha,73.8,75.763794,-1.9637939453125028,1.9637939453125028
2020-07-03,Odisha,94.8,75.50728,19.292721557617185,19.292721557617185
2020-07-04,Odisha,91.1,89.41024,1.6897598266601506,1.6897598266601506
2020-07-05,Odisha,93.6,88.8038,4.796197509765619,4.796197509765619
2020-08-01,Odisha,93.6,90.249405,3.350595092773432,3.350595092773432
2020-08-02,Odisha,90.3,90.28735,0.012646484374997158,0.012646484374997158
2020-08-03,Odisha,89.4,89.13379,0.2662109375000057,0.2662109375000057
2020-08-04,Odisha,91.4,88.8829,2.517103576660162,2.517103576660162
2020-08-05,Odisha,72.4,85.382484,-12.98248443603515,12.98248443603515
2020-09-01,Odisha,71.6,73.064186,-1.464186096191412,1.464186096191412
2020-09-02,Odisha,69.9,72.055275,-2.1552749633789006,2.1552749633789006
2020-09-03,Odisha,69.3,71.74967,-2.449671936035159,2.449671936035159
2020-09-04,Odisha,67.8,71.79636,-3.996356201171878,3.996356201171878
2020-09-05,Odisha,68.6,71.054565,-2.4545654296875057,2.4545654296875057
2020-10-01,Odisha,71.4,71.32212,0.07787933349609943,0.07787933349609943
2020-10-02,Odisha,76.5,73.45927,3.0407333374023438,3.0407333374023438
2020-10-03,Odisha,74.6,77.24091,-2.640913391113287,2.640913391113287
2020-10-04,Odisha,80.4,75.293365,5.106634521484381,5.106634521484381
2020-10-05,Odisha,81.6,81.78321,-0.18321075439453693,0.18321075439453693
2020-11-01,Odisha,81.0,82.56128,-1.561279296875,1.561279296875
2020-11-02,Odisha,79.7,81.52568,-1.8256805419921847,1.8256805419921847
2020-11-03,Odisha,80.6,79.637146,0.9628540039062443,0.9628540039062443
2020-11-04,Odisha,81.3,81.486244,-0.1862442016601591,0.1862442016601591
2020-11-05,Odisha,95.3,82.413025,12.886975097656247,12.886975097656247
2020-12-01,Odisha,105.7,90.419365,15.280635070800784,15.280635070800784
2020-12-02,Odisha,112.3,102.17502,10.124981689453122,10.124981689453122
2020-12-03,Odisha,113.0,109.15777,3.8422317504882812,3.8422317504882812
2020-12-04,Odisha,111.6,111.06794,0.5320602416992131,0.5320602416992131
2020-12-05,Odisha,95.1,109.34923,-14.249227905273443,14.249227905273443
2020-02-28,Pondy,8.9,8.003223,0.8967765808105472,0.8967765808105472
2020-02-29,Pondy,8.5,9.254406,-0.7544059753417969,0.7544059753417969
2020-03-01,Pondy,7.2,8.089506,-0.889506149291992,0.889506149291992
2020-03-02,Pondy,7.4,7.76387,-0.36386976242065394,0.36386976242065394
2020-03-03,Pondy,6.9,7.76387,-0.8638697624206539,0.8638697624206539
2020-03-04,Pondy,6.4,7.1588683,-0.758868312835693,0.758868312835693
2020-03-05,Pondy,7.3,7.1588683,0.14113168716430646,0.14113168716430646
2020-03-13,Pondy,7.2,6.771496,0.4285041809082033,0.4285041809082033
2020-03-14,Pondy,6.7,6.8924375,-0.1924374580383299,0.1924374580383299
2020-03-15,Pondy,9.5,6.843677,2.656322956085205,2.656322956085205
2020-03-16,Pondy,9.5,9.912193,-0.41219329833984375,0.41219329833984375
2020-03-17,Pondy,8.7,9.450753,-0.7507532119750984,0.7507532119750984
2020-03-18,Pondy,8.9,8.67501,0.224990272521973,0.224990272521973
2020-03-19,Pondy,8.3,8.67501,-0.37500972747802663,0.37500972747802663
2020-03-20,Pondy,8.2,7.8972945,0.3027054786682122,0.3027054786682122
2020-03-21,Pondy,8.1,7.877439,0.22256097793579066,0.22256097793579066
2020-03-22,Pondy,4.4,8.165016,-3.765016174316406,3.765016174316406
2020-03-23,Pondy,4.5,4.973142,-0.473142147064209,0.473142147064209
2020-03-24,Pondy,4.6,4.84463,-0.24462976455688512,0.24462976455688512
2020-03-25,Pondy,4.7,4.9372063,-0.2372062683105467,0.2372062683105467
2020-03-26,Pondy,4.6,4.663357,-0.06335678100585973,0.06335678100585973
2020-03-27,Pondy,4.6,4.897837,-0.2978371620178226,0.2978371620178226
2020-03-28,Pondy,4.7,6.2722983,-1.5722983360290526,1.5722983360290526
2020-03-29,Pondy,6.9,7.8110576,-0.9110575675964352,0.9110575675964352
2020-03-30,Pondy,7.1,6.1562653,0.9437347412109371,0.9437347412109371
2020-03-31,Pondy,7.0,9.513451,-2.5134506225585938,2.5134506225585938
2020-04-01,Pondy,7.2,6.7934175,0.40658254623413104,0.40658254623413104
2020-04-02,Pondy,7.6,7.4058027,0.19419727325439418,0.19419727325439418
2020-04-03,Pondy,7.6,7.623945,-0.023945236206055043,0.023945236206055043
2020-04-04,Pondy,7.0,7.623945,-0.6239452362060547,0.6239452362060547
2020-04-05,Pondy,8.0,6.768657,1.2313427925109863,1.2313427925109863
2020-04-13,Pondy,8.5,7.9513397,0.5486602783203125,0.5486602783203125
2020-04-14,Pondy,8.0,7.9513397,0.0486602783203125,0.0486602783203125
2020-04-15,Pondy,8.4,7.820475,0.5795248985290531,0.5795248985290531
2020-04-16,Pondy,7.8,8.068953,-0.26895256042480487,0.26895256042480487
2020-04-17,Pondy,7.2,7.756502,-0.5565021514892576,0.5565021514892576
2020-04-18,Pondy,7.4,7.4682307,-0.06823072433471644,0.06823072433471644
2020-04-19,Pondy,7.0,7.7359524,-0.7359523773193359,0.7359523773193359
2020-04-20,Pondy,7.2,7.1314554,0.06854457855224627,0.06854457855224627
2020-04-21,Pondy,7.3,7.6424456,-0.3424455642700197,0.3424455642700197
2020-04-22,Pondy,7.4,7.5682898,-0.168289756774902,0.168289756774902
2020-04-23,Pondy,7.6,7.5682898,0.0317102432250973,0.0317102432250973
2020-04-24,Pondy,7.4,7.73329,-0.33329019546508754,0.33329019546508754
2020-04-25,Pondy,6.7,7.448375,-0.7483752250671385,0.7483752250671385
2020-04-26,Pondy,9.0,7.15714,1.842860221862793,1.842860221862793
2020-04-27,Pondy,9.1,8.6222315,0.477768516540527,0.477768516540527
2020-04-28,Pondy,8.8,9.293356,-0.4933559417724602,0.4933559417724602
2020-04-29,Pondy,9.0,8.624993,0.37500667572021484,0.37500667572021484
2020-04-30,Pondy,9.2,7.9587555,1.2412445068359368,1.2412445068359368
2020-05-01,Pondy,9.2,9.452094,-0.25209407806396555,0.25209407806396555
2020-05-02,Pondy,8.2,9.533641,-1.3336408615112312,1.3336408615112312
2020-05-03,Pondy,5.8,8.165561,-2.3655607223510744,2.3655607223510744
2020-05-04,Pondy,6.4,6.57222,-0.17221984863281214,0.17221984863281214
2020-05-05,Pondy,6.6,7.227533,-0.6275328636169437,0.6275328636169437
2020-05-13,Pondy,6.9,7.04518,-0.14517984390258754,0.14517984390258754
2020-05-14,Pondy,7.3,7.04518,0.25482015609741193,0.25482015609741193
2020-05-15,Pondy,7.4,7.223111,0.17688884735107457,0.17688884735107457
2020-05-16,Pondy,7.3,7.471586,-0.17158622741699237,0.17158622741699237
2020-05-17,Pondy,7.2,8.36614,-1.1661403656005858,1.1661403656005858
2020-05-18,Pondy,7.3,7.687404,-0.38740415573120135,0.38740415573120135
2020-05-19,Pondy,7.5,7.687404,-0.18740415573120117,0.18740415573120117
2020-05-20,Pondy,7.5,7.6132483,-0.11324834823608398,0.11324834823608398
2020-05-21,Pondy,7.5,7.593393,-0.09339284896850586,0.09339284896850586
2020-05-22,Pondy,7.6,7.448375,0.15162477493286097,0.15162477493286097
2020-05-23,Pondy,6.9,7.73329,-0.8332901954650875,0.8332901954650875
2020-06-01,Pondy,6.4,8.105961,-1.7059608459472653,1.7059608459472653
2020-06-02,Pondy,6.5,7.169292,-0.6692919731140137,0.6692919731140137
2020-06-03,Pondy,6.5,7.095136,-0.5951361656188965,0.5951361656188965
2020-06-04,Pondy,6.7,7.095136,-0.3951361656188963,0.3951361656188963
2020-06-05,Pondy,6.6,6.8039103,-0.20391025543212926,0.20391025543212926
2020-07-01,Pondy,6.7,7.1053615,-0.4053614616394041,0.4053614616394041
2020-07-02,Pondy,6.2,7.186909,-0.9869091987609862,0.9869091987609862
2020-07-03,Pondy,7.0,6.2403708,0.7596292495727539,0.7596292495727539
2020-07-04,Pondy,7.1,6.8956833,0.2043167114257809,0.2043167114257809
2020-07-05,Pondy,7.1,7.426529,-0.32652893066406286,0.32652893066406286
2020-08-01,Pondy,7.9,7.575253,0.3247469902038578,0.3247469902038578
2020-08-02,Pondy,7.9,8.202179,-0.30217895507812464,0.30217895507812464
2020-08-03,Pondy,8.2,8.29655,-0.09654979705810618,0.09654979705810618
2020-08-04,Pondy,7.7,8.29655,-0.5965497970581053,0.5965497970581053
2020-08-05,Pondy,7.5,7.961931,-0.4619312286376953,0.4619312286376953
2020-09-01,Pondy,7.9,7.669625,0.2303751945495609,0.2303751945495609
2020-09-02,Pondy,8.1,8.222394,-0.12239398956298864,0.12239398956298864
2020-09-03,Pondy,8.0,8.222394,-0.22239398956298828,0.22239398956298828
2020-09-04,Pondy,8.5,8.202179,0.297821044921875,0.297821044921875
2020-09-05,Pondy,8.2,8.202179,-0.0021789550781257105,0.0021789550781257105
2020-10-01,Pondy,7.4,7.9611115,-0.5611115455627438,0.5611115455627438
2020-10-02,Pondy,8.4,7.477065,0.9229349136352543,0.9229349136352543
2020-10-03,Pondy,8.7,8.022444,0.6775562286376946,0.6775562286376946
2020-10-04,Pondy,8.9,8.680243,0.21975746154785192,0.21975746154785192
2020-10-05,Pondy,9.4,8.774613,0.6253866195678714,0.6253866195678714
2020-11-01,Pondy,9.5,6.9076886,2.592311382293701,2.592311382293701
2020-11-02,Pondy,9.5,9.732557,-0.2325572967529297,0.2325572967529297
2020-11-03,Pondy,8.7,9.732557,-1.0325572967529304,1.0325572967529304
2020-11-04,Pondy,8.0,8.960171,-0.9601707458496094,0.9601707458496094
2020-11-05,Pondy,8.4,8.302372,0.09762802124023473,0.09762802124023473
2020-12-01,Pondy,8.5,8.46369,0.03631019592285156,0.03631019592285156
2020-12-02,Pondy,8.5,8.4775305,0.022469520568847656,0.022469520568847656
2020-12-03,Pondy,8.7,8.726685,-0.02668457031250071,0.02668457031250071
2020-12-04,Pondy,8.6,9.364268,-0.7642683029174808,0.7642683029174808
2020-12-05,Pondy,7.9,9.364268,-1.4642683029174801,1.4642683029174801
2020-02-28,Punjab,152.0,147.71696,4.2830352783203125,4.2830352783203125
2020-02-29,Punjab,162.4,150.71165,11.688345336914068,11.688345336914068
2020-03-01,Punjab,108.2,161.63637,-53.43636779785156,53.43636779785156
2020-03-02,Punjab,112.0,114.49871,-2.4987106323242188,2.4987106323242188
2020-03-03,Punjab,112.6,113.75375,-1.1537536621093807,1.1537536621093807
2020-03-04,Punjab,113.5,116.306496,-2.8064956665039062,2.8064956665039062
2020-03-05,Punjab,113.0,116.306496,-3.3064956665039062,3.3064956665039062
2020-03-13,Punjab,111.8,112.57105,-0.7710525512695341,0.7710525512695341
2020-03-14,Punjab,103.6,114.76247,-11.162466430664068,11.162466430664068
2020-03-15,Punjab,284.4,135.59637,148.80362548828123,148.80362548828123
2020-03-16,Punjab,271.4,268.20917,3.1908325195312273,3.1908325195312273
2020-03-17,Punjab,270.0,265.28265,4.71734619140625,4.71734619140625
2020-03-18,Punjab,291.7,264.62253,27.077471923828114,27.077471923828114
2020-03-19,Punjab,268.9,261.48328,7.416723632812477,7.416723632812477
2020-03-20,Punjab,262.6,266.96487,-4.364874267578102,4.364874267578102
2020-03-21,Punjab,244.6,237.29518,7.304818725585932,7.304818725585932
2020-03-22,Punjab,73.9,148.4889,-74.58890686035156,74.58890686035156
2020-03-23,Punjab,75.8,76.7369,-0.9369003295898466,0.9369003295898466
2020-03-24,Punjab,69.6,83.75126,-14.151258850097662,14.151258850097662
2020-03-25,Punjab,72.4,61.69634,10.703661346435553,10.703661346435553
2020-03-26,Punjab,74.0,64.88417,9.115829467773438,9.115829467773438
2020-03-27,Punjab,75.9,73.05519,2.844808959960943,2.844808959960943
2020-03-28,Punjab,77.7,85.982765,-8.282765197753903,8.282765197753903
2020-03-29,Punjab,106.4,166.91168,-60.511682128906244,60.511682128906244
2020-03-30,Punjab,106.4,159.59006,-53.19005737304687,53.19005737304687
2020-03-31,Punjab,106.7,123.28896,-16.58896331787109,16.58896331787109
2020-04-01,Punjab,95.3,116.60575,-21.30575103759766,21.30575103759766
2020-04-02,Punjab,99.0,118.75329,-19.75328826904297,19.75328826904297
2020-04-03,Punjab,101.7,110.98508,-9.285076904296872,9.285076904296872
2020-04-04,Punjab,94.2,103.18476,-8.984761047363278,8.984761047363278
2020-04-05,Punjab,99.2,100.07468,-0.8746765136718722,0.8746765136718722
2020-04-13,Punjab,102.9,105.707115,-2.807115173339838,2.807115173339838
2020-04-14,Punjab,107.7,106.89234,0.8076583862304716,0.8076583862304716
2020-04-15,Punjab,112.8,108.00277,4.797230529785153,4.797230529785153
2020-04-16,Punjab,114.1,108.77462,5.325379943847651,5.325379943847651
2020-04-17,Punjab,111.7,110.08507,1.6149322509765653,1.6149322509765653
2020-04-18,Punjab,112.3,109.91244,2.3875625610351534,2.3875625610351534
2020-04-19,Punjab,102.8,118.794495,-15.994494628906253,15.994494628906253
2020-04-20,Punjab,105.2,113.65728,-8.457279968261716,8.457279968261716
2020-04-21,Punjab,105.8,122.641075,-16.841075134277347,16.841075134277347
2020-04-22,Punjab,92.4,118.325035,-25.925035095214838,25.925035095214838
2020-04-23,Punjab,100.2,106.73064,-6.530636596679685,6.530636596679685
2020-04-24,Punjab,104.3,104.94898,-0.6489822387695341,0.6489822387695341
2020-04-25,Punjab,97.3,105.66091,-8.360911560058597,8.360911560058597
2020-04-26,Punjab,181.3,115.5543,65.7457015991211,65.7457015991211
2020-04-27,Punjab,162.6,183.27806,-20.678060913085943,20.678060913085943
2020-04-28,Punjab,186.4,160.75572,25.644277954101568,25.644277954101568
2020-04-29,Punjab,198.8,194.3557,4.444302368164074,4.444302368164074
2020-04-30,Punjab,186.0,201.58992,-15.589920043945312,15.589920043945312
2020-05-01,Punjab,190.3,189.41924,0.8807647705078239,0.8807647705078239
2020-05-02,Punjab,188.4,188.18991,0.21008911132813068,0.21008911132813068
2020-05-03,Punjab,88.2,144.65094,-56.45093994140625,56.45093994140625
2020-05-04,Punjab,91.2,93.952385,-2.752384948730466,2.752384948730466
2020-05-05,Punjab,100.5,101.16658,-0.6665802001953125,0.6665802001953125
2020-05-13,Punjab,105.4,107.94892,-2.5489212036132756,2.5489212036132756
2020-05-14,Punjab,112.9,110.96279,1.937208557128912,1.937208557128912
2020-05-15,Punjab,121.1,112.83968,8.26031646728515,8.26031646728515
2020-05-16,Punjab,129.2,119.738205,9.461795043945301,9.461795043945301
2020-05-17,Punjab,113.0,131.09915,-18.099151611328125,18.099151611328125
2020-05-18,Punjab,120.2,123.04009,-2.840092468261716,2.840092468261716
2020-05-19,Punjab,120.5,125.567024,-5.067024230957031,5.067024230957031
2020-05-20,Punjab,123.8,125.50643,-1.7064315795898466,1.7064315795898466
2020-05-21,Punjab,126.0,131.21796,-5.21795654296875,5.21795654296875
2020-05-22,Punjab,127.2,127.20853,-0.008526611328122158,0.008526611328122158
2020-05-23,Punjab,121.6,125.83786,-4.237860107421881,4.237860107421881
2020-06-01,Punjab,100.2,134.1376,-33.93760375976562,33.93760375976562
2020-06-02,Punjab,102.1,120.18647,-18.086470031738287,18.086470031738287
2020-06-03,Punjab,107.9,113.06513,-5.165132141113276,5.165132141113276
2020-06-04,Punjab,112.0,114.260345,-2.260345458984375,2.260345458984375
2020-06-05,Punjab,114.0,115.84962,-1.8496170043945312,1.8496170043945312
2020-07-01,Punjab,113.8,119.30842,-5.508418273925784,5.508418273925784
2020-07-02,Punjab,108.5,120.09836,-11.598358154296875,11.598358154296875
2020-07-03,Punjab,235.3,131.69852,103.60148315429689,103.60148315429689
2020-07-04,Punjab,242.9,231.80933,11.090673828125006,11.090673828125006
2020-07-05,Punjab,246.2,248.48195,-2.281948852539074,2.281948852539074
2020-08-01,Punjab,214.3,239.37503,-25.075030517578114,25.075030517578114
2020-08-02,Punjab,219.2,210.06361,9.136386108398426,9.136386108398426
2020-08-03,Punjab,228.4,219.30267,9.097326660156256,9.097326660156256
2020-08-04,Punjab,224.1,224.28288,-0.18288269042969318,0.18288269042969318
2020-08-05,Punjab,111.2,139.86415,-28.66415100097656,28.66415100097656
2020-09-01,Punjab,116.5,100.637794,15.862205505371094,15.862205505371094
2020-09-02,Punjab,114.0,120.14903,-6.1490325927734375,6.1490325927734375
2020-09-03,Punjab,101.7,118.02663,-16.32662658691406,16.32662658691406
2020-09-04,Punjab,91.6,115.0266,-23.426603698730474,23.426603698730474
2020-09-05,Punjab,97.3,105.57191,-8.271907043457034,8.271907043457034
2020-10-01,Punjab,93.8,103.76204,-9.962039184570315,9.962039184570315
2020-10-02,Punjab,290.1,133.33954,156.76046142578127,156.76046142578127
2020-10-03,Punjab,282.1,266.21674,15.883264160156273,15.883264160156273
2020-10-04,Punjab,300.0,265.5471,34.452911376953125,34.452911376953125
2020-10-05,Punjab,289.9,291.29056,-1.3905578613281477,1.3905578613281477
2020-11-01,Punjab,284.4,261.91528,22.484716796874977,22.484716796874977
2020-11-02,Punjab,271.4,263.4834,7.916601562499977,7.916601562499977
2020-11-03,Punjab,270.0,251.39694,18.603057861328125,18.603057861328125
2020-11-04,Punjab,124.3,181.46213,-57.16212768554688,57.16212768554688
2020-11-05,Punjab,124.4,114.88102,9.51898040771485,9.51898040771485
2020-12-01,Punjab,130.8,115.317444,15.482556152343761,15.482556152343761
2020-12-02,Punjab,129.4,125.602776,3.797224426269537,3.797224426269537
2020-12-03,Punjab,132.1,123.62795,8.4720474243164,8.4720474243164
2020-12-04,Punjab,132.1,128.3141,3.785897827148432,3.785897827148432
2020-12-05,Punjab,120.4,124.19364,-3.7936416625976506,3.7936416625976506
2020-02-28,Rajasthan,227.1,235.53062,-8.430624389648443,8.430624389648443
2020-02-29,Rajasthan,205.0,226.99857,-21.998565673828125,21.998565673828125
2020-03-01,Rajasthan,240.7,205.60648,35.093524169921864,35.093524169921864
2020-03-02,Rajasthan,242.6,240.04178,2.5582214355468693,2.5582214355468693
2020-03-03,Rajasthan,239.0,244.67853,-5.67852783203125,5.67852783203125
2020-03-04,Rajasthan,231.5,232.6326,-1.132598876953125,1.132598876953125
2020-03-05,Rajasthan,243.4,226.52155,16.878454589843756,16.878454589843756
2020-03-13,Rajasthan,237.6,243.1073,-5.507299804687506,5.507299804687506
2020-03-14,Rajasthan,240.4,229.14043,11.259573364257818,11.259573364257818
2020-03-15,Rajasthan,220.9,233.57191,-12.671914672851557,12.671914672851557
2020-03-16,Rajasthan,218.1,221.83765,-3.7376464843750057,3.7376464843750057
2020-03-17,Rajasthan,201.3,217.81255,-16.512545776367176,16.512545776367176
2020-03-18,Rajasthan,218.1,206.3475,11.75249633789062,11.75249633789062
2020-03-19,Rajasthan,225.8,214.84627,10.953732299804699,10.953732299804699
2020-03-20,Rajasthan,239.7,221.02594,18.67406005859374,18.67406005859374
2020-03-21,Rajasthan,242.6,232.28676,10.313241577148432,10.313241577148432
2020-03-22,Rajasthan,146.2,243.97151,-97.77151184082032,97.77151184082032
2020-03-23,Rajasthan,149.5,146.5185,2.98150634765625,2.98150634765625
2020-03-24,Rajasthan,148.6,146.2177,2.382302856445307,2.382302856445307
2020-03-25,Rajasthan,150.1,144.34703,5.752969360351557,5.752969360351557
2020-03-26,Rajasthan,150.6,141.54013,9.05986938476562,9.05986938476562
2020-03-27,Rajasthan,155.5,141.43204,14.067962646484375,14.067962646484375
2020-03-28,Rajasthan,158.3,157.7694,0.5306060791015739,0.5306060791015739
2020-03-29,Rajasthan,212.7,181.90956,30.790438842773426,30.790438842773426
2020-03-30,Rajasthan,215.9,207.04666,8.85333862304688,8.85333862304688
2020-03-31,Rajasthan,218.6,213.46661,5.133386230468744,5.133386230468744
2020-04-01,Rajasthan,207.9,214.95695,-7.056954956054682,7.056954956054682
2020-04-02,Rajasthan,210.7,211.08334,-0.38334350585938637,0.38334350585938637
2020-04-03,Rajasthan,215.6,210.38388,5.216119384765619,5.216119384765619
2020-04-04,Rajasthan,211.3,216.68335,-5.383349609374989,5.383349609374989
2020-04-05,Rajasthan,225.1,203.52466,21.575341796874994,21.575341796874994
2020-04-13,Rajasthan,225.9,223.59605,2.303945922851568,2.303945922851568
2020-04-14,Rajasthan,226.0,222.60985,3.3901519775390625,3.3901519775390625
2020-04-15,Rajasthan,233.0,220.67374,12.326263427734375,12.326263427734375
2020-04-16,Rajasthan,228.5,231.49937,-2.9993743896484375,2.9993743896484375
2020-04-17,Rajasthan,227.1,224.35635,2.7436462402343693,2.7436462402343693
2020-04-18,Rajasthan,217.2,224.38585,-7.185848999023449,7.185848999023449
2020-04-19,Rajasthan,229.6,216.93628,12.663720703124994,12.663720703124994
2020-04-20,Rajasthan,239.7,226.65613,13.043872070312489,13.043872070312489
2020-04-21,Rajasthan,234.3,232.81203,1.4879730224609489,1.4879730224609489
2020-04-22,Rajasthan,226.4,231.75471,-5.354714965820307,5.354714965820307
2020-04-23,Rajasthan,234.3,223.94344,10.356564331054699,10.356564331054699
2020-04-24,Rajasthan,229.4,232.33812,-2.938119506835932,2.938119506835932
2020-04-25,Rajasthan,227.8,224.14784,3.652157592773449,3.652157592773449
2020-04-26,Rajasthan,261.8,225.86761,35.93238525390626,35.93238525390626
2020-04-27,Rajasthan,268.1,253.34398,14.756021118164085,14.756021118164085
2020-04-28,Rajasthan,271.3,255.7978,15.502194213867199,15.502194213867199
2020-04-29,Rajasthan,270.4,259.1356,11.264410400390602,11.264410400390602
2020-04-30,Rajasthan,275.2,257.27512,17.924884033203114,17.924884033203114
2020-05-01,Rajasthan,271.0,243.56049,27.43951416015625,27.43951416015625
2020-05-02,Rajasthan,264.9,246.4215,18.47850646972654,18.47850646972654
2020-05-03,Rajasthan,187.7,288.19873,-100.49873046875001,100.49873046875001
2020-05-04,Rajasthan,171.6,209.364,-37.76399841308594,37.76399841308594
2020-05-05,Rajasthan,185.3,174.01654,11.283459472656261,11.283459472656261
2020-05-13,Rajasthan,178.8,194.09918,-15.299182128906239,15.299182128906239
2020-05-14,Rajasthan,192.5,184.68556,7.8144378662109375,7.8144378662109375
2020-05-15,Rajasthan,208.7,193.91095,14.789050292968739,14.789050292968739
2020-05-16,Rajasthan,214.8,208.6771,6.122906494140636,6.122906494140636
2020-05-17,Rajasthan,245.1,218.90504,26.194955444335932,26.194955444335932
2020-05-18,Rajasthan,249.0,246.96916,2.0308380126953125,2.0308380126953125
2020-05-19,Rajasthan,250.3,250.09,0.21000366210938637,0.21000366210938637
2020-05-20,Rajasthan,251.7,249.42691,2.2730895996093636,2.2730895996093636
2020-05-21,Rajasthan,249.7,249.54793,0.15207214355467613,0.15207214355467613
2020-05-22,Rajasthan,247.4,248.7911,-1.3911071777343693,1.3911071777343693
2020-05-23,Rajasthan,243.3,243.4298,-0.12979431152342613,0.12979431152342613
2020-06-01,Rajasthan,210.4,218.76245,-8.362451171874994,8.362451171874994
2020-06-02,Rajasthan,217.5,208.5647,8.935302734375,8.935302734375
2020-06-03,Rajasthan,220.4,216.8601,3.5398925781250057,3.5398925781250057
2020-06-04,Rajasthan,222.7,223.1512,-0.45119934082032387,0.45119934082032387
2020-06-05,Rajasthan,225.4,221.9401,3.4599060058593807,3.4599060058593807
2020-07-01,Rajasthan,223.2,215.35336,7.846636962890614,7.846636962890614
2020-07-02,Rajasthan,219.8,223.14555,-3.345553588867176,3.345553588867176
2020-07-03,Rajasthan,203.2,220.60861,-17.408612060546886,17.408612060546886
2020-07-04,Rajasthan,212.6,205.65402,6.945977783203119,6.945977783203119
2020-07-05,Rajasthan,225.5,211.63913,13.860870361328125,13.860870361328125
2020-08-01,Rajasthan,225.7,220.77492,4.925082397460926,4.925082397460926
2020-08-02,Rajasthan,228.7,222.18849,6.511508178710926,6.511508178710926
2020-08-03,Rajasthan,224.7,224.73972,-0.03971557617188637,0.03971557617188637
2020-08-04,Rajasthan,219.8,221.79338,-1.9933807373046761,1.9933807373046761
2020-08-05,Rajasthan,236.5,221.37218,15.127822875976562,15.127822875976562
2020-09-01,Rajasthan,244.7,226.28842,18.411578369140614,18.411578369140614
2020-09-02,Rajasthan,225.9,239.74382,-13.843820190429682,13.843820190429682
2020-09-03,Rajasthan,215.6,220.94406,-5.344061279296881,5.344061279296881
2020-09-04,Rajasthan,153.3,209.22752,-55.927523803710926,55.927523803710926
2020-09-05,Rajasthan,193.9,152.17467,41.72533264160157,41.72533264160157
2020-10-01,Rajasthan,201.1,193.36873,7.731271362304682,7.731271362304682
2020-10-02,Rajasthan,247.9,206.19707,41.70293273925782,41.70293273925782
2020-10-03,Rajasthan,237.5,246.27315,-8.773147583007812,8.773147583007812
2020-10-04,Rajasthan,242.7,233.69373,9.006274414062489,9.006274414062489
2020-10-05,Rajasthan,237.3,245.46614,-8.166140747070301,8.166140747070301
2020-11-01,Rajasthan,220.9,229.70564,-8.805642700195307,8.805642700195307
2020-11-02,Rajasthan,218.1,220.60379,-2.5037902832031307,2.5037902832031307
2020-11-03,Rajasthan,201.3,215.52316,-14.223162841796864,14.223162841796864
2020-11-04,Rajasthan,213.8,203.13896,10.661038208007824,10.661038208007824
2020-11-05,Rajasthan,216.6,211.3598,5.240197753906244,5.240197753906244
2020-12-01,Rajasthan,220.4,202.0363,18.363699340820318,18.363699340820318
2020-12-02,Rajasthan,218.4,221.2305,-2.8304992675781193,2.8304992675781193
2020-12-03,Rajasthan,205.6,215.06583,-9.46582641601563,9.46582641601563
2020-12-04,Rajasthan,207.0,207.11162,-0.1116180419921875,0.1116180419921875
2020-12-05,Rajasthan,201.4,207.11162,-5.711618041992182,5.711618041992182
2020-02-28,Sikkim,1.3,0.8856475,0.41435252428054814,0.41435252428054814
2020-02-29,Sikkim,0.9,2.1368299,-1.2368298530578614,1.2368298530578614
2020-03-01,Sikkim,2.0,1.6733273,0.32667267322540283,0.32667267322540283
2020-03-02,Sikkim,2.1,2.2117286,-0.1117285728454589,0.1117285728454589
2020-03-03,Sikkim,2.1,2.3626113,-0.2626112937927245,0.2626112937927245
2020-03-04,Sikkim,2.0,2.2884557,-0.2884557247161865,0.2884557247161865
2020-03-05,Sikkim,2.0,2.2884557,-0.2884557247161865,0.2884557247161865
2020-03-13,Sikkim,2.0,1.3702362,0.6297638416290283,0.6297638416290283
2020-03-14,Sikkim,1.7,1.4911783,0.20882172584533687,0.20882172584533687
2020-03-15,Sikkim,1.2,1.837638,-0.6376380205154419,0.6376380205154419
2020-03-16,Sikkim,1.0,2.0963855,-1.0963854789733887,1.0963854789733887
2020-03-17,Sikkim,0.8,1.6349455,-0.8349455118179321,0.8349455118179321
2020-03-18,Sikkim,1.0,1.5574335,-0.5574334859848022,0.5574334859848022
2020-03-19,Sikkim,1.3,1.5574335,-0.2574334859848022,0.2574334859848022
2020-03-20,Sikkim,1.1,1.4375184,-0.33751835823059073,0.33751835823059073
2020-03-21,Sikkim,1.2,1.4176627,-0.2176627397537232,0.2176627397537232
2020-03-22,Sikkim,1.0,1.7052399,-0.7052398920059204,0.7052398920059204
2020-03-23,Sikkim,1.3,1.6117336,-0.31173355579376216,0.31173355579376216
2020-03-24,Sikkim,1.4,1.5104687,-0.1104687213897706,0.1104687213897706
2020-03-25,Sikkim,1.2,1.4845148,-0.2845148324966431,0.2845148324966431
2020-03-26,Sikkim,1.0,1.3883458,-0.3883458375930786,0.3883458375930786
2020-03-27,Sikkim,1.1,1.3696955,-0.2696955442428588,0.2696955442428588
2020-03-28,Sikkim,1.2,2.744157,-1.544157075881958,1.544157075881958
2020-03-29,Sikkim,1.0,4.2829165,-3.28291654586792,3.28291654586792
2020-03-30,Sikkim,1.2,1.0169227,0.18307728767395015,0.18307728767395015
2020-03-31,Sikkim,1.3,3.8432689,-2.5432688713073732,2.5432688713073732
2020-04-01,Sikkim,1.1,1.6976768,-0.5976767778396606,0.5976767778396606
2020-04-02,Sikkim,1.3,1.7356226,-0.43562264442443843,0.43562264442443843
2020-04-03,Sikkim,1.3,1.7178316,-0.41783161163330074,0.41783161163330074
2020-04-04,Sikkim,1.0,1.7178316,-0.7178316116333008,0.7178316116333008
2020-04-05,Sikkim,1.6,1.7057815,-0.10578145980834952,0.10578145980834952
2020-04-13,Sikkim,1.5,1.8926213,-0.3926212787628174,0.3926212787628174
2020-04-14,Sikkim,1.6,1.8926213,-0.2926212787628173,0.2926212787628173
2020-04-15,Sikkim,1.4,1.5175418,-0.1175417661666871,0.1175417661666871
2020-04-16,Sikkim,1.4,1.6573766,-0.2573766469955445,0.2573766469955445
2020-04-17,Sikkim,1.4,1.6053866,-0.2053866147994996,0.2053866147994996
2020-04-18,Sikkim,1.2,1.6020304,-0.40203039646148686,0.40203039646148686
2020-04-19,Sikkim,1.4,1.8215501,-0.4215501308441163,0.4215501308441163
2020-04-20,Sikkim,1.4,1.7961012,-0.39610121250152597,0.39610121250152597
2020-04-21,Sikkim,1.5,1.7762456,-0.2762455940246582,0.2762455940246582
2020-04-22,Sikkim,1.4,1.8107301,-0.41073009967803964,0.41073009967803964
2020-04-23,Sikkim,1.3,1.7020899,-0.4020899057388305,0.4020899057388305
2020-04-24,Sikkim,1.3,1.533973,-0.2339729785919189,0.2339729785919189
2020-04-25,Sikkim,1.1,1.533973,-0.43397297859191886,0.43397297859191886
2020-04-26,Sikkim,1.2,1.7735829,-0.573582935333252,0.573582935333252
2020-04-27,Sikkim,1.1,1.5046561,-0.4046560764312743,0.4046560764312743
2020-04-28,Sikkim,1.1,1.4775498,-0.3775497913360595,0.3775497913360595
2020-04-29,Sikkim,1.2,1.5074188,-0.3074187517166138,0.3074187517166138
2020-04-30,Sikkim,1.2,0.8411802,0.35881979465484615,0.35881979465484615
2020-05-01,Sikkim,1.2,1.6798857,-0.479885745048523,0.479885745048523
2020-05-02,Sikkim,1.0,1.7178316,-0.7178316116333008,0.7178316116333008
2020-05-03,Sikkim,1.0,1.7057815,-0.7057814598083496,0.7057814598083496
2020-05-04,Sikkim,1.3,1.8439772,-0.5439772129058837,0.5439772129058837
2020-05-05,Sikkim,1.4,1.8439772,-0.4439772129058839,0.4439772129058839
2020-05-13,Sikkim,1.3,1.7098254,-0.4098253965377807,0.4098253965377807
2020-05-14,Sikkim,1.2,1.6616236,-0.4616235971450806,0.4616235971450806
2020-05-15,Sikkim,1.3,1.3087097,-0.008709740638732866,0.008709740638732866
2020-05-16,Sikkim,1.4,1.5571848,-0.1571848154067994,0.1571848154067994
2020-05-17,Sikkim,2.0,2.499941,-0.4999411106109619,0.4999411106109619
2020-05-18,Sikkim,1.9,2.1352618,-0.23526177406311044,0.23526177406311044
2020-05-19,Sikkim,2.0,2.215529,-0.2155289649963379,0.2155289649963379
2020-05-20,Sikkim,2.0,2.1140196,-0.11401963233947754,0.11401963233947754
2020-05-21,Sikkim,2.1,2.1921337,-0.09213366508483878,0.09213366508483878
2020-05-22,Sikkim,1.9,2.0471153,-0.14711532592773446,0.14711532592773446
2020-05-23,Sikkim,1.0,1.9764996,-0.9764995574951172,0.9764995574951172
2020-06-01,Sikkim,1.5,2.8189204,-1.318920373916626,1.318920373916626
2020-06-02,Sikkim,1.7,1.9425784,-0.24257843494415288,0.24257843494415288
2020-06-03,Sikkim,1.7,1.9382144,-0.23821442127227788,0.23821442127227788
2020-06-04,Sikkim,1.6,1.9382144,-0.33821442127227774,0.33821442127227774
2020-06-05,Sikkim,1.7,1.5771973,0.12280268669128414,0.12280268669128414
2020-07-01,Sikkim,1.7,1.9920417,-0.29204170703887944,0.29204170703887944
2020-07-02,Sikkim,1.4,2.0299878,-0.6299878120422364,0.6299878120422364
2020-07-03,Sikkim,0.9,1.5603302,-0.6603301525115967,0.6603301525115967
2020-07-04,Sikkim,0.9,1.5121284,-0.6121283531188965,0.6121283531188965
2020-07-05,Sikkim,1.0,1.5121284,-0.5121283531188965,0.5121283531188965
2020-08-01,Sikkim,1.0,1.7044538,-0.7044538259506226,0.7044538259506226
2020-08-02,Sikkim,0.9,1.7423997,-0.8423996925354004,0.8423996925354004
2020-08-03,Sikkim,1.2,1.8367714,-0.6367713689804078,0.6367713689804078
2020-08-04,Sikkim,0.8,1.8367714,-1.0367713689804077,1.0367713689804077
2020-08-05,Sikkim,1.4,1.7626157,-0.36261568069458017,0.36261568069458017
2020-09-01,Sikkim,1.5,1.8470273,-0.3470273017883301,0.3470273017883301
2020-09-02,Sikkim,1.7,1.9194579,-0.2194579124450684,0.2194579124450684
2020-09-03,Sikkim,1.7,1.9892493,-0.28924934864044194,0.28924934864044194
2020-09-04,Sikkim,1.4,1.9690335,-0.5690334796905518,0.5690334796905518
2020-09-05,Sikkim,1.5,1.7906015,-0.2906014919281006,0.2906014919281006
2020-10-01,Sikkim,1.3,1.7017765,-0.4017765045166015,0.4017765045166015
2020-10-02,Sikkim,1.1,1.5626643,-0.4626642704010009,0.4626642704010009
2020-10-03,Sikkim,1.2,1.5626643,-0.362664270401001,0.362664270401001
2020-10-04,Sikkim,1.2,1.5626643,-0.362664270401001,0.362664270401001
2020-10-05,Sikkim,1.2,1.657036,-0.45703594684600835,0.45703594684600835
2020-11-01,Sikkim,1.2,0.4823729,0.7176270902156829,0.7176270902156829
2020-11-02,Sikkim,1.0,1.3674152,-0.367415189743042,0.367415189743042
2020-11-03,Sikkim,0.8,1.3674152,-0.567415189743042,0.567415189743042
2020-11-04,Sikkim,1.1,1.2932594,-0.19325938224792472,0.19325938224792472
2020-11-05,Sikkim,1.3,1.2932594,0.00674061775207524,0.00674061775207524
2020-12-01,Sikkim,1.4,1.5046285,-0.10462853908538827,0.10462853908538827
2020-12-02,Sikkim,1.5,1.5166205,-0.016620516777038574,0.016620516777038574
2020-12-03,Sikkim,1.4,1.8744155,-0.4744155168533326,0.4744155168533326
2020-12-04,Sikkim,1.2,1.7455589,-0.5455588579177857,0.5455588579177857
2020-12-05,Sikkim,1.2,1.697357,-0.4973570585250855,0.4973570585250855
2020-02-28,Tamil Nadu,352.7,338.1368,14.563189697265614,14.563189697265614
2020-02-29,Tamil Nadu,326.3,350.59546,-24.29545898437499,24.29545898437499
2020-03-01,Tamil Nadu,290.7,318.1084,-27.40839843750001,27.40839843750001
2020-03-02,Tamil Nadu,291.7,284.42978,7.270220947265614,7.270220947265614
2020-03-03,Tamil Nadu,298.3,285.71106,12.588940429687511,12.588940429687511
2020-03-04,Tamil Nadu,298.3,300.78012,-2.4801208496093636,2.4801208496093636
2020-03-05,Tamil Nadu,298.5,300.46036,-1.960357666015625,1.960357666015625
2020-03-13,Tamil Nadu,298.1,296.7313,1.3687072753906477,1.3687072753906477
2020-03-14,Tamil Nadu,279.3,296.5057,-17.205706787109364,17.205706787109364
2020-03-15,Tamil Nadu,347.2,284.91635,62.283648681640614,62.283648681640614
2020-03-16,Tamil Nadu,336.3,345.09207,-8.792071533203114,8.792071533203114
2020-03-17,Tamil Nadu,317.2,324.91763,-7.717633056640636,7.717633056640636
2020-03-18,Tamil Nadu,336.8,313.0804,23.719586181640636,23.719586181640636
2020-03-19,Tamil Nadu,338.4,326.57626,11.823736572265602,11.823736572265602
2020-03-20,Tamil Nadu,327.8,332.13297,-4.332965087890614,4.332965087890614
2020-03-21,Tamil Nadu,327.2,323.48578,3.7142211914062386,3.7142211914062386
2020-03-22,Tamil Nadu,245.5,320.00348,-74.50347900390625,74.50347900390625
2020-03-23,Tamil Nadu,247.0,257.95544,-10.9554443359375,10.9554443359375
2020-03-24,Tamil Nadu,235.1,257.81354,-22.713537597656256,22.713537597656256
2020-03-25,Tamil Nadu,237.5,235.74884,1.75115966796875,1.75115966796875
2020-03-26,Tamil Nadu,224.4,234.84622,-10.44622192382812,10.44622192382812
2020-03-27,Tamil Nadu,207.8,236.1009,-28.3009063720703,28.3009063720703
2020-03-28,Tamil Nadu,222.7,236.50931,-13.809307861328136,13.809307861328136
2020-03-29,Tamil Nadu,264.6,257.20004,7.399957275390648,7.399957275390648
2020-03-30,Tamil Nadu,283.1,280.9299,2.1700988769531477,2.1700988769531477
2020-03-31,Tamil Nadu,295.3,295.93222,-0.6322204589843636,0.6322204589843636
2020-04-01,Tamil Nadu,295.0,290.74362,4.256378173828125,4.256378173828125
2020-04-02,Tamil Nadu,289.9,297.0131,-7.113092041015648,7.113092041015648
2020-04-03,Tamil Nadu,281.2,279.34488,1.8551208496093636,1.8551208496093636
2020-04-04,Tamil Nadu,262.4,280.30414,-17.904138183593773,17.904138183593773
2020-04-05,Tamil Nadu,334.5,266.71866,67.78134155273438,67.78134155273438
2020-04-13,Tamil Nadu,343.9,331.26614,12.633856201171852,12.633856201171852
2020-04-14,Tamil Nadu,344.3,346.3528,-2.0528137207031136,2.0528137207031136
2020-04-15,Tamil Nadu,347.7,340.00476,7.695239257812489,7.695239257812489
2020-04-16,Tamil Nadu,349.0,344.90356,4.096435546875,4.096435546875
2020-04-17,Tamil Nadu,344.7,342.9506,1.7494079589843636,1.7494079589843636
2020-04-18,Tamil Nadu,319.5,339.83725,-20.337249755859375,20.337249755859375
2020-04-19,Tamil Nadu,296.5,316.56732,-20.06732177734375,20.06732177734375
2020-04-20,Tamil Nadu,303.4,301.44052,1.9594787597656023,1.9594787597656023
2020-04-21,Tamil Nadu,310.3,303.69983,6.600170898437511,6.600170898437511
2020-04-22,Tamil Nadu,311.4,313.59885,-2.1988464355468977,2.1988464355468977
2020-04-23,Tamil Nadu,318.9,313.3687,5.531286621093727,5.531286621093727
2020-04-24,Tamil Nadu,313.6,318.1681,-4.568090820312477,4.568090820312477
2020-04-25,Tamil Nadu,291.0,314.35617,-23.356170654296875,23.356170654296875
2020-04-26,Tamil Nadu,328.4,287.6054,40.79459228515623,40.79459228515623
2020-04-27,Tamil Nadu,343.5,325.5004,17.999603271484375,17.999603271484375
2020-04-28,Tamil Nadu,324.2,334.19406,-9.994061279296886,9.994061279296886
2020-04-29,Tamil Nadu,331.6,309.3624,22.237603759765648,22.237603759765648
2020-04-30,Tamil Nadu,339.9,316.4856,23.414404296874977,23.414404296874977
2020-05-01,Tamil Nadu,337.3,331.04053,6.259472656250011,6.259472656250011
2020-05-02,Tamil Nadu,312.0,321.27173,-9.271728515625,9.271728515625
2020-05-03,Tamil Nadu,250.0,309.2075,-59.207489013671875,59.207489013671875
2020-05-04,Tamil Nadu,263.3,263.4237,-0.12370605468748863,0.12370605468748863
2020-05-05,Tamil Nadu,271.8,280.5471,-8.747088623046864,8.747088623046864
2020-05-13,Tamil Nadu,279.6,285.2993,-5.699285888671852,5.699285888671852
2020-05-14,Tamil Nadu,281.7,284.3416,-2.6416137695312614,2.6416137695312614
2020-05-15,Tamil Nadu,288.1,278.93152,9.168481445312523,9.168481445312523
2020-05-16,Tamil Nadu,292.4,280.0573,12.342687988281227,12.342687988281227
2020-05-17,Tamil Nadu,298.9,284.86768,14.032324218749977,14.032324218749977
2020-05-18,Tamil Nadu,311.3,300.4665,10.833508300781261,10.833508300781261
2020-05-19,Tamil Nadu,311.0,313.306,-2.305999755859375,2.305999755859375
2020-05-20,Tamil Nadu,312.9,313.23184,-0.33184204101564774,0.33184204101564774
2020-05-21,Tamil Nadu,314.7,314.22043,0.47957153320311363,0.47957153320311363
2020-05-22,Tamil Nadu,314.6,314.4111,0.18889770507814774,0.18889770507814774
2020-05-23,Tamil Nadu,295.9,314.26895,-18.368951416015648,18.368951416015648
2020-06-01,Tamil Nadu,230.6,296.35165,-65.75165405273438,65.75165405273438
2020-06-02,Tamil Nadu,242.5,261.64874,-19.14874267578125,19.14874267578125
2020-06-03,Tamil Nadu,251.7,256.19006,-4.490063476562511,4.490063476562511
2020-06-04,Tamil Nadu,254.2,262.5172,-8.317211914062511,8.317211914062511
2020-06-05,Tamil Nadu,257.7,260.90665,-3.2066467285156364,3.2066467285156364
2020-07-01,Tamil Nadu,250.4,261.83072,-11.43071899414062,11.43071899414062
2020-07-02,Tamil Nadu,229.0,260.5384,-31.53839111328125,31.53839111328125
2020-07-03,Tamil Nadu,276.8,265.0577,11.742291259765636,11.742291259765636
2020-07-04,Tamil Nadu,286.3,276.56497,9.735028076171886,9.735028076171886
2020-07-05,Tamil Nadu,291.3,279.32184,11.978161621093761,11.978161621093761
2020-08-01,Tamil Nadu,296.9,278.34708,18.552923583984352,18.552923583984352
2020-08-02,Tamil Nadu,303.7,296.07925,7.620745849609364,7.620745849609364
2020-08-03,Tamil Nadu,307.3,297.74496,9.555035400390636,9.555035400390636
2020-08-04,Tamil Nadu,290.2,308.4622,-18.262188720703136,18.262188720703136
2020-08-05,Tamil Nadu,323.0,284.83972,38.1602783203125,38.1602783203125
2020-09-01,Tamil Nadu,334.0,314.98117,19.018829345703125,19.018829345703125
2020-09-02,Tamil Nadu,337.3,324.36124,12.938763427734386,12.938763427734386
2020-09-03,Tamil Nadu,336.3,325.56302,10.736981201171886,10.736981201171886
2020-09-04,Tamil Nadu,339.7,323.68726,16.01274414062499,16.01274414062499
2020-09-05,Tamil Nadu,332.2,335.12277,-2.9227722167968864,2.9227722167968864
2020-10-01,Tamil Nadu,309.7,319.77936,-10.079357910156261,10.079357910156261
2020-10-02,Tamil Nadu,334.9,310.50928,24.390722656249977,24.390722656249977
2020-10-03,Tamil Nadu,339.7,325.2715,14.428485107421864,14.428485107421864
2020-10-04,Tamil Nadu,342.8,336.32516,6.474835205078136,6.474835205078136
2020-10-05,Tamil Nadu,346.7,335.02835,11.671649169921864,11.671649169921864
2020-11-01,Tamil Nadu,347.2,335.57623,11.623767089843739,11.623767089843739
2020-11-02,Tamil Nadu,336.3,335.1154,1.1846130371093864,1.1846130371093864
2020-11-03,Tamil Nadu,317.2,322.2,-5.000012207031261,5.000012207031261
2020-11-04,Tamil Nadu,342.7,319.57898,23.12102050781249,23.12102050781249
2020-11-05,Tamil Nadu,350.4,335.27686,15.123144531249977,15.123144531249977
2020-12-01,Tamil Nadu,357.3,346.57144,10.728558349609386,10.728558349609386
2020-12-02,Tamil Nadu,356.9,342.44193,14.458074951171852,14.458074951171852
2020-12-03,Tamil Nadu,355.1,342.38452,12.715478515625023,12.715478515625023
2020-12-04,Tamil Nadu,353.5,344.68857,8.811431884765625,8.811431884765625
2020-12-05,Tamil Nadu,323.7,344.68857,-20.988568115234386,20.988568115234386
2020-02-28,Telangana,167.0,175.59674,-8.59674072265625,8.59674072265625
2020-02-29,Telangana,154.8,173.9571,-19.1571075439453,19.1571075439453
2020-03-01,Telangana,201.0,160.33739,40.66261291503906,40.66261291503906
2020-03-02,Telangana,209.3,202.71028,6.589718627929699,6.589718627929699
2020-03-03,Telangana,209.4,207.0118,2.388204956054693,2.388204956054693
2020-03-04,Telangana,212.1,207.17146,4.928536987304682,4.928536987304682
2020-03-05,Telangana,210.3,210.74643,-0.44642944335936363,0.44642944335936363
2020-03-13,Telangana,212.3,202.09215,10.207852172851574,10.207852172851574
2020-03-14,Telangana,210.1,204.62909,5.470910644531244,5.470910644531244
2020-03-15,Telangana,152.5,207.61787,-55.11787414550781,55.11787414550781
2020-03-16,Telangana,150.4,154.30138,-3.901376342773432,3.901376342773432
2020-03-17,Telangana,147.3,151.65279,-4.352786254882801,4.352786254882801
2020-03-18,Telangana,155.9,151.57527,4.324728393554693,4.324728393554693
2020-03-19,Telangana,164.2,153.9055,10.294497680664051,10.294497680664051
2020-03-20,Telangana,166.6,161.08955,5.510446166992182,5.510446166992182
2020-03-21,Telangana,163.8,164.61935,-0.8193542480468636,0.8193542480468636
2020-03-22,Telangana,188.2,167.13876,21.061236572265614,21.061236572265614
2020-03-23,Telangana,179.5,186.8477,-7.3477020263671875,7.3477020263671875
2020-03-24,Telangana,164.2,178.25043,-14.050427246093761,14.050427246093761
2020-03-25,Telangana,165.4,164.38089,1.0191101074218807,1.0191101074218807
2020-03-26,Telangana,167.8,167.70656,0.09344177246094887,0.09344177246094887
2020-03-27,Telangana,165.5,170.47083,-4.9708251953125,4.9708251953125
2020-03-28,Telangana,168.9,175.76508,-6.865075683593744,6.865075683593744
2020-03-29,Telangana,156.4,180.59225,-24.19225463867187,24.19225463867187
2020-03-30,Telangana,159.5,160.5243,-1.0243072509765625,1.0243072509765625
2020-03-31,Telangana,162.4,166.07352,-3.6735168457031193,3.6735168457031193
2020-04-01,Telangana,159.2,170.94597,-11.745968627929699,11.745968627929699
2020-04-02,Telangana,161.8,166.80861,-5.008609008789051,5.008609008789051
2020-04-03,Telangana,157.3,168.6453,-11.345294189453114,11.345294189453114
2020-04-04,Telangana,155.8,166.89258,-11.092578124999989,11.092578124999989
2020-04-05,Telangana,220.9,163.1478,57.75220336914063,57.75220336914063
2020-04-13,Telangana,225.7,222.24402,3.4559814453124886,3.4559814453124886
2020-04-14,Telangana,218.5,222.81229,-4.312286376953125,4.312286376953125
2020-04-15,Telangana,218.7,212.98608,5.713916015624989,5.713916015624989
2020-04-16,Telangana,223.4,214.79561,8.604391479492193,8.604391479492193
2020-04-17,Telangana,215.9,221.35982,-5.459817504882807,5.459817504882807
2020-04-18,Telangana,220.5,213.45493,7.045074462890625,7.045074462890625
2020-04-19,Telangana,174.0,219.56046,-45.560455322265625,45.560455322265625
2020-04-20,Telangana,180.0,173.18912,6.810882568359375,6.810882568359375
2020-04-21,Telangana,183.6,180.34709,3.252908325195307,3.252908325195307
2020-04-22,Telangana,187.4,183.52563,3.8743652343750057,3.8743652343750057
2020-04-23,Telangana,188.7,187.83363,0.8663665771484261,0.8663665771484261
2020-04-24,Telangana,185.4,187.40411,-2.0041137695312443,2.0041137695312443
2020-04-25,Telangana,182.5,186.55746,-4.057464599609375,4.057464599609375
2020-04-26,Telangana,154.4,187.9441,-33.54410705566406,33.54410705566406
2020-04-27,Telangana,154.8,163.3962,-8.596194458007801,8.596194458007801
2020-04-28,Telangana,168.2,157.97986,10.220141601562489,10.220141601562489
2020-04-29,Telangana,160.9,172.13902,-11.239022827148432,11.239022827148432
2020-04-30,Telangana,159.9,162.00494,-2.1049438476562443,2.1049438476562443
2020-05-01,Telangana,144.0,161.71878,-17.718780517578125,17.718780517578125
2020-05-02,Telangana,156.0,154.74937,1.2506256103515625,1.2506256103515625
2020-05-03,Telangana,141.8,159.5993,-17.79930419921874,17.79930419921874
2020-05-04,Telangana,144.6,155.45935,-10.859350585937506,10.859350585937506
2020-05-05,Telangana,146.9,155.612,-8.711999511718744,8.711999511718744
2020-05-13,Telangana,146.1,156.85313,-10.753134155273443,10.753134155273443
2020-05-14,Telangana,141.8,158.43463,-16.63463134765624,16.63463134765624
2020-05-15,Telangana,145.4,160.62888,-15.22887573242187,15.22887573242187
2020-05-16,Telangana,147.8,160.87735,-13.077349853515614,13.077349853515614
2020-05-17,Telangana,208.6,179.59091,29.00908813476562,29.00908813476562
2020-05-18,Telangana,215.2,209.00453,6.195468139648426,6.195468139648426
2020-05-19,Telangana,228.9,214.92625,13.973745727539068,13.973745727539068
2020-05-20,Telangana,226.2,227.31427,-1.1142700195312614,1.1142700195312614
2020-05-21,Telangana,226.7,223.98999,2.7100097656249886,2.7100097656249886
2020-05-22,Telangana,220.6,226.12952,-5.529516601562506,5.529516601562506
2020-05-23,Telangana,192.9,220.12079,-27.220788574218744,27.220788574218744
2020-06-01,Telangana,157.3,174.78087,-17.480868530273426,17.480868530273426
2020-06-02,Telangana,156.0,160.51349,-4.51348876953125,4.51348876953125
2020-06-03,Telangana,165.9,156.89307,9.006933593750006,9.006933593750006
2020-06-04,Telangana,172.5,166.57718,5.922821044921875,5.922821044921875
2020-06-05,Telangana,181.5,170.92146,10.578536987304688,10.578536987304688
2020-07-01,Telangana,181.7,179.32356,2.376437377929676,2.376437377929676
2020-07-02,Telangana,175.6,183.02896,-7.428961181640631,7.428961181640631
2020-07-03,Telangana,161.9,177.9813,-16.08129272460937,16.08129272460937
2020-07-04,Telangana,168.5,169.42496,-0.924957275390625,0.924957275390625
2020-07-05,Telangana,175.3,177.79196,-2.4919616699218636,2.4919616699218636
2020-08-01,Telangana,190.3,173.7925,16.50750427246095,16.50750427246095
2020-08-02,Telangana,193.7,186.11568,7.584323120117176,7.584323120117176
2020-08-03,Telangana,188.3,191.36728,-3.0672790527343636,3.0672790527343636
2020-08-04,Telangana,188.1,187.1627,0.9372955322265568,0.9372955322265568
2020-08-05,Telangana,248.6,187.08855,61.51145324707031,61.51145324707031
2020-09-01,Telangana,254.0,246.4157,7.5843048095703125,7.5843048095703125
2020-09-02,Telangana,254.1,246.99947,7.100534057617182,7.100534057617182
2020-09-03,Telangana,247.3,246.56598,0.7340209960937614,0.7340209960937614
2020-09-04,Telangana,244.1,243.05255,1.0474487304687443,1.0474487304687443
2020-09-05,Telangana,237.6,243.23622,-5.636221313476568,5.636221313476568
2020-10-01,Telangana,226.7,219.9729,6.727099609374989,6.727099609374989
2020-10-02,Telangana,144.8,217.20639,-72.40639038085936,72.40639038085936
2020-10-03,Telangana,145.5,151.48885,-5.9888458251953125,5.9888458251953125
2020-10-04,Telangana,146.3,153.2776,-6.977603149414051,6.977603149414051
2020-10-05,Telangana,152.5,153.04474,-0.54473876953125,0.54473876953125
2020-11-01,Telangana,152.5,149.74055,2.7594451904296875,2.7594451904296875
2020-11-02,Telangana,150.4,155.32976,-4.929757690429682,4.929757690429682
2020-11-03,Telangana,147.3,152.37755,-5.077548217773426,5.077548217773426
2020-11-04,Telangana,218.5,171.63907,46.860931396484375,46.860931396484375
2020-11-05,Telangana,225.3,214.68214,10.617855834960949,10.617855834960949
2020-12-01,Telangana,227.7,220.22829,7.471713256835926,7.471713256835926
2020-12-02,Telangana,219.5,225.8125,-6.3125,6.3125
2020-12-03,Telangana,212.5,222.58878,-10.088775634765625,10.088775634765625
2020-12-04,Telangana,207.2,205.26305,1.9369537353515511,1.9369537353515511
2020-12-05,Telangana,197.0,207.19647,-10.19647216796875,10.19647216796875
2020-02-28,Tripura,5.1,4.5614657,0.5385342597961422,0.5385342597961422
2020-02-29,Tripura,4.4,5.8126483,-1.4126482963562008,1.4126482963562008
2020-03-01,Tripura,3.3,4.4299483,-1.1299483299255373,1.1299483299255373
2020-03-02,Tripura,3.5,3.9171443,-0.4171442985534668,0.4171442985534668
2020-03-03,Tripura,3.9,3.9171443,-0.017144298553466886,0.017144298553466886
2020-03-04,Tripura,3.4,4.2568545,-0.85685453414917,0.85685453414917
2020-03-05,Tripura,4.1,3.8429887,0.25701127052307093,0.25701127052307093
2020-03-13,Tripura,3.6,3.3386376,0.2613624095916749,0.2613624095916749
2020-03-14,Tripura,3.5,3.3457134,0.15428662300109863,0.15428662300109863
2020-03-15,Tripura,5.6,3.527797,2.0722030162811276,2.0722030162811276
2020-03-16,Tripura,5.2,5.7722034,-0.5722034454345701,0.5722034454345701
2020-03-17,Tripura,4.3,5.3107634,-1.0107633590698244,1.0107633590698244
2020-03-18,Tripura,4.5,4.191441,0.30855894088745117,0.30855894088745117
2020-03-19,Tripura,4.6,4.314055,0.28594503402709925,0.28594503402709925
2020-03-20,Tripura,4.6,4.3608723,0.23912773132324183,0.23912773132324183
2020-03-21,Tripura,4.5,4.341017,0.1589832305908203,0.1589832305908203
2020-03-22,Tripura,3.4,4.461862,-1.061862087249756,1.061862087249756
2020-03-23,Tripura,4.0,3.6794095,0.3205904960632324,0.3205904960632324
2020-03-24,Tripura,4.0,3.9920115,0.007988452911376953,0.007988452911376953
2020-03-25,Tripura,4.5,3.9178567,0.5821433067321777,0.5821433067321777
2020-03-26,Tripura,3.4,4.1449676,-0.744967555999756,0.744967555999756
2020-03-27,Tripura,3.8,3.4373713,0.36262874603271467,0.36262874603271467
2020-03-28,Tripura,3.9,5.2256994,-1.3256994247436524,1.3256994247436524
2020-03-29,Tripura,4.1,6.7644587,-2.6644586563110355,2.6644586563110355
2020-03-30,Tripura,4.0,3.498467,0.501533031463623,0.501533031463623
2020-03-31,Tripura,4.1,6.324811,-2.2248109817504886,2.2248109817504886
2020-04-01,Tripura,4.2,4.179219,0.02078123092651385,0.02078123092651385
2020-04-02,Tripura,3.8,4.3696303,-0.5696303367614748,0.5696303367614748
2020-04-03,Tripura,3.4,4.1993737,-0.7993737220764161,0.7993737220764161
2020-04-04,Tripura,2.8,3.7855072,-0.9855072021484377,0.9855072021484377
2020-04-05,Tripura,3.4,3.5464907,-0.14649066925048837,0.14649066925048837
2020-04-13,Tripura,3.2,3.6253319,-0.4253318786621092,0.4253318786621092
2020-04-14,Tripura,3.2,3.8034549,-0.6034548759460447,0.6034548759460447
2020-04-15,Tripura,3.4,3.4283757,-0.028375720977783292,0.028375720977783292
2020-04-16,Tripura,3.3,3.6768506,-0.3768505573272707,0.3768505573272707
2020-04-17,Tripura,3.2,3.6248603,-0.4248602867126463,0.4248602867126463
2020-04-18,Tripura,3.2,3.621504,-0.4215040683746336,0.4215040683746336
2020-04-19,Tripura,3.6,3.8892255,-0.28922548294067374,0.28922548294067374
2020-04-20,Tripura,3.7,4.115575,-0.41557483673095685,0.41557483673095685
2020-04-21,Tripura,3.9,4.0957193,-0.195719337463379,0.195719337463379
2020-04-22,Tripura,3.8,4.1354303,-0.33543033599853533,0.33543033599853533
2020-04-23,Tripura,3.7,4.1354303,-0.435430335998535,0.435430335998535
2020-04-24,Tripura,3.8,3.90165,-0.10164995193481463,0.10164995193481463
2020-04-25,Tripura,3.8,4.0155153,-0.21551532745361346,0.21551532745361346
2020-04-26,Tripura,4.0,4.2551255,-0.2551255226135254,0.2551255226135254
2020-04-27,Tripura,4.5,3.9861996,0.5138003826141357,0.5138003826141357
2020-04-28,Tripura,5.3,4.234172,1.0658281326293944,1.0658281326293944
2020-04-29,Tripura,5.1,5.183237,-0.08323707580566442,0.08323707580566442
2020-04-30,Tripura,5.0,4.516999,0.4830012321472168,0.4830012321472168
2020-05-01,Tripura,4.9,4.83087,0.06912984848022496,0.06912984848022496
2020-05-02,Tripura,4.6,4.868816,-0.268815898895264,0.268815898895264
2020-05-03,Tripura,3.9,4.629135,-0.7291351318359376,0.7291351318359376
2020-05-04,Tripura,3.6,4.325519,-0.7255190849304198,0.7255190849304198
2020-05-05,Tripura,3.4,4.2116523,-0.8116522789001466,0.8116522789001466
2020-05-13,Tripura,3.3,3.7292993,-0.429299306869507,0.429299306869507
2020-05-14,Tripura,1.4,3.7292993,-2.329299306869507,2.329299306869507
2020-05-15,Tripura,3.3,2.3344398,0.9655602455139158,0.9655602455139158
2020-05-16,Tripura,4.6,3.2958536,1.3041463851928707,1.3041463851928707
2020-05-17,Tripura,3.4,5.3750935,-1.975093460083008,1.975093460083008
2020-05-18,Tripura,3.5,3.840678,-0.34067797660827637,0.34067797660827637
2020-05-19,Tripura,3.1,3.840678,-0.7406779766082763,0.7406779766082763
2020-05-20,Tripura,3.6,3.7665224,-0.1665224075317382,0.1665224075317382
2020-05-21,Tripura,3.7,4.0466666,-0.34666662216186506,0.34666662216186506
2020-05-22,Tripura,3.4,3.90165,-0.5016499519348145,0.5016499519348145
2020-05-23,Tripura,3.4,3.6016486,-0.20164856910705575,0.20164856910705575
2020-06-01,Tripura,2.6,4.833682,-2.233682060241699,2.233682060241699
2020-06-02,Tripura,3.4,3.3640933,0.03590669631957999,0.03590669631957999
2020-06-03,Tripura,3.3,3.4632277,-0.1632277488708498,0.1632277488708498
2020-06-04,Tripura,3.4,3.6413481,-0.24134812355041513,0.24134812355041513
2020-06-05,Tripura,3.9,3.3501227,0.5498773097991942,0.5498773097991942
2020-07-01,Tripura,3.7,4.2469497,-0.5469496726989744,0.5469496726989744
2020-07-02,Tripura,3.5,4.1710286,-0.6710286140441895,0.6710286140441895
2020-07-03,Tripura,4.7,3.5798042,1.1201958179473879,1.1201958179473879
2020-07-04,Tripura,5.0,4.4354815,0.5645184516906738,0.5645184516906738
2020-07-05,Tripura,5.2,4.663112,0.536887836456299,0.536887836456299
2020-08-01,Tripura,5.2,5.3802714,-0.18027143478393537,0.18027143478393537
2020-08-02,Tripura,5.2,5.418217,-0.21821718215942365,0.21821718215942365
2020-08-03,Tripura,4.9,5.5125895,-0.6125894546508786,0.6125894546508786
2020-08-04,Tripura,4.8,4.987756,-0.18775577545166033,0.18775577545166033
2020-08-05,Tripura,3.5,4.9136,-1.413599967956543,1.413599967956543
2020-09-01,Tripura,3.4,3.866501,-0.4665010929107667,0.4665010929107667
2020-09-02,Tripura,3.5,3.8302915,-0.3302915096282959,0.3302915096282959
2020-09-03,Tripura,3.5,3.8302915,-0.3302915096282959,0.3302915096282959
2020-09-04,Tripura,3.6,3.8100755,-0.21007552146911612,0.21007552146911612
2020-09-05,Tripura,3.6,4.1100745,-0.5100745201110839,0.5100745201110839
2020-10-01,Tripura,3.4,3.9126115,-0.512611484527588,0.512611484527588
2020-10-02,Tripura,5.3,3.63034,1.669659900665283,1.669659900665283
2020-10-03,Tripura,4.8,5.238482,-0.4384819984436037,0.4384819984436037
2020-10-04,Tripura,5.0,4.7136483,0.28635168075561523,0.28635168075561523
2020-10-05,Tripura,5.1,4.8080206,0.2919794082641598,0.2919794082641598
2020-11-01,Tripura,5.6,4.158191,1.4418087959289547,1.4418087959289547
2020-11-02,Tripura,5.2,5.0432334,0.15676660537719744,0.15676660537719744
2020-11-03,Tripura,4.3,5.0432334,-0.7432333946228029,0.7432333946228029
2020-11-04,Tripura,2.6,3.927269,-1.3272689819335937,1.3272689819335937
2020-11-05,Tripura,2.4,2.8716161,-0.4716161251068116,0.4716161251068116
2020-12-01,Tripura,2.4,2.7417853,-0.34178528785705575,0.34178528785705575
2020-12-02,Tripura,3.3,2.7055757,0.5944242954254149,0.5944242954254149
2020-12-03,Tripura,3.6,3.6071255,-0.007125520706176669,0.007125520706176669
2020-12-04,Tripura,3.3,4.0650325,-0.765032482147217,0.765032482147217
2020-12-05,Tripura,3.3,3.7650325,-0.4650325298309328,0.4650325298309328
2020-02-28,UP,424.5,431.2528,-6.7528076171875,6.7528076171875
2020-02-29,UP,414.8,424.50272,-9.702716064453114,9.702716064453114
2020-03-01,UP,294.0,301.73953,-7.739532470703125,7.739532470703125
2020-03-02,UP,292.3,275.76547,16.534527587890636,16.534527587890636
2020-03-03,UP,269.2,281.26352,-12.063519287109386,12.063519287109386
2020-03-04,UP,276.6,281.92807,-5.328070068359352,5.328070068359352
2020-03-05,UP,295.1,282.03708,13.062921142578148,13.062921142578148
2020-03-13,UP,288.3,297.19287,-8.892871093749989,8.892871093749989
2020-03-14,UP,288.0,278.87726,9.12274169921875,9.12274169921875
2020-03-15,UP,403.0,311.81906,91.18093872070312,91.18093872070312
2020-03-16,UP,364.9,397.9844,-33.08440551757815,33.08440551757815
2020-03-17,UP,377.9,362.71088,15.189123535156227,15.189123535156227
2020-03-18,UP,368.4,378.042,-9.641992187500023,9.641992187500023
2020-03-19,UP,325.6,364.7617,-39.16168823242185,39.16168823242185
2020-03-20,UP,318.3,324.12463,-5.824633789062489,5.824633789062489
2020-03-21,UP,313.4,318.19846,-4.798455810546898,4.798455810546898
2020-03-22,UP,236.8,305.71002,-68.91002197265624,68.91002197265624
2020-03-23,UP,241.4,246.67206,-5.272058105468744,5.272058105468744
2020-03-24,UP,249.0,244.47221,4.5277862548828125,4.5277862548828125
2020-03-25,UP,248.0,259.00748,-11.007476806640625,11.007476806640625
2020-03-26,UP,252.4,259.833,-7.433007812499994,7.433007812499994
2020-03-27,UP,260.3,265.4731,-5.173114013671864,5.173114013671864
2020-03-28,UP,265.9,276.25647,-10.356469726562523,10.356469726562523
2020-03-29,UP,274.4,298.38425,-23.984246826171898,23.984246826171898
2020-03-30,UP,270.5,296.143,-25.64300537109375,25.64300537109375
2020-03-31,UP,272.9,294.7327,-21.832696533203148,21.832696533203148
2020-04-01,UP,265.5,283.42368,-17.923675537109375,17.923675537109375
2020-04-02,UP,265.7,285.83408,-20.134075927734386,20.134075927734386
2020-04-03,UP,270.7,294.4002,-23.70020751953126,23.70020751953126
2020-04-04,UP,260.4,273.38522,-12.985223388671898,12.985223388671898
2020-04-05,UP,247.7,264.59476,-16.894757080078136,16.894757080078136
2020-04-13,UP,252.8,258.56058,-5.760577392578114,5.760577392578114
2020-04-14,UP,258.1,263.65094,-5.550939941406227,5.550939941406227
2020-04-15,UP,262.7,267.68002,-4.980023193359386,4.980023193359386
2020-04-16,UP,269.8,270.2735,-0.47349853515623863,0.47349853515623863
2020-04-17,UP,267.3,281.2147,-13.914691162109364,13.914691162109364
2020-04-18,UP,273.1,289.39346,-16.293463134765602,16.293463134765602
2020-04-19,UP,268.0,290.99277,-22.992767333984375,22.992767333984375
2020-04-20,UP,274.7,293.1199,-18.419903564453136,18.419903564453136
2020-04-21,UP,259.3,304.4489,-45.14891357421874,45.14891357421874
2020-04-22,UP,221.2,288.41788,-67.21787719726564,67.21787719726564
2020-04-23,UP,231.0,244.03058,-13.03057861328125,13.03057861328125
2020-04-24,UP,248.0,244.5497,3.4503021240234375,3.4503021240234375
2020-04-25,UP,252.2,261.26392,-9.063916015625011,9.063916015625011
2020-04-26,UP,412.6,267.40012,145.19988403320315,145.19988403320315
2020-04-27,UP,444.2,400.4942,43.70579833984374,43.70579833984374
2020-04-28,UP,471.8,432.8302,38.96979980468751,38.96979980468751
2020-04-29,UP,431.1,448.96994,-17.869940185546852,17.869940185546852
2020-04-30,UP,381.6,415.12463,-33.52463378906248,33.52463378906248
2020-05-01,UP,433.9,359.8013,74.09869995117185,74.09869995117185
2020-05-02,UP,443.4,427.58856,15.811437988281227,15.811437988281227
2020-05-03,UP,282.8,300.2486,-17.44859619140624,17.44859619140624
2020-05-04,UP,280.0,263.22238,16.777618408203125,16.777618408203125
2020-05-05,UP,260.8,263.2828,-2.4828063964843636,2.4828063964843636
2020-05-13,UP,269.3,272.19968,-2.8996765136718636,2.8996765136718636
2020-05-14,UP,257.6,281.28693,-23.686926269531227,23.686926269531227
2020-05-15,UP,300.3,273.21915,27.080853271484386,27.080853271484386
2020-05-16,UP,316.6,311.09668,5.503320312500023,5.503320312500023
2020-05-17,UP,283.5,345.81372,-62.313720703125,62.313720703125
2020-05-18,UP,287.4,313.16898,-25.768975830078148,25.768975830078148
2020-05-19,UP,290.9,292.5992,-1.6992126464843977,1.6992126464843977
2020-05-20,UP,292.0,286.8614,5.13861083984375,5.13861083984375
2020-05-21,UP,295.5,290.02182,5.478179931640625,5.478179931640625
2020-05-22,UP,295.4,298.76465,-3.3646484375000227,3.3646484375000227
2020-05-23,UP,286.3,297.6459,-11.345904541015614,11.345904541015614
2020-06-01,UP,240.5,291.01862,-50.51861572265625,50.51861572265625
2020-06-02,UP,239.9,250.16885,-10.26885375976562,10.26885375976562
2020-06-03,UP,245.0,249.21672,-4.2167205810546875,4.2167205810546875
2020-06-04,UP,250.4,258.43326,-8.03325805664062,8.03325805664062
2020-06-05,UP,249.4,260.2166,-10.816613769531244,10.816613769531244
2020-07-01,UP,248.3,258.06238,-9.762377929687489,9.762377929687489
2020-07-02,UP,242.3,259.5443,-17.24431152343749,17.24431152343749
2020-07-03,UP,425.6,255.34453,170.25547180175784,170.25547180175784
2020-07-04,UP,434.0,426.53696,7.463043212890625,7.463043212890625
2020-07-05,UP,414.1,431.39728,-17.297277832031227,17.297277832031227
2020-08-01,UP,439.6,398.45645,41.1435485839844,41.1435485839844
2020-08-02,UP,435.0,429.6611,5.338897705078125,5.338897705078125
2020-08-03,UP,430.1,431.6462,-1.5462097167968523,1.5462097167968523
2020-08-04,UP,423.8,426.23447,-2.4344665527343636,2.4344665527343636
2020-08-05,UP,250.8,302.79272,-51.99272460937499,51.99272460937499
2020-09-01,UP,257.1,236.39146,20.708535766601585,20.708535766601585
2020-09-02,UP,250.0,267.24518,-17.24517822265625,17.24517822265625
2020-09-03,UP,230.3,260.86218,-30.56218261718749,30.56218261718749
2020-09-04,UP,209.5,251.01482,-41.51481628417969,41.51481628417969
2020-09-05,UP,218.8,224.19037,-5.390368652343739,5.390368652343739
2020-10-01,UP,232.1,243.43741,-11.33740844726563,11.33740844726563
2020-10-02,UP,454.3,267.2184,187.0815856933594,187.0815856933594
2020-10-03,UP,441.3,453.19092,-11.890917968749989,11.890917968749989
2020-10-04,UP,433.9,433.98883,-0.08883056640627274,0.08883056640627274
2020-10-05,UP,441.2,434.05615,7.143847656249989,7.143847656249989
2020-11-01,UP,403.0,426.46268,-23.462677001953125,23.462677001953125
2020-11-02,UP,364.9,390.47015,-25.570153808593773,25.570153808593773
2020-11-03,UP,377.9,356.11368,21.786322021484352,21.786322021484352
2020-11-04,UP,311.1,296.65402,14.445977783203148,14.445977783203148
2020-11-05,UP,320.1,293.39578,26.704217529296898,26.704217529296898
2020-12-01,UP,322.8,309.3631,13.436901855468761,13.436901855468761
2020-12-02,UP,331.4,313.74536,17.654638671874977,17.654638671874977
2020-12-03,UP,336.7,335.31674,1.3832580566406136,1.3832580566406136
2020-12-04,UP,334.6,330.11154,4.488458251953148,4.488458251953148
2020-12-05,UP,287.3,329.11798,-41.81798095703124,41.81798095703124
2020-02-28,Uttarakhand,43.0,40.075104,2.924896240234375,2.924896240234375
2020-02-29,Uttarakhand,40.7,42.47935,-1.779351043701169,1.779351043701169
2020-03-01,Uttarakhand,40.4,40.36035,0.03964843749999858,0.03964843749999858
2020-03-02,Uttarakhand,40.3,40.34591,-0.04590911865234659,0.04590911865234659
2020-03-03,Uttarakhand,40.1,40.34591,-0.24590911865234233,0.24590911865234233
2020-03-04,Uttarakhand,38.0,40.84,-2.8400001525878906,2.8400001525878906
2020-03-05,Uttarakhand,40.1,38.349728,1.750272369384767,1.750272369384767
2020-03-13,Uttarakhand,40.7,38.486656,2.213343811035159,2.213343811035159
2020-03-14,Uttarakhand,37.2,38.6076,-1.4076011657714815,1.4076011657714815
2020-03-15,Uttarakhand,45.1,37.485977,7.614022827148439,7.614022827148439
2020-03-16,Uttarakhand,44.2,42.768833,1.4311668395996122,1.4311668395996122
2020-03-17,Uttarakhand,42.2,41.981422,0.2185775756835966,0.2185775756835966
2020-03-18,Uttarakhand,43.9,40.697315,3.2026847839355455,3.2026847839355455
2020-03-19,Uttarakhand,41.9,41.794712,0.10528793334960795,0.10528793334960795
2020-03-20,Uttarakhand,43.9,40.324764,3.575235748291014,3.575235748291014
2020-03-21,Uttarakhand,40.3,41.402306,-1.1023056030273466,1.1023056030273466
2020-03-22,Uttarakhand,18.4,39.76238,-21.362378692626955,21.362378692626955
2020-03-23,Uttarakhand,18.5,20.376028,-1.876028060913086,1.876028060913086
2020-03-24,Uttarakhand,19.1,19.413345,-0.3133453369140611,0.3133453369140611
2020-03-25,Uttarakhand,19.5,20.806498,-1.306497573852539,1.306497573852539
2020-03-26,Uttarakhand,19.7,19.903883,-0.2038829803466804,0.2038829803466804
2020-03-27,Uttarakhand,20.3,19.966312,0.3336875915527351,0.3336875915527351
2020-03-28,Uttarakhand,20.1,26.468819,-6.36881866455078,6.36881866455078
2020-03-29,Uttarakhand,32.6,25.040796,7.559203720092775,7.559203720092775
2020-03-30,Uttarakhand,34.4,32.66992,1.7300781249999986,1.7300781249999986
2020-03-31,Uttarakhand,34.2,37.600224,-3.400223541259763,3.400223541259763
2020-04-01,Uttarakhand,34.8,34.865063,-0.06506271362304972,0.06506271362304972
2020-04-02,Uttarakhand,34.0,35.04347,-1.0434684753417969,1.0434684753417969
2020-04-03,Uttarakhand,34.5,34.9566,-0.4566001892089844,0.4566001892089844
2020-04-04,Uttarakhand,31.5,34.9566,-3.4566001892089844,3.4566001892089844
2020-04-05,Uttarakhand,33.6,31.700777,1.8992229461669936,1.8992229461669936
2020-04-13,Uttarakhand,34.6,32.667816,1.9321838378906264,1.9321838378906264
2020-04-14,Uttarakhand,35.8,34.554707,1.245293426513669,1.245293426513669
2020-04-15,Uttarakhand,36.4,34.179626,2.2203735351562486,2.2203735351562486
2020-04-16,Uttarakhand,36.8,35.874527,0.9254730224609347,0.9254730224609347
2020-04-17,Uttarakhand,35.7,35.822536,-0.12253646850585653,0.12253646850585653
2020-04-18,Uttarakhand,33.4,35.654087,-2.254087066650392,2.254087066650392
2020-04-19,Uttarakhand,38.1,34.130432,3.9695678710937514,3.9695678710937514
2020-04-20,Uttarakhand,38.7,37.97208,0.7279197692871122,0.7279197692871122
2020-04-21,Uttarakhand,39.8,38.29718,1.5028198242187472,1.5028198242187472
2020-04-22,Uttarakhand,37.1,40.066196,-2.966196441650389,2.966196441650389
2020-04-23,Uttarakhand,33.6,37.40559,-3.8055900573730455,3.8055900573730455
2020-04-24,Uttarakhand,39.2,33.85632,5.3436805725097685,5.3436805725097685
2020-04-25,Uttarakhand,36.4,38.116573,-1.7165733337402358,1.7165733337402358
2020-04-26,Uttarakhand,45.8,37.40962,8.39038162231445,8.39038162231445
2020-04-27,Uttarakhand,46.6,43.30129,3.2987113952636733,3.2987113952636733
2020-04-28,Uttarakhand,47.5,43.399273,4.100727081298828,4.100727081298828
2020-04-29,Uttarakhand,42.1,46.302425,-4.202425384521483,4.202425384521483
2020-04-30,Uttarakhand,41.9,41.332882,0.5671180725097642,0.5671180725097642
2020-05-01,Uttarakhand,46.1,41.130833,4.969167327880861,4.969167327880861
2020-05-02,Uttarakhand,42.7,44.037563,-1.3375633239746065,1.3375633239746065
2020-05-03,Uttarakhand,21.2,41.44037,-20.24036865234375,20.24036865234375
2020-05-04,Uttarakhand,22.3,25.15186,-2.851859283447265,2.851859283447265
2020-05-05,Uttarakhand,25.3,25.61216,-0.31215972900390554,0.31215972900390554
2020-05-13,Uttarakhand,25.3,27.928526,-2.6285259246826165,2.6285259246826165
2020-05-14,Uttarakhand,22.7,28.058718,-5.3587177276611335,5.3587177276611335
2020-05-15,Uttarakhand,26.5,27.589945,-1.089944839477539,1.089944839477539
2020-05-16,Uttarakhand,28.0,28.746157,-0.7461566925048828,0.7461566925048828
2020-05-17,Uttarakhand,38.3,32.489964,5.8100364685058565,5.8100364685058565
2020-05-18,Uttarakhand,39.3,38.221848,1.0781524658203097,1.0781524658203097
2020-05-19,Uttarakhand,39.3,39.107304,0.19269638061523153,0.19269638061523153
2020-05-20,Uttarakhand,39.4,39.03315,0.36685028076171733,0.36685028076171733
2020-05-21,Uttarakhand,40.1,37.731968,2.368032073974611,2.368032073974611
2020-05-22,Uttarakhand,39.2,38.50111,0.698889923095706,0.698889923095706
2020-05-23,Uttarakhand,35.6,36.924038,-1.324037933349608,1.324037933349608
2020-06-01,Uttarakhand,33.0,35.653194,-2.6531944274902344,2.6531944274902344
2020-06-02,Uttarakhand,35.0,33.35305,1.6469497680664062,1.6469497680664062
2020-06-03,Uttarakhand,35.4,36.142887,-0.742887115478517,0.742887115478517
2020-06-04,Uttarakhand,35.3,36.142887,-0.8428871154785185,0.8428871154785185
2020-06-05,Uttarakhand,36.1,35.85166,0.24833831787109517,0.24833831787109517
2020-07-01,Uttarakhand,35.0,37.082905,-2.082904815673828,2.082904815673828
2020-07-02,Uttarakhand,32.1,35.814884,-3.714884185791014,3.714884185791014
2020-07-03,Uttarakhand,41.1,33.732285,7.367715454101564,7.367715454101564
2020-07-04,Uttarakhand,43.9,39.805138,4.094862365722655,4.094862365722655
2020-07-05,Uttarakhand,41.1,41.61077,-0.5107711791992173,0.5107711791992173
2020-08-01,Uttarakhand,42.8,40.041313,2.7586868286132784,2.7586868286132784
2020-08-02,Uttarakhand,42.7,41.24508,1.454920959472659,1.454920959472659
2020-08-03,Uttarakhand,39.6,41.17317,-1.5731681823730455,1.5731681823730455
2020-08-04,Uttarakhand,38.0,38.814163,-0.8141632080078125,0.8141632080078125
2020-08-05,Uttarakhand,33.8,38.245182,-4.4451820373535185,4.4451820373535185
2020-09-01,Uttarakhand,35.0,35.90243,-0.9024314880371094,0.9024314880371094
2020-09-02,Uttarakhand,35.1,36.006683,-0.9066833496093736,0.9066833496093736
2020-09-03,Uttarakhand,34.8,36.006683,-1.2066833496093778,1.2066833496093778
2020-09-04,Uttarakhand,32.9,35.909317,-3.009317016601564,3.009317016601564
2020-09-05,Uttarakhand,34.6,34.029152,0.5708480834960952,0.5708480834960952
2020-10-01,Uttarakhand,33.8,35.28443,-1.484431457519534,1.484431457519534
2020-10-02,Uttarakhand,46.5,35.574192,10.92580795288086,10.92580795288086
2020-10-03,Uttarakhand,45.4,43.027782,2.3722175598144517,2.3722175598144517
2020-10-04,Uttarakhand,47.0,41.941235,5.058765411376953,5.058765411376953
2020-10-05,Uttarakhand,45.2,44.194923,1.0050765991210966,1.0050765991210966
2020-11-01,Uttarakhand,45.1,40.284843,4.815156555175783,4.815156555175783
2020-11-02,Uttarakhand,44.2,42.08114,2.118861389160159,2.118861389160159
2020-11-03,Uttarakhand,42.2,41.645966,0.5540344238281278,0.5540344238281278
2020-11-04,Uttarakhand,34.1,40.24453,-6.144529724121092,6.144529724121092
2020-11-05,Uttarakhand,35.6,35.537327,0.0626731872558608,0.0626731872558608
2020-12-01,Uttarakhand,36.5,36.454823,0.045177459716796875,0.045177459716796875
2020-12-02,Uttarakhand,37.0,37.1242,-0.12419891357421875,0.12419891357421875
2020-12-03,Uttarakhand,37.8,37.373352,0.42664794921874716,0.42664794921874716
2020-12-04,Uttarakhand,38.2,38.196915,0.003085327148440342,0.003085327148440342
2020-12-05,Uttarakhand,35.2,37.899403,-2.6994026184082003,2.6994026184082003
2020-02-28,West Bengal,191.8,189.10329,2.696713256835949,2.696713256835949
2020-02-29,West Bengal,176.8,186.58656,-9.786563110351551,9.786563110351551
2020-03-01,West Bengal,106.4,152.74416,-46.34415588378906,46.34415588378906
2020-03-02,West Bengal,109.1,115.12371,-6.023710632324224,6.023710632324224
2020-03-03,West Bengal,106.8,113.795746,-6.995745849609378,6.995745849609378
2020-03-04,West Bengal,109.6,114.71729,-5.117292785644537,5.117292785644537
2020-03-05,West Bengal,110.9,115.120926,-4.220925903320307,4.220925903320307
2020-03-13,West Bengal,110.0,108.62547,1.3745269775390625,1.3745269775390625
2020-03-14,West Bengal,103.3,114.12933,-10.829333496093753,10.829333496093753
2020-03-15,West Bengal,177.9,133.01204,44.88796081542969,44.88796081542969
2020-03-16,West Bengal,161.8,169.91626,-8.116259765624989,8.116259765624989
2020-03-17,West Bengal,144.9,158.35623,-13.45623168945312,13.45623168945312
2020-03-18,West Bengal,164.1,144.30956,19.790444946289057,19.790444946289057
2020-03-19,West Bengal,170.8,160.17023,10.629772949218761,10.629772949218761
2020-03-20,West Bengal,168.6,167.83296,0.7670379638671818,0.7670379638671818
2020-03-21,West Bengal,164.9,165.68585,-0.7858520507812443,0.7858520507812443
2020-03-22,West Bengal,140.1,140.70334,-0.6033386230468807,0.6033386230468807
2020-03-23,West Bengal,134.7,133.03093,1.6690704345703011,1.6690704345703011
2020-03-24,West Bengal,139.9,128.10919,11.790808105468756,11.790808105468756
2020-03-25,West Bengal,136.4,132.08861,4.311392211914068,4.311392211914068
2020-03-26,West Bengal,124.2,129.37883,-5.178829956054685,5.178829956054685
2020-03-27,West Bengal,137.3,119.12837,18.1716278076172,18.1716278076172
2020-03-28,West Bengal,142.5,141.30814,1.191864013671875,1.191864013671875
2020-03-29,West Bengal,125.0,154.11674,-29.116744995117188,29.116744995117188
2020-03-30,West Bengal,128.1,127.201324,0.8986755371093693,0.8986755371093693
2020-03-31,West Bengal,125.3,132.64085,-7.34085388183594,7.34085388183594
2020-04-01,West Bengal,118.6,124.733185,-6.133184814453131,6.133184814453131
2020-04-02,West Bengal,117.2,122.67928,-5.479283142089841,5.479283142089841
2020-04-03,West Bengal,99.6,120.384674,-20.78467407226563,20.78467407226563
2020-04-04,West Bengal,91.1,108.31749,-17.217489624023443,17.217489624023443
2020-04-05,West Bengal,119.2,94.60612,24.593882751464847,24.593882751464847
2020-04-13,West Bengal,120.3,119.00491,1.2950866699218722,1.2950866699218722
2020-04-14,West Bengal,121.8,122.58579,-0.7857925415039091,0.7857925415039091
2020-04-15,West Bengal,123.3,127.128494,-3.8284942626953153,3.8284942626953153
2020-04-16,West Bengal,126.7,127.37697,-0.6769683837890597,0.6769683837890597
2020-04-17,West Bengal,129.0,125.97649,3.0235137939453125,3.0235137939453125
2020-04-18,West Bengal,121.8,128.16566,-6.365664672851565,6.365664672851565
2020-04-19,West Bengal,123.7,132.12544,-8.42544250488281,8.42544250488281
2020-04-20,West Bengal,129.7,132.17538,-2.4753845214843864,2.4753845214843864
2020-04-21,West Bengal,132.3,132.10019,0.19981079101563637,0.19981079101563637
2020-04-22,West Bengal,129.6,136.50984,-6.909841918945318,6.909841918945318
2020-04-23,West Bengal,131.0,130.57571,0.424285888671875,0.424285888671875
2020-04-24,West Bengal,124.0,134.45316,-10.453155517578125,10.453155517578125
2020-04-25,West Bengal,111.6,130.48332,-18.883322143554693,18.883322143554693
2020-04-26,West Bengal,152.9,116.38126,36.51873626708985,36.51873626708985
2020-04-27,West Bengal,167.4,147.36858,20.031423950195318,20.031423950195318
2020-04-28,West Bengal,155.0,164.52351,-9.523513793945312,9.523513793945312
2020-04-29,West Bengal,155.6,149.52953,6.070474243164057,6.070474243164057
2020-04-30,West Bengal,160.6,147.98244,12.617562866210932,12.617562866210932
2020-05-01,West Bengal,166.4,156.8937,9.50629272460938,9.50629272460938
2020-05-02,West Bengal,174.5,165.42207,9.077926635742188,9.077926635742188
2020-05-03,West Bengal,103.2,167.89417,-64.6941650390625,64.6941650390625
2020-05-04,West Bengal,120.1,114.67424,5.425759887695307,5.425759887695307
2020-05-05,West Bengal,127.0,120.13543,6.864570617675781,6.864570617675781
2020-05-13,West Bengal,107.4,124.78955,-17.389550781249994,17.389550781249994
2020-05-14,West Bengal,116.0,115.93797,0.0620269775390625,0.0620269775390625
2020-05-15,West Bengal,112.9,116.00232,-3.1023193359374943,3.1023193359374943
2020-05-16,West Bengal,130.7,115.511826,15.188174438476551,15.188174438476551
2020-05-17,West Bengal,113.4,136.50996,-23.109963989257807,23.109963989257807
2020-05-18,West Bengal,121.4,120.859924,0.5400756835937557,0.5400756835937557
2020-05-19,West Bengal,119.9,121.68717,-1.7871719360351506,1.7871719360351506
2020-05-20,West Bengal,120.7,125.02512,-4.325123596191403,4.325123596191403
2020-05-21,West Bengal,121.4,125.56174,-4.161737060546869,4.161737060546869
2020-05-22,West Bengal,120.2,128.76126,-8.561260986328122,8.561260986328122
2020-05-23,West Bengal,111.2,125.349205,-14.149205017089841,14.149205017089841
2020-06-01,West Bengal,108.5,133.97195,-25.471954345703125,25.471954345703125
2020-06-02,West Bengal,110.9,125.15434,-14.254342651367182,14.254342651367182
2020-06-03,West Bengal,110.1,123.126755,-13.026754760742193,13.026754760742193
2020-06-04,West Bengal,110.4,125.75365,-15.353646850585932,15.353646850585932
2020-06-05,West Bengal,110.8,124.31407,-13.51407165527344,13.51407165527344
2020-07-01,West Bengal,114.1,130.57243,-16.472433471679693,16.472433471679693
2020-07-02,West Bengal,107.6,125.6898,-18.089796447753912,18.089796447753912
2020-07-03,West Bengal,171.8,133.43163,38.368374633789074,38.368374633789074
2020-07-04,West Bengal,178.4,170.58778,7.812216186523443,7.812216186523443
2020-07-05,West Bengal,172.2,179.65039,-7.450390625000011,7.450390625000011
2020-08-01,West Bengal,171.8,168.6887,3.111294555664074,3.111294555664074
2020-08-02,West Bengal,170.8,170.69086,0.10914306640626137,0.10914306640626137
2020-08-03,West Bengal,168.4,170.96947,-2.569467163085932,2.569467163085932
2020-08-04,West Bengal,153.1,168.68958,-15.589575195312506,15.589575195312506
2020-08-05,West Bengal,120.1,133.0864,-12.98639526367188,12.98639526367188
2020-09-01,West Bengal,115.5,118.92957,-3.4295730590820312,3.4295730590820312
2020-09-02,West Bengal,111.4,119.192795,-7.792794799804682,7.792794799804682
2020-09-03,West Bengal,115.5,115.788795,-0.28879547119140625,0.28879547119140625
2020-09-04,West Bengal,114.0,119.11553,-5.115531921386719,5.115531921386719
2020-09-05,West Bengal,109.7,117.169044,-7.469044494628903,7.469044494628903
2020-10-01,West Bengal,104.9,115.46645,-10.566453552246088,10.566453552246088
2020-10-02,West Bengal,167.6,122.71807,44.881929016113276,44.881929016113276
2020-10-03,West Bengal,164.7,168.094,-3.3939941406250114,3.3939941406250114
2020-10-04,West Bengal,164.8,162.30945,2.4905517578125114,2.4905517578125114
2020-10-05,West Bengal,176.1,162.42271,13.677285766601557,13.677285766601557
2020-11-01,West Bengal,177.9,168.60771,9.292288208007818,9.292288208007818
2020-11-02,West Bengal,161.8,170.66315,-8.863146972656239,8.863146972656239
2020-11-03,West Bengal,144.9,157.01935,-12.119348144531244,12.119348144531244
2020-11-04,West Bengal,145.8,133.59213,12.207867431640636,12.207867431640636
2020-11-05,West Bengal,168.7,142.46562,26.2343780517578,26.2343780517578
2020-12-01,West Bengal,172.6,165.48093,7.119073486328119,7.119073486328119
2020-12-02,West Bengal,174.4,158.10353,16.296469116210943,16.296469116210943
2020-12-03,West Bengal,169.8,165.98592,3.814083862304699,3.814083862304699
2020-12-04,West Bengal,145.5,166.51396,-21.013961791992188,21.013961791992188
2020-12-05,West Bengal,110.4,141.89217,-31.492166137695307,31.492166137695307
